Age,Gender,Married,Dependents,Education,Employment_Type,Monthly_Income,Monthly_Expenses,Existing_EMI,Savings,Credit_Score,Credit_History,Loan_Type,Loan_Amount,Loan_Tenure,Property_Area,Debt_Ratio,Savings_Ratio,Financial_Score,Loan_Status
28,Male,No,1,Graduate,Private,213061,18434,44348,1153716,389,1,Personal,349957,60,Urban,0.29,5.41,57.8,Approved
35,Male,Yes,4,Not Graduate,Private,137757,82236,18231,23628,463,1,Vehicle,2430953,120,Urban,0.73,0.17,34.55,Rejected
42,Male,Yes,3,Graduate,Business,242165,95165,39565,564740,344,1,Personal,3275376,60,Rural,0.56,2.33,42.95,Approved
39,Female,Yes,0,Graduate,Private,222655,42930,5229,498197,403,1,Vehicle,3903481,180,Urban,0.22,2.24,54.8,Approved
44,Female,Yes,2,Graduate,Private,160021,37087,10708,979429,688,1,Home,2820280,60,Urban,0.3,6.12,70.26,Approved
23,Female,No,2,Graduate,Private,168682,99098,20622,455910,811,1,Education,1298493,180,Urban,0.71,2.7,56.91,Approved
36,Female,No,4,Not Graduate,Business,77493,14065,16696,1044977,393,0,Personal,1382125,120,Rural,0.4,13.48,58.66,Rejected
48,Male,No,3,Not Graduate,Business,165024,6504,7507,1439650,849,1,Vehicle,1035767,180,Semiurban,0.08,8.72,89.23,Approved
31,Female,Yes,2,Graduate,Government,248201,83235,55159,1349974,819,0,Home,3236616,120,Rural,0.56,5.44,70.48,Approved
54,Male,No,3,Graduate,Government,115153,62587,27252,654903,545,0,Home,4859334,60,Urban,0.78,5.69,46.8,Rejected
52,Male,Yes,1,Not Graduate,Private,89483,39581,19876,897384,516,0,Vehicle,3446989,180,Semiurban,0.66,10.03,56.58,Rejected
54,Female,Yes,1,Graduate,Government,108627,6378,19277,1171657,535,0,Personal,695533,60,Urban,0.24,10.79,71.04,Approved
25,Male,No,0,Graduate,Business,195368,68624,14040,1140855,435,1,Home,4067584,240,Urban,0.42,5.84,56.13,Approved
27,Male,No,2,Not Graduate,Self Employed,142427,12100,6449,137113,712,1,Personal,2185880,120,Urban,0.13,0.96,65.36,Approved
55,Female,Yes,3,Graduate,Business,141275,37742,4940,939312,863,0,Personal,4634780,60,Urban,0.3,6.65,78.24,Approved
36,Male,No,3,Not Graduate,Private,246662,110130,59142,132967,468,1,Personal,3375095,180,Semiurban,0.69,0.54,41.16,Rejected
39,Female,No,1,Graduate,Business,77068,8832,18978,1147065,362,1,Personal,520624,300,Semiurban,0.36,14.88,58.35,Approved
53,Male,Yes,4,Graduate,Private,37962,7226,3853,856778,422,0,Personal,787726,240,Rural,0.29,22.57,61.52,Rejected
58,Female,No,1,Not Graduate,Private,89629,30938,4288,1418636,607,1,Vehicle,708535,60,Semiurban,0.39,15.83,68.77,Approved
60,Male,Yes,4,Graduate,Business,54722,16436,1127,522301,678,1,Home,3775758,300,Rural,0.32,9.54,71.78,Approved
40,Male,No,0,Graduate,Business,50258,8507,12163,1170194,459,1,Vehicle,1866889,180,Urban,0.41,23.28,60.07,Rejected
37,Female,No,0,Graduate,Self Employed,237408,77530,2889,17435,641,0,Vehicle,1455447,240,Rural,0.34,0.07,57.97,Rejected
48,Male,Yes,0,Graduate,Government,238784,101787,38175,1168729,451,1,Home,450885,180,Semiurban,0.59,4.89,51.8,Approved
23,Female,Yes,1,Graduate,Business,224502,78385,26632,1311621,458,0,Home,1585222,240,Urban,0.47,5.84,56.99,Rejected
32,Female,No,1,Not Graduate,Private,226405,96917,7084,812248,339,1,Home,1774138,240,Semiurban,0.46,3.59,47.52,Approved
40,Male,Yes,0,Graduate,Self Employed,106051,23258,2274,595367,659,1,Vehicle,331530,60,Semiurban,0.24,5.61,67.54,Approved
32,Female,Yes,0,Not Graduate,Business,210983,108078,20557,925184,823,0,Education,4936771,120,Semiurban,0.61,4.39,65.5,Rejected
23,Female,Yes,4,Graduate,Business,133062,14171,21639,1316851,621,0,Vehicle,4354051,180,Rural,0.27,9.9,74.64,Approved
47,Female,No,2,Graduate,Private,130217,54695,22194,374961,882,1,Education,4696430,60,Semiurban,0.59,2.88,62.45,Approved
39,Male,No,4,Not Graduate,Self Employed,135811,62954,14005,1082009,784,0,Personal,2480572,300,Rural,0.57,7.97,69.21,Approved
60,Female,Yes,1,Not Graduate,Private,231435,57200,9656,61223,347,0,Education,710927,240,Semiurban,0.29,0.26,46.54,Rejected
57,Male,No,3,Not Graduate,Private,58684,26497,11266,21628,409,1,Home,1575444,300,Semiurban,0.64,0.37,31.96,Rejected
24,Male,Yes,3,Graduate,Self Employed,195001,74616,36629,1258754,624,1,Education,4695883,240,Urban,0.57,6.46,61.33,Approved
51,Female,No,1,Not Graduate,Self Employed,184298,36358,17996,932479,379,1,Home,2379311,180,Semiurban,0.29,5.06,55.49,Approved
55,Male,Yes,1,Graduate,Self Employed,201914,25028,46295,458691,365,1,Education,2875634,300,Semiurban,0.35,2.27,48.25,Approved
47,Male,Yes,3,Not Graduate,Government,244587,104714,31259,22364,660,1,Education,3615005,300,Rural,0.56,0.09,52.62,Approved
55,Male,No,1,Not Graduate,Self Employed,147308,8804,25484,714914,714,0,Education,1170619,300,Rural,0.23,4.85,70.35,Approved
22,Female,Yes,0,Not Graduate,Private,247239,126031,11909,115454,566,1,Vehicle,1875535,240,Semiurban,0.56,0.47,49.24,Rejected
42,Female,No,3,Not Graduate,Government,143288,7540,35351,119231,658,0,Personal,437709,60,Urban,0.3,0.83,57.66,Rejected
33,Male,Yes,1,Graduate,Self Employed,195494,19993,36960,467104,776,1,Vehicle,1507517,300,Rural,0.29,2.39,68.35,Approved
28,Male,No,0,Graduate,Business,170941,93781,24596,841844,503,0,Home,954810,180,Rural,0.69,4.92,48.27,Rejected
59,Male,Yes,2,Not Graduate,Business,38076,21579,5590,36533,730,1,Personal,3736657,180,Rural,0.71,0.96,44.48,Rejected
50,Male,No,1,Not Graduate,Self Employed,141863,62091,17589,685921,551,0,Vehicle,3881601,120,Semiurban,0.56,4.84,52.98,Rejected
57,Female,No,0,Not Graduate,Business,67668,36952,6950,754121,564,1,Vehicle,2417508,300,Urban,0.65,11.14,58.31,Rejected
54,Male,Yes,1,Not Graduate,Self Employed,165536,36499,31201,1364556,802,1,Personal,880588,180,Urban,0.41,8.24,76.48,Approved
46,Male,No,4,Not Graduate,Self Employed,165089,74588,22528,902346,863,1,Vehicle,3906291,180,Semiurban,0.59,5.47,68.24,Approved
37,Male,Yes,1,Not Graduate,Government,214741,75236,49950,1457377,489,0,Home,4161752,180,Rural,0.58,6.79,56.41,Rejected
58,Female,Yes,1,Not Graduate,Private,114602,16759,9904,39671,846,0,Vehicle,481813,60,Rural,0.23,0.35,65.9,Approved
39,Male,No,0,Graduate,Business,143049,67746,28866,724512,488,0,Vehicle,4107482,60,Urban,0.68,5.06,47.28,Rejected
46,Female,Yes,4,Graduate,Private,59111,31579,9221,647189,387,0,Personal,4781455,240,Rural,0.69,10.95,48.86,Rejected
59,Male,No,3,Not Graduate,Business,245487,117415,20013,1202502,361,0,Home,1870207,180,Rural,0.56,4.9,48.87,Rejected
26,Male,Yes,1,Graduate,Private,20701,8346,3690,1455716,781,1,Personal,2041763,180,Rural,0.58,70.32,68.1,Approved
39,Female,Yes,1,Not Graduate,Private,131447,20043,14733,1368188,452,1,Home,699029,60,Urban,0.26,10.41,67.41,Approved
40,Female,No,0,Not Graduate,Business,203430,57757,17841,1059566,852,1,Education,774795,300,Urban,0.37,5.21,75.27,Approved
48,Female,No,0,Graduate,Private,196763,114570,37696,1241286,321,1,Personal,1569606,240,Rural,0.77,6.31,41.54,Approved
49,Female,Yes,4,Not Graduate,Self Employed,43918,20401,5700,866368,641,1,Personal,1449096,180,Semiurban,0.59,19.73,62.42,Rejected
52,Female,No,4,Graduate,Self Employed,43084,15306,4135,687954,418,1,Personal,4651604,240,Semiurban,0.45,15.97,56.76,Rejected
24,Male,No,4,Not Graduate,Self Employed,219226,11764,13340,570057,862,0,Vehicle,3775184,240,Urban,0.11,2.6,78.85,Approved
22,Male,Yes,2,Graduate,Self Employed,44434,12362,1858,977726,420,0,Education,2548312,300,Rural,0.32,22.0,60.84,Rejected
38,Female,No,3,Graduate,Self Employed,164510,23958,25138,409738,820,0,Personal,2417331,240,Semiurban,0.3,2.49,69.05,Approved
53,Female,Yes,2,Not Graduate,Self Employed,246822,43953,29264,1139485,795,1,Vehicle,4729818,300,Semiurban,0.3,4.62,75.54,Approved
50,Female,Yes,1,Not Graduate,Private,244398,112682,2860,677264,784,1,Education,1375951,240,Urban,0.47,2.77,65.98,Approved
29,Female,Yes,3,Graduate,Self Employed,24023,7361,3358,1383175,458,0,Education,2323172,180,Rural,0.45,57.58,57.93,Rejected
46,Male,No,4,Not Graduate,Business,184311,99203,31978,1144592,336,0,Home,2510709,120,Rural,0.71,6.21,43.37,Rejected
26,Female,Yes,0,Not Graduate,Private,201928,44251,1897,106450,632,0,Vehicle,3107008,180,Semiurban,0.23,0.53,60.36,Rejected
30,Male,No,4,Graduate,Private,65893,10175,12535,1309626,546,1,Home,2047737,240,Rural,0.34,19.88,66.56,Approved
37,Female,No,0,Not Graduate,Business,197631,76643,10353,164899,752,1,Vehicle,3659361,180,Semiurban,0.44,0.83,59.79,Approved
40,Male,No,3,Graduate,Private,119972,52049,18835,630489,602,0,Education,2402508,60,Rural,0.59,5.26,54.34,Approved
24,Female,No,1,Not Graduate,Private,186885,29920,40690,535602,440,0,Personal,2691516,240,Urban,0.38,2.87,51.43,Rejected
58,Female,Yes,0,Not Graduate,Business,215947,59460,11510,431097,435,1,Vehicle,1480298,180,Semiurban,0.33,2.0,52.1,Approved
39,Female,Yes,3,Graduate,Private,217696,34571,44323,1424332,706,1,Personal,3409931,60,Semiurban,0.36,6.54,72.3,Approved
55,Male,No,2,Not Graduate,Self Employed,235591,102379,7100,1425234,539,1,Personal,4809426,180,Rural,0.46,6.05,61.54,Approved
35,Male,No,2,Not Graduate,Government,56641,6485,609,648298,804,0,Personal,2069645,300,Urban,0.13,11.45,84.24,Approved
45,Female,No,4,Not Graduate,Private,128759,17978,27318,1036235,717,1,Personal,3208230,120,Semiurban,0.35,8.05,72.56,Approved
49,Male,No,0,Not Graduate,Business,35872,18046,4520,408057,425,1,Personal,1879272,300,Urban,0.63,11.38,51.45,Rejected
24,Female,Yes,1,Graduate,Government,237531,59305,38429,462882,538,1,Home,123786,180,Urban,0.41,1.95,54.97,Rejected
29,Female,Yes,0,Graduate,Private,23895,10869,1949,1244914,631,0,Home,2326064,60,Urban,0.54,52.1,62.91,Rejected
47,Male,Yes,3,Not Graduate,Business,154542,82812,7146,957924,815,0,Personal,4474249,180,Semiurban,0.58,6.2,67.34,Approved
22,Male,No,3,Not Graduate,Government,148521,63138,4816,179429,629,0,Personal,1158571,180,Rural,0.46,1.21,52.59,Rejected
58,Female,No,4,Not Graduate,Self Employed,152527,84354,28193,217992,417,0,Education,3887917,120,Semiurban,0.74,1.43,35.36,Rejected
42,Female,No,3,Graduate,Business,131873,45963,16704,794966,456,1,Personal,865248,60,Urban,0.48,6.03,53.34,Approved
48,Male,No,1,Graduate,Business,195639,21021,26922,751548,733,0,Vehicle,2721011,180,Urban,0.25,3.84,70.73,Approved
57,Male,Yes,3,Graduate,Government,111780,60402,18227,780831,417,1,Home,3699655,300,Rural,0.7,6.99,45.87,Rejected
60,Male,No,0,Graduate,Business,204208,104930,20249,722663,659,0,Home,1301680,300,Rural,0.61,3.54,56.14,Rejected
46,Male,Yes,0,Graduate,Private,118617,60028,14865,724910,461,1,Vehicle,2821120,300,Rural,0.63,6.11,48.51,Approved
26,Male,Yes,1,Graduate,Government,91330,34039,21690,899223,797,1,Education,2391489,120,Rural,0.61,9.85,70.46,Approved
28,Female,No,0,Not Graduate,Self Employed,158132,92442,20212,105247,525,1,Personal,164483,120,Semiurban,0.71,0.67,39.62,Rejected
34,Male,No,2,Not Graduate,Government,22026,13149,3527,378458,432,1,Home,4296504,300,Rural,0.76,17.18,47.37,Rejected
43,Male,No,0,Not Graduate,Government,140521,15205,20516,1217454,739,1,Education,2528629,60,Semiurban,0.25,8.66,78.17,Approved
22,Female,Yes,4,Not Graduate,Business,43102,19310,1734,520271,746,1,Personal,3419931,180,Rural,0.49,12.07,70.23,Approved
42,Male,No,1,Graduate,Government,159094,71840,12707,742693,659,0,Home,962386,120,Semiurban,0.53,4.67,59.05,Rejected
33,Male,Yes,0,Graduate,Self Employed,141622,78889,29419,1438440,878,1,Vehicle,1366322,240,Urban,0.76,10.16,71.74,Approved
51,Female,No,2,Graduate,Business,152995,14724,20342,978344,762,0,Personal,3193195,180,Urban,0.23,6.39,75.9,Approved
26,Female,No,4,Graduate,Self Employed,232288,54345,21071,1278789,787,0,Personal,3879261,60,Semiurban,0.32,5.51,75.54,Approved
26,Male,Yes,1,Not Graduate,Self Employed,157381,73517,10403,773149,681,1,Education,3529006,180,Rural,0.53,4.91,60.39,Approved
59,Male,No,0,Not Graduate,Government,166266,93916,25333,605899,558,0,Vehicle,783688,300,Rural,0.72,3.64,47.22,Rejected
30,Female,No,3,Graduate,Government,101155,41629,12343,1359503,636,0,Personal,3651790,300,Semiurban,0.53,13.44,66.31,Rejected
22,Female,No,1,Graduate,Business,220843,68736,12583,485095,440,0,Personal,2581283,60,Rural,0.37,2.2,51.74,Rejected
55,Male,No,4,Graduate,Self Employed,60436,10316,2962,1463002,469,1,Personal,3546531,180,Rural,0.22,24.21,66.67,Approved
36,Female,No,3,Graduate,Private,101125,57993,15368,416881,676,1,Education,2463672,240,Rural,0.73,4.12,50.57,Approved
54,Female,Yes,1,Graduate,Business,33678,15505,7873,788488,867,0,Personal,2491281,60,Urban,0.69,23.41,69.06,Rejected
38,Female,Yes,3,Graduate,Private,234093,123260,57975,743133,327,1,Personal,3425696,300,Semiurban,0.77,3.17,37.02,Rejected
36,Female,Yes,2,Graduate,Government,103541,11493,23419,1373066,643,0,Home,421310,180,Semiurban,0.34,13.26,72.6,Approved
29,Female,No,4,Graduate,Government,24981,9193,1766,323565,861,1,Personal,2516771,120,Semiurban,0.44,12.95,76.11,Approved
28,Male,Yes,3,Not Graduate,Government,49060,21378,9776,1134186,316,0,Home,2543366,240,Urban,0.64,23.12,46.96,Rejected
60,Female,Yes,4,Not Graduate,Private,194160,92584,5610,1107826,669,0,Personal,3375363,240,Urban,0.51,5.71,63.74,Approved
45,Female,No,0,Not Graduate,Government,110387,20802,24017,1388047,406,1,Home,471914,180,Rural,0.41,12.57,60.28,Approved
42,Male,No,3,Graduate,Private,36541,19997,605,625393,506,0,Home,451532,180,Semiurban,0.56,17.11,57.04,Rejected
53,Female,No,2,Graduate,Private,95002,28394,1566,1385168,639,1,Personal,3187168,240,Semiurban,0.32,14.58,72.74,Approved
49,Female,No,1,Not Graduate,Self Employed,116297,65575,26125,1099000,573,0,Education,762087,240,Rural,0.79,9.45,55.36,Rejected
32,Female,No,0,Graduate,Business,193256,43750,20086,945153,736,0,Education,3048989,240,Urban,0.33,4.89,70.31,Approved
43,Female,No,0,Graduate,Self Employed,115239,38625,26250,1434827,463,0,Home,3775660,60,Urban,0.56,12.45,58.3,Rejected
25,Male,No,2,Not Graduate,Government,178621,25111,44503,953556,679,1,Education,744961,300,Urban,0.39,5.34,66.31,Approved
54,Female,No,2,Not Graduate,Private,49739,5849,12053,400171,811,1,Personal,2295941,180,Rural,0.36,8.05,73.33,Approved
49,Male,No,3,Graduate,Government,55580,32945,1213,958002,476,1,Personal,2780896,180,Rural,0.61,17.24,54.94,Rejected
25,Female,No,1,Graduate,Business,153367,34391,7953,431486,442,0,Education,320486,180,Rural,0.28,2.81,53.12,Rejected
57,Female,No,4,Graduate,Government,37235,15134,6523,1013833,838,1,Education,4922615,60,Urban,0.58,27.23,71.28,Approved
41,Male,No,3,Not Graduate,Private,237331,52700,50317,280601,743,0,Personal,4446155,120,Semiurban,0.43,1.18,61.86,Rejected
31,Male,No,1,Not Graduate,Business,241756,25672,16423,421674,864,1,Home,2640276,300,Rural,0.17,1.74,76.34,Approved
26,Male,Yes,1,Not Graduate,Government,236330,12437,5323,105340,890,1,Home,4899434,240,Rural,0.08,0.45,77.65,Approved
22,Female,No,2,Not Graduate,Private,230944,111454,19492,961150,374,0,Home,3787678,240,Semiurban,0.57,4.16,47.17,Rejected
50,Male,No,4,Graduate,Business,245833,88706,48116,734294,708,0,Vehicle,4419966,300,Urban,0.56,2.99,60.58,Approved
41,Male,No,0,Not Graduate,Self Employed,84990,14232,3172,116126,597,1,Education,2182642,120,Semiurban,0.2,1.37,56.52,Rejected
57,Female,Yes,1,Not Graduate,Self Employed,150746,45441,32595,58604,392,1,Education,2119378,120,Rural,0.52,0.39,38.7,Rejected
43,Male,Yes,2,Not Graduate,Self Employed,94907,40172,267,235437,741,0,Vehicle,3168365,240,Semiurban,0.43,2.48,58.91,Rejected
23,Female,Yes,4,Graduate,Business,165024,42827,4818,820232,816,1,Vehicle,1096659,120,Urban,0.29,4.97,74.15,Approved
46,Female,No,4,Not Graduate,Private,72181,38365,13152,1058739,341,0,Personal,1249544,180,Semiurban,0.71,14.67,46.63,Rejected
54,Female,Yes,4,Graduate,Business,180712,46750,10649,834085,606,1,Education,4822150,180,Semiurban,0.32,4.62,63.86,Approved
22,Female,No,0,Not Graduate,Business,228864,11985,39119,1005287,571,0,Personal,4994948,240,Urban,0.22,4.39,66.62,Rejected
54,Female,Yes,1,Graduate,Government,70012,6241,14451,667860,728,0,Education,1810367,240,Rural,0.3,9.54,75.37,Approved
60,Female,Yes,1,Graduate,Business,193598,67701,34437,800258,621,0,Education,4572193,180,Rural,0.53,4.13,57.78,Rejected
43,Female,No,1,Graduate,Business,166299,44124,14736,634142,595,0,Education,2759530,240,Semiurban,0.35,3.81,60.1,Rejected
56,Female,No,0,Not Graduate,Self Employed,234532,95474,50663,317182,597,0,Vehicle,762946,180,Semiurban,0.62,1.35,49.93,Rejected
37,Female,Yes,1,Not Graduate,Business,55985,8579,10087,1240672,545,0,Personal,4554698,120,Rural,0.33,22.16,66.46,Rejected
35,Male,Yes,3,Not Graduate,Self Employed,46357,27321,2252,20866,863,0,Education,4090457,240,Rural,0.64,0.45,51.97,Rejected
33,Female,No,2,Graduate,Government,190996,80252,15218,1132295,338,0,Education,1574622,60,Semiurban,0.5,5.93,49.52,Rejected
52,Male,No,0,Graduate,Business,168887,84007,7032,712634,591,1,Education,1225750,300,Semiurban,0.54,4.22,55.29,Approved
38,Male,Yes,2,Graduate,Self Employed,189944,38720,47094,400487,314,1,Vehicle,4862894,120,Urban,0.45,2.11,42.22,Rejected
60,Female,No,4,Not Graduate,Government,125076,17502,6054,304884,788,1,Home,157295,180,Semiurban,0.19,2.44,69.25,Approved
36,Female,No,2,Not Graduate,Government,88564,47839,11781,1462841,541,0,Personal,4004016,180,Urban,0.67,16.52,57.39,Rejected
46,Female,Yes,2,Not Graduate,Private,77443,13753,15669,331253,765,1,Education,4707312,240,Rural,0.38,4.28,64.25,Approved
34,Male,Yes,4,Not Graduate,Business,40474,23486,1838,139516,860,0,Home,1480237,180,Rural,0.63,3.45,57.96,Rejected
49,Male,Yes,4,Not Graduate,Government,153791,63390,3646,960916,435,1,Education,4830429,60,Rural,0.44,6.25,54.9,Approved
50,Female,Yes,3,Not Graduate,Government,215508,33560,37900,163154,346,1,Vehicle,634856,300,Urban,0.33,0.76,45.56,Approved
25,Female,Yes,2,Not Graduate,Private,221581,22750,50189,1355375,730,1,Education,3862602,240,Semiurban,0.33,6.12,73.67,Approved
26,Male,No,0,Graduate,Self Employed,158632,21691,14594,17284,323,1,Education,4667138,240,Rural,0.23,0.11,44.06,Rejected
45,Male,Yes,3,Not Graduate,Private,92259,17352,3697,77564,729,0,Home,1828737,60,Urban,0.23,0.84,60.93,Approved
59,Male,No,4,Graduate,Private,214128,10798,26362,930571,539,0,Personal,1275542,300,Semiurban,0.17,4.35,66.01,Rejected
35,Female,No,1,Not Graduate,Private,193070,73321,14486,877298,607,1,Personal,4770090,300,Rural,0.45,4.54,60.14,Approved
32,Female,No,0,Not Graduate,Self Employed,225993,73742,20888,1470264,726,1,Home,2615647,240,Urban,0.42,6.51,71.76,Approved
55,Female,Yes,1,Not Graduate,Private,231229,126379,3776,1189408,722,1,Home,3358295,120,Semiurban,0.56,5.14,64.74,Approved
34,Female,Yes,3,Not Graduate,Government,160413,29966,3377,573004,686,0,Personal,1678428,300,Rural,0.21,3.57,67.81,Approved
56,Male,No,1,Not Graduate,Business,24019,8470,1556,256029,790,0,Home,3427190,120,Rural,0.42,10.66,73.55,Rejected
41,Female,No,3,Not Graduate,Business,88566,28569,16803,1052866,777,0,Education,2786311,120,Semiurban,0.51,11.89,72.71,Approved
41,Female,Yes,4,Graduate,Private,24251,9272,4532,1234803,893,1,Vehicle,1378519,120,Semiurban,0.57,50.92,73.58,Approved
35,Female,Yes,3,Not Graduate,Business,220110,112687,32022,1355730,802,1,Home,3054267,120,Urban,0.66,6.16,67.04,Approved
55,Female,Yes,4,Graduate,Government,239956,24485,53608,1411349,349,0,Education,1253362,120,Urban,0.33,5.88,57.11,Approved
30,Male,Yes,4,Not Graduate,Business,35846,20833,7993,42991,306,1,Personal,240309,300,Rural,0.8,1.2,23.31,Rejected
38,Female,Yes,4,Not Graduate,Private,48053,8156,8591,322260,546,0,Vehicle,3073267,180,Semiurban,0.35,6.71,59.15,Rejected
26,Female,No,3,Graduate,Private,98636,49829,2641,1380983,332,0,Education,3281497,240,Rural,0.53,14.0,52.74,Rejected
51,Male,Yes,1,Graduate,Self Employed,241598,118746,42264,704724,879,0,Personal,2027421,120,Rural,0.67,2.92,64.57,Rejected
57,Female,No,0,Graduate,Business,162352,78860,2156,386133,622,0,Home,1309566,240,Urban,0.5,2.38,53.92,Rejected
40,Male,Yes,4,Not Graduate,Business,120622,23343,25903,1455588,380,1,Personal,919447,240,Urban,0.41,12.07,59.47,Approved
25,Female,No,2,Graduate,Business,225402,135100,29527,1038870,533,1,Education,3722603,120,Rural,0.73,4.61,50.01,Rejected
58,Female,Yes,4,Not Graduate,Private,206937,14634,5376,571978,457,1,Home,3368386,180,Semiurban,0.1,2.76,61.22,Approved
27,Male,Yes,2,Not Graduate,Business,219582,40358,6699,287887,389,0,Education,3865173,300,Rural,0.21,1.31,52.27,Rejected
53,Female,Yes,0,Graduate,Business,165285,17198,39120,1264188,632,1,Personal,2548193,240,Semiurban,0.34,7.65,69.78,Approved
26,Male,Yes,3,Graduate,Private,90495,24734,8795,1044155,449,0,Home,3746328,180,Semiurban,0.37,11.54,62.46,Rejected
40,Female,Yes,2,Not Graduate,Private,208979,86924,32492,1255302,500,1,Personal,1236568,180,Urban,0.57,6.01,55.45,Approved
46,Female,No,2,Not Graduate,Business,132883,22842,19689,682483,505,1,Vehicle,1590129,240,Semiurban,0.32,5.14,58.43,Approved
39,Female,Yes,2,Not Graduate,Business,234039,108005,23921,248840,877,0,Home,4714566,60,Rural,0.56,1.06,63.56,Rejected
50,Male,No,2,Graduate,Self Employed,196417,70444,9121,1338201,610,0,Vehicle,1393047,240,Semiurban,0.41,6.81,66.44,Approved
25,Female,No,4,Not Graduate,Self Employed,162513,9818,23562,1481433,849,0,Personal,2182312,180,Urban,0.21,9.12,86.3,Approved
60,Male,No,2,Not Graduate,Government,22765,6615,2119,475570,822,0,Education,3238342,240,Semiurban,0.38,20.89,75.93,Rejected
58,Male,No,0,Not Graduate,Government,97445,32261,2813,253415,445,1,Vehicle,2977851,240,Urban,0.36,2.6,48.08,Approved
54,Female,No,3,Graduate,Self Employed,209266,96326,29651,678801,368,1,Personal,1065405,60,Semiurban,0.6,3.24,43.15,Rejected
27,Male,Yes,4,Graduate,Private,106766,41690,13971,978997,537,1,Home,1663526,240,Semiurban,0.52,9.17,60.84,Approved
22,Male,No,4,Not Graduate,Self Employed,21166,10773,1759,441561,585,0,Personal,4603751,120,Semiurban,0.59,20.86,59.08,Rejected
41,Male,No,0,Not Graduate,Self Employed,158337,88769,20539,1261938,697,1,Personal,3018603,180,Semiurban,0.69,7.97,62.54,Approved
60,Male,No,4,Graduate,Private,102099,12724,7817,650428,419,0,Vehicle,1285801,300,Semiurban,0.2,6.37,59.41,Approved
47,Male,No,3,Graduate,Self Employed,186592,75435,45444,1363208,477,0,Education,2522921,120,Urban,0.65,7.31,53.84,Rejected
41,Female,Yes,2,Graduate,Self Employed,55791,11393,13356,815189,875,1,Education,4224895,240,Rural,0.44,14.61,77.81,Approved
49,Female,Yes,0,Graduate,Private,96569,7142,9006,481530,850,1,Home,3936289,300,Rural,0.17,4.99,76.6,Approved
52,Male,Yes,2,Not Graduate,Government,219230,99238,28925,1155785,523,1,Personal,2176445,180,Urban,0.58,5.27,55.02,Approved
49,Female,No,0,Not Graduate,Government,223327,111415,15528,450146,659,1,Home,1267987,120,Urban,0.57,2.02,55.2,Approved
24,Female,No,4,Graduate,Business,204563,43356,18961,1211113,573,0,Home,3552719,60,Semiurban,0.3,5.92,66.35,Approved
29,Male,Yes,1,Not Graduate,Private,219615,115566,44317,833553,801,0,Vehicle,3574771,240,Semiurban,0.73,3.8,60.14,Rejected
25,Male,No,4,Not Graduate,Business,139195,68968,21449,1230449,302,0,Education,3104990,60,Rural,0.65,8.84,47.18,Rejected
46,Male,No,1,Not Graduate,Business,104637,59286,9292,718323,860,0,Education,2983496,60,Urban,0.66,6.86,66.48,Rejected
27,Female,Yes,0,Graduate,Self Employed,139673,5088,28036,434292,435,1,Home,2398641,60,Rural,0.24,3.11,54.02,Approved
44,Female,Yes,2,Graduate,Government,123898,45043,23789,1476834,539,1,Personal,898458,60,Urban,0.56,11.92,62.24,Approved
51,Male,Yes,4,Graduate,Self Employed,22434,5132,2814,262903,732,0,Education,694150,120,Semiurban,0.35,11.72,72.8,Rejected
26,Male,Yes,2,Not Graduate,Business,55947,17541,12672,289227,446,0,Personal,1476709,240,Semiurban,0.54,5.17,46.2,Rejected
34,Male,No,4,Not Graduate,Private,42724,8292,2293,268279,693,1,Education,2738247,120,Urban,0.25,6.28,67.64,Approved
38,Male,Yes,4,Not Graduate,Government,242269,84075,13464,1095798,821,0,Education,2579186,60,Urban,0.4,4.52,73.15,Approved
52,Female,Yes,1,Not Graduate,Government,158487,6581,23664,673691,435,1,Education,3165301,300,Rural,0.19,4.25,58.45,Approved
32,Female,Yes,0,Graduate,Government,88730,19138,1305,136812,707,1,Education,3653206,240,Urban,0.23,1.54,61.14,Approved
55,Male,No,0,Not Graduate,Government,154035,31633,10182,1134891,634,1,Personal,2701890,240,Rural,0.27,7.37,70.93,Approved
36,Male,Yes,0,Not Graduate,Government,138848,12212,20269,1406870,479,0,Personal,1251015,60,Urban,0.23,10.13,69.82,Approved
52,Female,No,1,Not Graduate,Private,216549,107383,17613,257582,330,1,Education,2381538,300,Urban,0.58,1.19,38.39,Rejected
37,Male,No,3,Not Graduate,Government,150969,79302,10936,781097,461,1,Personal,4914325,60,Urban,0.6,5.17,48.94,Approved
53,Male,Yes,0,Graduate,Government,143670,52707,25098,324750,483,0,Education,1983370,180,Urban,0.54,2.26,45.49,Rejected
47,Female,No,0,Not Graduate,Government,151607,11903,11753,478052,828,0,Education,678196,240,Semiurban,0.16,3.15,74.49,Approved
40,Female,Yes,4,Not Graduate,Government,116709,18151,9554,1192388,611,0,Education,3189303,300,Semiurban,0.24,10.22,74.7,Approved
33,Male,Yes,0,Not Graduate,Government,81078,40490,11351,1343666,309,1,Personal,3256422,180,Urban,0.64,16.57,47.79,Rejected
34,Male,No,3,Graduate,Private,206555,41677,6096,102065,537,1,Vehicle,3945824,60,Rural,0.23,0.49,56.18,Approved
27,Male,No,0,Graduate,Self Employed,193655,22132,15517,621688,567,1,Education,2836796,180,Semiurban,0.19,3.21,63.53,Approved
38,Male,Yes,1,Graduate,Government,60739,8462,2693,952809,777,1,Education,1112813,300,Semiurban,0.18,15.69,81.45,Approved
34,Female,No,3,Not Graduate,Government,43703,10164,4984,1487873,341,0,Vehicle,1344230,60,Rural,0.35,34.05,56.51,Rejected
36,Female,No,4,Graduate,Business,88201,16394,1018,858071,763,0,Personal,3975899,60,Urban,0.2,9.73,80.97,Approved
28,Male,Yes,1,Graduate,Private,235921,110010,24395,1449244,386,1,Personal,282873,60,Urban,0.57,6.14,51.79,Approved
49,Male,Yes,2,Graduate,Government,140847,11637,11009,1213522,743,1,Education,347315,240,Rural,0.16,8.62,81.06,Approved
48,Male,No,1,Graduate,Business,93362,34229,4870,82665,551,1,Education,3556041,300,Semiurban,0.42,0.89,47.43,Rejected
24,Male,No,3,Graduate,Self Employed,72286,39459,8164,1332787,856,0,Education,3112450,240,Rural,0.66,18.44,71.17,Rejected
52,Female,No,3,Not Graduate,Private,26832,10224,4891,469318,330,1,Personal,4056775,300,Semiurban,0.56,17.49,48.84,Rejected
58,Male,Yes,0,Graduate,Private,89868,39975,1832,470139,889,1,Vehicle,1557202,120,Urban,0.47,5.23,69.61,Approved
58,Female,No,4,Graduate,Business,168806,78873,9312,1190924,492,1,Vehicle,1572676,240,Urban,0.52,7.05,57.06,Approved
26,Male,Yes,4,Graduate,Government,158005,67650,44,705696,506,0,Vehicle,1588641,180,Urban,0.43,4.47,54.89,Rejected
22,Male,Yes,0,Not Graduate,Government,117934,56851,19202,221879,644,1,Vehicle,1244639,120,Rural,0.64,1.88,47.76,Rejected
48,Female,No,1,Not Graduate,Private,194465,82194,11491,803528,614,1,Home,1590725,60,Rural,0.48,4.13,58.88,Approved
57,Female,Yes,1,Not Graduate,Private,187679,79127,6822,1050575,444,1,Personal,2096454,180,Semiurban,0.46,5.6,54.7,Approved
31,Male,No,3,Graduate,Business,74967,21353,2221,745012,562,0,Personal,503890,240,Semiurban,0.31,9.94,68.42,Rejected
47,Male,No,3,Not Graduate,Business,163136,54197,6647,1015561,891,0,Home,3885673,60,Urban,0.37,6.23,77.39,Approved
39,Male,No,2,Graduate,Government,109602,16148,12303,347441,376,0,Vehicle,4149489,60,Semiurban,0.26,3.17,49.65,Rejected
31,Female,Yes,0,Graduate,Business,73883,17450,13411,1472127,867,1,Vehicle,2594777,120,Urban,0.42,19.93,78.96,Approved
24,Female,No,1,Graduate,Business,21000,8502,717,627714,791,0,Personal,315886,120,Urban,0.44,29.89,72.83,Rejected
39,Male,No,0,Not Graduate,Self Employed,143455,69106,17367,201127,857,1,Home,3212345,240,Semiurban,0.6,1.4,58.55,Approved
32,Female,Yes,2,Not Graduate,Self Employed,89048,19827,8800,1193310,363,0,Personal,818965,180,Rural,0.32,13.4,60.05,Approved
47,Male,Yes,3,Not Graduate,Self Employed,170133,35886,31212,636738,380,1,Personal,4311932,300,Rural,0.39,3.74,49.35,Approved
57,Male,Yes,3,Graduate,Private,75545,17630,4134,99497,733,0,Education,1793821,120,Rural,0.29,1.32,59.59,Rejected
37,Female,Yes,0,Not Graduate,Self Employed,164717,47746,18101,1099865,769,0,Education,1043876,240,Urban,0.4,6.68,72.13,Approved
30,Male,Yes,4,Graduate,Business,247403,145413,57680,731145,720,1,Education,4173380,300,Rural,0.82,2.96,53.18,Approved
51,Male,Yes,2,Not Graduate,Private,182069,84777,44617,1464713,711,0,Education,2880773,120,Urban,0.71,8.04,63.65,Approved
51,Female,No,0,Not Graduate,Business,101513,23372,16109,1470001,400,0,Home,2620612,240,Semiurban,0.39,14.48,60.17,Rejected
38,Female,Yes,1,Not Graduate,Private,235998,111737,48558,1025986,828,1,Personal,4422395,120,Urban,0.68,4.35,64.56,Approved
40,Female,Yes,4,Graduate,Private,70531,18154,1888,533219,333,1,Personal,3123045,120,Semiurban,0.28,7.56,54.22,Approved
44,Female,No,0,Graduate,Private,117639,69066,19465,945546,481,1,Vehicle,2987769,120,Semiurban,0.75,8.04,49.58,Rejected
26,Female,Yes,3,Graduate,Private,243824,61182,56171,474206,530,0,Vehicle,3535195,300,Urban,0.48,1.94,52.76,Rejected
21,Female,Yes,1,Graduate,Private,86162,44868,10009,1497652,581,1,Education,3025184,240,Semiurban,0.64,17.38,60.16,Rejected
34,Female,No,4,Not Graduate,Government,21926,9190,5426,794816,874,1,Vehicle,1006846,240,Urban,0.67,36.25,69.72,Rejected
42,Female,No,2,Not Graduate,Business,69377,14825,16950,513949,358,1,Vehicle,1273813,60,Rural,0.46,7.41,49.76,Approved
52,Female,No,3,Not Graduate,Self Employed,213129,9629,38209,1494928,885,0,Vehicle,1965317,300,Rural,0.22,7.01,85.15,Approved
51,Female,No,1,Graduate,Business,45586,20426,2096,552432,872,0,Vehicle,849101,120,Semiurban,0.49,12.12,75.76,Rejected
35,Female,No,2,Not Graduate,Business,173503,43541,30393,257005,781,0,Personal,4061265,120,Rural,0.43,1.48,61.83,Rejected
28,Female,No,3,Graduate,Private,56009,11563,5614,868137,883,1,Home,2754016,120,Urban,0.31,15.5,82.28,Approved
52,Female,Yes,2,Graduate,Government,138503,40851,13722,363591,890,0,Education,838544,120,Rural,0.39,2.63,68.53,Approved
48,Female,No,3,Not Graduate,Self Employed,21223,5309,4372,428201,682,0,Vehicle,4554634,120,Urban,0.46,20.18,67.48,Rejected
21,Male,Yes,2,Not Graduate,Private,46924,17568,8246,1244531,613,0,Personal,483513,180,Semiurban,0.55,26.52,62.62,Rejected
50,Female,No,1,Not Graduate,Self Employed,114175,54159,6174,355785,713,0,Home,1981743,120,Urban,0.53,3.12,56.64,Approved
22,Male,Yes,2,Graduate,Self Employed,249780,72053,50544,1131417,349,0,Personal,265605,60,Rural,0.49,4.53,49.84,Rejected
28,Female,No,3,Graduate,Business,144360,25070,13467,1467923,309,1,Education,947080,300,Semiurban,0.27,10.17,61.5,Approved
60,Male,No,0,Graduate,Business,49887,8482,8154,426592,504,1,Home,3102465,240,Semiurban,0.33,8.55,61.49,Rejected
31,Male,No,1,Not Graduate,Business,81474,5179,417,1418516,391,0,Education,1351114,60,Rural,0.07,17.41,68.58,Approved
25,Male,No,1,Not Graduate,Business,89238,35426,1641,219314,478,0,Vehicle,3121699,180,Semiurban,0.42,2.46,47.27,Rejected
28,Male,Yes,0,Graduate,Private,106156,28430,14343,1314023,574,0,Vehicle,2974966,120,Urban,0.4,12.38,67.67,Rejected
46,Female,No,2,Not Graduate,Self Employed,229688,115556,42522,359760,415,0,Personal,1437105,60,Semiurban,0.69,1.57,40.12,Rejected
58,Female,No,1,Not Graduate,Business,180263,8777,44857,284004,794,1,Personal,3550102,240,Urban,0.3,1.58,66.72,Approved
25,Female,No,0,Graduate,Business,156078,73564,6241,917747,554,1,Vehicle,3328579,120,Rural,0.51,5.88,57.29,Approved
60,Male,Yes,1,Not Graduate,Self Employed,247912,48359,4906,1041060,628,0,Vehicle,2433351,60,Rural,0.21,4.2,69.78,Approved
35,Female,No,1,Graduate,Self Employed,136441,80108,29366,194591,810,1,Vehicle,1095785,240,Rural,0.8,1.43,50.24,Approved
22,Male,No,3,Graduate,Government,236507,28827,51890,1277106,611,0,Education,2959292,180,Urban,0.34,5.4,67.18,Approved
35,Female,No,4,Not Graduate,Business,207672,64314,7472,214340,527,0,Vehicle,3079121,180,Rural,0.35,1.03,53.42,Rejected
54,Female,Yes,0,Graduate,Self Employed,56817,31930,11744,868177,409,1,Home,1673228,60,Semiurban,0.77,15.28,47.39,Rejected
34,Female,Yes,2,Graduate,Self Employed,32189,15375,6860,1419583,426,1,Education,4329515,120,Semiurban,0.69,44.1,49.5,Rejected
21,Male,No,4,Not Graduate,Private,201355,80832,11380,279236,406,1,Vehicle,4328782,240,Semiurban,0.46,1.39,45.13,Rejected
59,Male,No,3,Not Graduate,Business,138710,22481,9055,875589,824,1,Vehicle,4743778,120,Urban,0.23,6.31,77.97,Approved
34,Female,No,1,Graduate,Business,206214,20126,49858,748696,875,1,Education,4578701,180,Semiurban,0.34,3.63,74.22,Approved
21,Male,Yes,3,Graduate,Government,195703,12419,13100,569894,464,1,Vehicle,1328330,60,Rural,0.13,2.91,60.36,Approved
39,Male,Yes,2,Not Graduate,Government,181509,93542,36823,480406,874,1,Home,4385926,180,Rural,0.72,2.65,59.85,Approved
24,Female,No,3,Not Graduate,Government,23398,9117,1663,1311412,753,0,Vehicle,4685340,300,Urban,0.46,56.05,70.58,Rejected
33,Female,No,1,Graduate,Private,65559,38675,3910,801042,341,1,Vehicle,4769087,180,Urban,0.65,12.22,48.29,Rejected
31,Female,Yes,2,Not Graduate,Private,30470,7518,7607,686604,352,1,Education,4903962,300,Semiurban,0.5,22.53,51.97,Rejected
25,Female,Yes,1,Graduate,Private,129033,76182,17597,856026,394,1,Home,1889741,180,Semiurban,0.73,6.63,44.14,Approved
44,Female,Yes,4,Not Graduate,Government,50073,26919,5668,944631,546,0,Personal,2792214,240,Urban,0.65,18.87,56.75,Rejected
45,Female,No,0,Not Graduate,Self Employed,147612,10747,19427,1376353,497,1,Personal,904940,120,Rural,0.2,9.32,70.51,Approved
55,Male,Yes,1,Graduate,Self Employed,239064,32243,13472,1137752,745,0,Home,299254,240,Rural,0.19,4.76,76.46,Approved
42,Male,Yes,0,Graduate,Private,228198,71036,36574,157727,888,0,Vehicle,3519471,240,Semiurban,0.47,0.69,65.83,Rejected
46,Female,No,0,Not Graduate,Government,160203,5773,4144,1238109,346,0,Vehicle,4318102,60,Semiurban,0.06,7.73,65.39,Rejected
40,Male,No,3,Not Graduate,Self Employed,235514,13079,31063,337834,846,0,Home,3379883,300,Semiurban,0.19,1.43,74.27,Approved
30,Female,No,0,Graduate,Government,30950,5082,4691,1261275,703,0,Vehicle,1862051,180,Urban,0.32,40.75,73.01,Rejected
47,Male,Yes,1,Graduate,Business,70941,12511,5942,1417142,880,0,Education,4710920,60,Semiurban,0.26,19.98,84.15,Approved
25,Female,Yes,1,Not Graduate,Business,113621,13402,21997,1384626,540,0,Vehicle,685599,120,Semiurban,0.31,12.19,69.2,Approved
52,Female,No,4,Not Graduate,Private,168256,79299,23887,673398,738,0,Personal,2727436,120,Urban,0.61,4.0,59.14,Rejected
48,Female,No,1,Not Graduate,Self Employed,141332,63373,23510,650620,798,0,Home,787645,180,Urban,0.61,4.6,61.88,Rejected
55,Male,No,0,Graduate,Government,242714,137953,41394,75419,895,1,Home,407495,300,Semiurban,0.74,0.31,57.94,Approved
55,Female,Yes,2,Not Graduate,Private,222413,82280,48052,620269,437,1,Personal,3428475,180,Rural,0.59,2.79,46.32,Approved
21,Male,Yes,4,Graduate,Self Employed,61739,10870,9279,1196594,449,1,Vehicle,439066,120,Semiurban,0.33,19.38,62.63,Approved
35,Male,No,2,Graduate,Government,195265,32102,33940,767599,697,1,Education,489545,60,Rural,0.34,3.93,66.5,Approved
41,Male,No,2,Graduate,Self Employed,191357,54613,23940,1242451,379,1,Education,1969814,300,Semiurban,0.41,6.49,55.17,Approved
43,Female,No,3,Graduate,Private,135316,26706,15072,171665,826,1,Home,1360307,120,Urban,0.31,1.27,65.4,Approved
44,Male,Yes,3,Not Graduate,Government,146226,67759,31393,451878,465,1,Personal,2144054,60,Urban,0.68,3.09,42.35,Rejected
57,Male,Yes,4,Graduate,Private,34656,7725,4231,387566,829,1,Personal,2477789,60,Urban,0.34,11.18,77.88,Approved
49,Female,No,1,Graduate,Self Employed,177506,23705,38184,391438,823,1,Home,2974534,240,Rural,0.35,2.21,67.63,Approved
58,Male,Yes,3,Not Graduate,Private,48461,5542,3315,1106205,816,1,Home,907811,120,Semiurban,0.18,22.83,82.72,Approved
60,Male,Yes,0,Not Graduate,Private,178197,75685,78,1433042,741,1,Vehicle,464386,300,Semiurban,0.43,8.04,73.39,Approved
35,Female,No,2,Graduate,Self Employed,55096,13340,7817,497614,385,1,Education,2262624,120,Urban,0.38,9.03,55.86,Approved
21,Male,Yes,3,Graduate,Business,127176,52483,3492,334594,736,1,Vehicle,4597173,240,Rural,0.44,2.63,59.86,Approved
44,Female,No,1,Not Graduate,Self Employed,66850,29262,15851,542210,614,1,Education,1258202,60,Rural,0.67,8.11,55.94,Approved
35,Female,Yes,0,Graduate,Self Employed,226066,49359,52484,1164642,353,0,Education,144381,60,Urban,0.45,5.15,51.52,Rejected
51,Female,Yes,0,Not Graduate,Private,117212,10245,19956,89178,693,1,Vehicle,582034,120,Rural,0.26,0.76,59.28,Approved
52,Female,Yes,1,Not Graduate,Private,28810,14822,4182,1091739,537,0,Personal,3117717,120,Rural,0.66,37.89,55.23,Rejected
21,Male,Yes,2,Not Graduate,Business,195547,56792,26571,1239099,505,0,Personal,856366,300,Semiurban,0.43,6.34,60.15,Rejected
56,Female,No,2,Graduate,Private,139212,57947,304,557582,479,1,Personal,4786134,60,Rural,0.42,4.01,52.31,Rejected
39,Female,Yes,4,Not Graduate,Business,201978,63034,24712,1191050,795,0,Vehicle,3949099,240,Rural,0.43,5.9,72.17,Approved
22,Female,Yes,2,Graduate,Self Employed,186110,108370,14442,1429589,535,1,Education,3061986,300,Rural,0.66,7.68,56.79,Approved
21,Female,Yes,2,Graduate,Self Employed,196605,103145,22412,169443,867,0,Education,2732955,180,Urban,0.64,0.86,58.96,Rejected
57,Female,Yes,1,Not Graduate,Private,81567,20863,8696,443646,534,0,Home,3086574,120,Urban,0.36,5.44,57.0,Rejected
28,Male,No,4,Graduate,Government,242300,131429,24326,1311634,622,1,Vehicle,4217173,120,Rural,0.64,5.41,58.88,Approved
38,Female,Yes,4,Graduate,Government,157818,60466,31347,1144072,333,1,Education,1566331,240,Urban,0.58,7.25,48.16,Approved
54,Female,No,0,Graduate,Private,119464,18205,10663,768335,565,0,Vehicle,2089267,180,Semiurban,0.24,6.43,65.5,Approved
60,Female,No,1,Not Graduate,Self Employed,75189,32465,12199,775624,710,1,Education,1609020,300,Urban,0.59,10.32,66.74,Approved
57,Male,Yes,2,Graduate,Self Employed,244476,104846,12849,315856,453,1,Personal,1581489,240,Semiurban,0.48,1.29,48.05,Rejected
29,Female,No,2,Not Graduate,Government,124438,17972,22627,352552,361,0,Vehicle,4097502,60,Semiurban,0.33,2.83,46.9,Rejected
42,Female,No,2,Not Graduate,Business,25199,11746,993,746290,503,0,Vehicle,3078870,180,Rural,0.51,29.62,58.2,Rejected
53,Female,No,0,Not Graduate,Business,141569,23985,10982,1353394,645,1,Education,698477,60,Urban,0.25,9.56,76.04,Approved
42,Male,No,2,Not Graduate,Business,178698,89494,25916,578848,755,1,Education,3572791,120,Urban,0.65,3.24,57.81,Approved
22,Male,Yes,2,Graduate,Private,63754,31020,1687,210390,365,1,Personal,321164,240,Rural,0.51,3.3,39.98,Rejected
26,Male,No,4,Graduate,Government,191660,56097,20274,490994,553,1,Education,1160418,120,Rural,0.4,2.56,55.41,Approved
31,Male,Yes,2,Not Graduate,Self Employed,142471,75855,17852,1160382,755,0,Home,3929763,300,Semiurban,0.66,8.14,65.81,Rejected
54,Female,No,3,Graduate,Government,135831,45352,23971,874454,566,0,Vehicle,188548,60,Rural,0.51,6.44,58.15,Rejected
29,Female,No,3,Graduate,Self Employed,218042,67530,19635,29152,740,1,Home,160548,300,Semiurban,0.4,0.13,59.89,Approved
33,Female,No,3,Graduate,Private,207416,101615,42335,827308,687,0,Vehicle,764459,240,Rural,0.69,3.99,55.99,Rejected
36,Female,No,4,Not Graduate,Self Employed,69283,9486,5977,296521,596,0,Education,3898086,180,Rural,0.22,4.28,61.12,Rejected
60,Female,Yes,2,Graduate,Private,33010,13764,362,399939,404,1,Vehicle,1148904,240,Rural,0.43,12.12,56.44,Rejected
21,Male,Yes,1,Graduate,Self Employed,76934,27407,13770,663423,810,1,Education,366230,180,Urban,0.54,8.62,70.27,Approved
30,Male,No,3,Graduate,Self Employed,67606,17595,8194,810225,312,0,Home,3327918,240,Urban,0.38,11.98,55.13,Rejected
23,Male,No,0,Graduate,Self Employed,122006,45908,10586,342632,343,0,Vehicle,4136846,180,Urban,0.46,2.81,41.85,Rejected
44,Male,Yes,0,Graduate,Self Employed,105069,5987,5484,589023,898,0,Education,2139181,60,Urban,0.11,5.61,82.05,Approved
58,Female,Yes,2,Graduate,Private,61339,21381,1497,1448530,646,0,Personal,3082298,120,Rural,0.37,23.62,69.98,Rejected
55,Male,Yes,3,Graduate,Business,166368,89495,22761,930060,497,0,Education,3104526,120,Semiurban,0.67,5.59,49.68,Rejected
23,Female,No,4,Not Graduate,Self Employed,69748,17230,11392,688807,779,1,Home,677778,300,Urban,0.41,9.88,74.85,Approved
49,Female,No,4,Not Graduate,Self Employed,20188,11356,4144,804911,489,0,Vehicle,2103086,180,Rural,0.77,39.87,49.51,Rejected
25,Female,Yes,4,Not Graduate,Private,180704,42110,21141,869422,629,0,Personal,4488924,60,Urban,0.35,4.81,64.31,Approved
29,Male,Yes,1,Graduate,Self Employed,70231,11471,1042,1207499,697,1,Vehicle,511760,180,Urban,0.18,17.19,78.44,Approved
59,Male,Yes,1,Not Graduate,Government,142698,12956,23653,1180252,725,1,Personal,2329823,300,Urban,0.26,8.27,76.78,Approved
25,Female,Yes,1,Graduate,Government,210099,35279,34842,818097,494,0,Home,4881738,120,Rural,0.33,3.89,58.13,Rejected
56,Female,Yes,4,Not Graduate,Self Employed,204169,92194,27988,228318,470,0,Education,4333669,180,Rural,0.59,1.12,43.63,Rejected
31,Female,No,2,Not Graduate,Business,128093,61438,27071,688325,546,0,Education,4715736,180,Semiurban,0.69,5.37,49.41,Rejected
49,Female,No,0,Graduate,Business,176175,7136,33922,293295,609,0,Vehicle,1961320,120,Semiurban,0.23,1.66,60.45,Rejected
22,Female,Yes,0,Graduate,Self Employed,113233,15230,4535,565720,675,0,Home,2249529,180,Urban,0.17,5.0,69.28,Approved
57,Female,Yes,0,Not Graduate,Self Employed,65325,36999,13528,1456185,890,0,Vehicle,413495,300,Semiurban,0.77,22.29,68.96,Rejected
26,Male,No,2,Not Graduate,Self Employed,247496,36598,57002,485461,311,1,Personal,2656708,300,Urban,0.38,1.96,46.3,Approved
41,Male,No,4,Graduate,Private,33243,16036,6436,944524,889,0,Home,3723339,180,Semiurban,0.68,28.41,70.56,Rejected
30,Male,No,0,Not Graduate,Government,163694,57322,17206,188423,708,1,Home,1231377,240,Rural,0.46,1.15,56.66,Approved
33,Female,No,4,Graduate,Private,83521,9695,8724,911913,631,0,Personal,3569377,240,Semiurban,0.22,10.92,74.77,Approved
43,Male,No,2,Graduate,Business,64369,27919,10096,937381,449,1,Personal,2058652,120,Rural,0.59,14.56,54.81,Rejected
44,Male,Yes,0,Graduate,Private,182792,24356,18853,38800,651,0,Vehicle,3875390,240,Urban,0.24,0.21,59.58,Rejected
42,Male,Yes,1,Not Graduate,Self Employed,183326,100672,9263,1467669,318,1,Personal,2242923,120,Urban,0.6,8.01,49.49,Approved
39,Male,No,0,Not Graduate,Government,37458,17735,4445,1400373,668,0,Personal,2553630,240,Urban,0.59,37.39,63.42,Rejected
45,Male,No,3,Graduate,Private,72133,37810,15007,1185846,322,0,Home,4541057,180,Semiurban,0.73,16.44,45.23,Rejected
52,Female,Yes,0,Not Graduate,Business,113160,45975,9906,505357,813,1,Personal,2261571,240,Urban,0.49,4.47,64.78,Approved
56,Female,Yes,1,Not Graduate,Self Employed,192210,22991,5753,811546,833,0,Education,2116292,300,Urban,0.15,4.22,78.67,Approved
48,Female,No,3,Graduate,Private,191041,23163,38078,1145301,507,0,Vehicle,4493998,120,Semiurban,0.32,6.0,62.55,Approved
30,Male,No,0,Graduate,Private,103256,60018,4768,71831,626,1,Education,2644668,240,Rural,0.63,0.7,44.52,Rejected
38,Male,Yes,0,Graduate,Private,26867,15026,5054,569651,880,0,Home,2037033,60,Semiurban,0.75,21.2,67.76,Rejected
26,Female,Yes,4,Not Graduate,Business,68228,30392,16103,1003729,440,0,Home,1998116,60,Semiurban,0.68,14.71,51.84,Rejected
21,Female,No,1,Graduate,Private,37337,10802,7197,1304067,801,1,Education,2170172,240,Semiurban,0.48,34.93,72.63,Approved
23,Female,No,3,Graduate,Government,138386,64886,2779,525315,831,1,Personal,4778334,240,Rural,0.49,3.8,65.39,Approved
24,Male,No,3,Not Graduate,Business,222814,113477,18737,977515,470,1,Vehicle,557570,300,Urban,0.59,4.39,50.77,Approved
50,Female,Yes,4,Graduate,Private,224139,81735,45620,1155898,438,1,Education,2813386,240,Urban,0.57,5.16,51.7,Approved
32,Female,Yes,3,Graduate,Business,104954,50332,21252,353920,426,0,Personal,3869827,180,Urban,0.68,3.37,39.41,Rejected
54,Female,Yes,3,Not Graduate,Government,221394,27398,21967,1195921,453,0,Home,1600443,60,Semiurban,0.22,5.4,63.1,Approved
40,Female,No,2,Graduate,Government,54490,11647,57,1315603,559,0,Education,4274402,240,Rural,0.21,24.14,70.58,Rejected
21,Female,Yes,1,Not Graduate,Self Employed,127518,62917,2601,1270842,306,0,Vehicle,4777057,120,Urban,0.51,9.97,53.22,Rejected
32,Male,Yes,2,Graduate,Private,243826,13501,43712,1222348,605,1,Personal,511304,60,Semiurban,0.23,5.01,69.63,Approved
32,Male,No,4,Graduate,Self Employed,216433,80886,23605,85162,395,1,Vehicle,3191784,240,Urban,0.48,0.39,42.52,Rejected
48,Male,No,3,Graduate,Government,202090,117644,17984,700400,839,1,Home,1853646,300,Urban,0.67,3.47,62.17,Approved
27,Male,No,4,Not Graduate,Self Employed,179604,46482,17017,1111825,888,1,Home,4819718,240,Rural,0.35,6.19,78.43,Approved
52,Female,Yes,4,Graduate,Business,70739,5103,3873,60303,776,0,Home,3578186,240,Urban,0.13,0.85,65.22,Rejected
42,Female,Yes,0,Graduate,Business,86694,9445,10085,639741,818,1,Personal,1054931,180,Semiurban,0.23,7.38,77.82,Approved
46,Male,Yes,1,Not Graduate,Business,196284,67797,31096,84571,439,1,Home,3963943,300,Semiurban,0.5,0.43,43.11,Rejected
50,Female,Yes,4,Not Graduate,Business,165536,75239,1226,446758,891,1,Vehicle,655435,120,Semiurban,0.46,2.7,67.76,Approved
22,Female,No,4,Graduate,Self Employed,69120,12657,10101,1489050,622,0,Vehicle,3571789,60,Semiurban,0.33,21.54,70.53,Rejected
36,Female,No,2,Graduate,Business,65878,12355,12262,88423,506,0,Education,4344591,60,Semiurban,0.37,1.34,46.6,Rejected
53,Male,Yes,2,Not Graduate,Business,223301,47904,9390,216048,828,0,Home,406624,240,Semiurban,0.26,0.97,69.97,Approved
54,Male,Yes,2,Graduate,Government,107369,35597,1511,226222,833,1,Personal,4944923,180,Rural,0.35,2.11,65.16,Approved
34,Female,Yes,1,Not Graduate,Business,159532,46831,28908,1417449,420,1,Home,1421172,180,Urban,0.47,8.89,58.58,Approved
21,Male,Yes,4,Not Graduate,Business,91054,14277,9282,1213939,550,0,Personal,2712024,300,Semiurban,0.26,13.33,70.32,Rejected
55,Female,Yes,1,Graduate,Self Employed,197077,11613,6942,814466,355,0,Education,3387636,120,Rural,0.09,4.13,59.1,Rejected
59,Female,No,2,Not Graduate,Private,206882,104405,43966,1128798,380,1,Home,879437,240,Urban,0.72,5.46,44.56,Approved
50,Female,No,3,Graduate,Private,57675,33216,10107,551175,672,1,Home,2870991,180,Semiurban,0.75,9.56,58.75,Rejected
52,Male,Yes,3,Graduate,Business,145475,65455,11193,601936,656,0,Personal,3503140,60,Semiurban,0.53,4.14,57.44,Rejected
56,Male,No,4,Not Graduate,Self Employed,174805,59190,15635,1312068,549,0,Education,3319685,60,Semiurban,0.43,7.51,63.56,Rejected
34,Female,No,4,Not Graduate,Private,65373,10104,12113,1214160,798,0,Education,2829469,300,Urban,0.34,18.57,77.89,Approved
49,Male,No,3,Graduate,Government,199701,111701,39086,804633,635,1,Personal,859445,120,Urban,0.76,4.03,51.62,Approved
58,Male,Yes,1,Not Graduate,Business,122231,63610,6411,441303,624,1,Vehicle,3746754,180,Urban,0.57,3.61,52.66,Approved
58,Male,No,1,Not Graduate,Government,116789,64052,17985,121416,300,1,Personal,2467342,60,Urban,0.7,1.04,29.01,Rejected
48,Female,No,3,Not Graduate,Self Employed,134082,76449,13842,1399337,477,1,Home,1678961,300,Semiurban,0.67,10.44,56.36,Approved
44,Female,Yes,2,Graduate,Private,23041,6175,5311,42941,447,1,Education,1238969,60,Urban,0.5,1.86,39.56,Rejected
47,Female,No,4,Graduate,Self Employed,153540,60590,36179,953814,693,1,Home,1658528,240,Rural,0.63,6.21,60.46,Approved
21,Female,Yes,4,Not Graduate,Self Employed,163174,80543,24049,80174,338,1,Vehicle,1049291,300,Semiurban,0.64,0.49,33.3,Rejected
26,Male,No,3,Graduate,Government,84285,35962,20665,1401957,379,1,Personal,2981874,300,Urban,0.67,16.63,50.06,Rejected
51,Female,No,4,Not Graduate,Self Employed,112514,57312,9654,616514,471,0,Vehicle,4828710,180,Urban,0.6,5.48,48.54,Rejected
51,Male,Yes,2,Graduate,Business,147076,15814,8311,1070311,378,1,Vehicle,1211815,300,Semiurban,0.16,7.28,62.32,Approved
38,Female,Yes,0,Graduate,Private,192793,63543,24233,377839,567,0,Education,1616737,300,Urban,0.46,1.96,53.17,Rejected
42,Male,Yes,4,Graduate,Self Employed,217331,59125,50486,813559,543,1,Home,1868794,300,Rural,0.5,3.74,55.18,Approved
43,Male,No,0,Graduate,Private,141638,57264,31210,642012,787,0,Education,3372148,240,Semiurban,0.62,4.53,60.97,Rejected
30,Female,Yes,2,Not Graduate,Self Employed,197862,46377,34750,1442095,342,0,Vehicle,3722082,300,Rural,0.41,7.29,55.39,Rejected
38,Female,No,2,Graduate,Business,191532,81569,25634,977014,547,0,Vehicle,1609250,180,Rural,0.56,5.1,55.38,Rejected
21,Male,Yes,0,Not Graduate,Government,157694,18619,29225,747183,524,1,Vehicle,1719668,60,Urban,0.3,4.74,59.97,Approved
60,Male,Yes,4,Graduate,Government,205617,20725,5661,1278118,433,1,Home,1029835,120,Semiurban,0.13,6.22,66.05,Approved
39,Female,Yes,3,Not Graduate,Self Employed,201461,92500,21194,549673,465,0,Vehicle,623343,240,Semiurban,0.56,2.73,47.25,Rejected
42,Male,No,2,Graduate,Self Employed,38192,21112,3287,1289895,702,0,Education,1009580,120,Rural,0.64,33.77,63.56,Rejected
48,Male,Yes,3,Not Graduate,Government,29138,6194,576,1208196,556,1,Personal,4275021,120,Rural,0.23,41.46,68.91,Rejected
21,Male,No,2,Graduate,Business,122584,5485,16888,1493956,802,1,Education,3488265,60,Rural,0.18,12.19,85.07,Approved
35,Male,No,3,Graduate,Business,107409,49684,9923,850150,356,0,Vehicle,4584770,180,Urban,0.55,7.92,49.3,Rejected
50,Female,Yes,1,Graduate,Self Employed,193207,30035,19586,1469370,699,0,Vehicle,4181087,60,Rural,0.26,7.61,76.3,Approved
49,Male,Yes,0,Graduate,Government,208675,82718,15629,1035995,698,0,Vehicle,4291654,300,Semiurban,0.47,4.96,65.16,Rejected
22,Male,No,0,Not Graduate,Government,126301,20491,6936,1381222,835,1,Home,4959904,120,Urban,0.22,10.94,85.65,Approved
23,Male,No,0,Not Graduate,Government,83617,47518,4277,40126,476,0,Vehicle,916146,240,Rural,0.62,0.48,36.88,Rejected
31,Male,Yes,0,Not Graduate,Private,36543,11640,6983,717459,711,1,Personal,4931561,300,Urban,0.51,19.63,67.77,Approved
41,Male,Yes,4,Graduate,Business,36573,8956,4487,306195,725,0,Vehicle,4742320,120,Semiurban,0.37,8.37,69.4,Rejected
36,Male,Yes,0,Not Graduate,Private,24097,12978,661,23316,307,0,Personal,2480112,240,Rural,0.57,0.97,29.56,Rejected
51,Male,Yes,1,Not Graduate,Self Employed,128011,36359,30739,376055,338,0,Education,838375,180,Semiurban,0.52,2.94,40.29,Rejected
47,Male,Yes,1,Graduate,Government,182246,52435,35371,1074390,524,1,Home,2418834,60,Urban,0.48,5.9,57.92,Approved
28,Male,No,3,Graduate,Private,195673,10651,3540,1362371,672,1,Home,3746290,180,Semiurban,0.07,6.96,79.44,Approved
60,Female,Yes,0,Graduate,Private,61430,30739,476,1027247,827,0,Personal,2073838,240,Rural,0.51,16.72,73.97,Rejected
58,Female,No,1,Not Graduate,Private,224203,19435,21373,487693,400,0,Education,1777351,240,Urban,0.18,2.18,55.64,Rejected
25,Female,No,0,Not Graduate,Private,76666,44939,14909,383420,696,1,Home,3939803,120,Rural,0.78,5.0,50.58,Rejected
43,Female,Yes,2,Graduate,Government,201458,79536,3909,598469,439,0,Education,3946838,240,Urban,0.41,2.97,51.08,Rejected
42,Male,No,4,Graduate,Private,171551,77450,15053,191349,721,1,Home,4071913,240,Semiurban,0.54,1.12,54.96,Approved
21,Female,Yes,1,Not Graduate,Self Employed,171903,34151,38782,322412,887,0,Education,470979,60,Semiurban,0.42,1.88,67.32,Rejected
53,Male,No,4,Not Graduate,Self Employed,232262,30689,29651,1048688,546,0,Personal,3510959,120,Urban,0.26,4.52,64.79,Rejected
43,Female,Yes,0,Graduate,Self Employed,195383,44955,10603,1484936,770,0,Education,3990306,120,Rural,0.28,7.6,78.71,Approved
46,Male,No,3,Graduate,Government,120893,48634,17397,78606,603,1,Vehicle,4650275,300,Urban,0.55,0.65,46.55,Rejected
26,Female,Yes,4,Not Graduate,Government,49089,17548,5989,985915,341,1,Vehicle,1570249,300,Rural,0.48,20.08,52.73,Rejected
25,Male,Yes,2,Graduate,Government,190141,67717,38018,1483969,514,0,Vehicle,3058759,180,Rural,0.56,7.8,59.38,Rejected
48,Female,Yes,0,Not Graduate,Business,138596,68730,32863,1114533,425,1,Vehicle,3891469,300,Semiurban,0.73,8.04,48.53,Rejected
25,Male,No,0,Graduate,Self Employed,66874,23898,2521,239354,468,1,Personal,1341128,240,Urban,0.4,3.58,48.78,Approved
34,Male,No,3,Graduate,Self Employed,110885,32533,14544,1362001,321,1,Home,628058,60,Urban,0.42,12.28,55.97,Approved
54,Female,No,4,Not Graduate,Business,147440,82772,34744,1160222,755,1,Vehicle,4858451,120,Semiurban,0.8,7.87,61.28,Approved
31,Female,Yes,3,Not Graduate,Business,221785,115823,3101,321088,661,1,Education,1495554,300,Urban,0.54,1.45,55.06,Approved
55,Female,Yes,1,Graduate,Private,82365,12662,1348,674012,888,0,Education,2284453,180,Urban,0.17,8.18,84.02,Approved
34,Male,No,2,Graduate,Business,137552,75761,10655,1129130,608,0,Personal,3493714,240,Urban,0.63,8.21,60.09,Rejected
50,Female,Yes,0,Not Graduate,Business,144232,42988,9639,1195376,752,1,Personal,4117985,60,Urban,0.36,8.29,74.82,Approved
56,Male,No,0,Not Graduate,Private,136909,51844,6060,694440,356,0,Home,2431422,120,Urban,0.42,5.07,48.75,Rejected
26,Female,Yes,4,Not Graduate,Private,148572,46649,33525,127540,669,1,Home,3687308,180,Semiurban,0.54,0.86,51.2,Approved
44,Male,No,2,Not Graduate,Business,136805,78535,5740,462345,754,1,Education,2521237,120,Rural,0.62,3.38,57.26,Approved
48,Female,Yes,4,Graduate,Private,74469,24872,15552,1111636,643,0,Education,841957,60,Semiurban,0.54,14.93,65.27,Rejected
38,Female,Yes,4,Not Graduate,Private,72234,17190,12509,617048,867,1,Personal,2633300,300,Semiurban,0.41,8.54,76.17,Approved
52,Female,Yes,0,Graduate,Private,88859,24671,20989,1344964,783,0,Vehicle,3599364,120,Semiurban,0.51,15.14,72.94,Approved
36,Male,Yes,2,Not Graduate,Government,176995,102722,23708,1228583,792,1,Vehicle,4093318,60,Semiurban,0.71,6.94,64.73,Approved
53,Male,No,1,Graduate,Private,103802,35214,22717,294158,665,0,Personal,2387324,180,Semiurban,0.56,2.83,52.63,Rejected
43,Male,No,2,Graduate,Private,220918,87317,12009,208199,471,1,Vehicle,2625577,180,Rural,0.45,0.94,48.17,Rejected
44,Male,No,1,Graduate,Private,155835,41885,24445,1026906,721,1,Home,959143,120,Urban,0.43,6.59,68.69,Approved
53,Male,Yes,4,Graduate,Self Employed,140715,15013,7639,285213,317,1,Vehicle,2713667,180,Urban,0.16,2.03,48.94,Approved
49,Female,Yes,2,Graduate,Government,78289,13435,4664,1452939,532,1,Home,1860273,120,Urban,0.23,18.56,69.84,Approved
48,Male,Yes,0,Not Graduate,Self Employed,31145,8217,883,78771,825,0,Education,1097591,180,Urban,0.29,2.53,64.21,Rejected
25,Female,Yes,0,Graduate,Private,174036,31217,12109,1416351,659,0,Personal,1321020,180,Rural,0.25,8.14,75.06,Approved
43,Female,Yes,4,Graduate,Government,45979,23944,229,1119055,522,0,Vehicle,1540940,300,Urban,0.53,24.34,59.27,Rejected
27,Male,No,2,Graduate,Self Employed,196560,19067,11852,754116,688,1,Home,4413850,120,Semiurban,0.16,3.84,71.39,Approved
28,Female,Yes,3,Graduate,Private,149975,52349,18892,1178390,341,0,Vehicle,4241563,60,Semiurban,0.48,7.86,52.62,Rejected
39,Female,No,3,Graduate,Self Employed,96176,33046,6186,155980,787,1,Home,207255,240,Rural,0.41,1.62,59.83,Approved
27,Female,No,4,Graduate,Government,57582,17937,6563,1467598,404,0,Personal,3151020,120,Semiurban,0.43,25.49,57.49,Rejected
33,Female,Yes,1,Not Graduate,Self Employed,93011,55123,19068,1254974,579,1,Vehicle,4091520,300,Semiurban,0.8,13.49,55.52,Rejected
52,Female,Yes,3,Graduate,Government,85716,37069,16294,494068,437,0,Personal,543358,60,Semiurban,0.62,5.76,45.7,Rejected
22,Male,No,4,Not Graduate,Private,99364,45761,20422,212026,378,1,Education,1793926,180,Rural,0.67,2.13,35.06,Rejected
52,Female,No,4,Not Graduate,Government,220268,9141,28207,259842,692,1,Vehicle,3256939,240,Semiurban,0.17,1.18,66.84,Approved
23,Male,Yes,4,Not Graduate,Private,148838,61450,8813,665275,698,1,Personal,4871903,240,Rural,0.47,4.47,61.75,Approved
56,Female,No,4,Graduate,Government,122599,39523,16210,1249511,686,1,Vehicle,2788404,60,Urban,0.45,10.19,71.75,Approved
58,Male,Yes,2,Not Graduate,Government,220591,121830,40970,725666,689,0,Education,2995269,180,Semiurban,0.74,3.29,53.88,Rejected
43,Male,Yes,1,Graduate,Business,175328,16133,4292,649447,417,1,Home,265356,300,Semiurban,0.12,3.7,59.46,Approved
23,Female,No,4,Not Graduate,Business,25348,12695,4816,56633,624,1,Education,2804666,300,Urban,0.69,2.23,42.49,Rejected
52,Male,Yes,2,Not Graduate,Business,63680,24629,5952,924339,506,1,Personal,4594901,120,Semiurban,0.48,14.52,60.63,Rejected
37,Male,No,4,Not Graduate,Private,183727,102371,6026,1222559,397,1,Vehicle,664299,300,Rural,0.59,6.65,50.6,Approved
51,Female,Yes,2,Graduate,Business,152288,44309,28371,1401369,852,1,Home,3575519,240,Semiurban,0.48,9.2,78.04,Approved
60,Female,Yes,0,Graduate,Self Employed,75824,35624,8779,1347828,845,1,Personal,4481114,120,Semiurban,0.59,17.78,73.02,Approved
50,Male,Yes,1,Not Graduate,Self Employed,127547,46766,28186,145114,508,1,Vehicle,2507904,120,Semiurban,0.59,1.14,42.33,Rejected
59,Male,No,1,Graduate,Private,70309,6815,8047,661250,775,1,Education,3640153,60,Urban,0.21,9.4,79.73,Approved
31,Female,Yes,0,Not Graduate,Business,192666,77182,11533,1361182,343,1,Personal,564118,60,Semiurban,0.46,7.06,53.27,Approved
59,Female,Yes,3,Not Graduate,Government,124043,23423,7734,244739,884,0,Vehicle,4264533,60,Urban,0.25,1.97,70.66,Rejected
59,Male,No,2,Not Graduate,Private,130852,33574,4727,234005,479,0,Vehicle,3786586,240,Semiurban,0.29,1.79,51.32,Rejected
58,Male,No,4,Not Graduate,Government,102965,40765,13886,1005841,552,1,Home,3145048,240,Rural,0.53,9.77,62.27,Approved
44,Female,Yes,4,Graduate,Government,201058,108389,44013,512636,559,1,Vehicle,3143849,60,Rural,0.76,2.55,45.25,Rejected
36,Female,No,0,Not Graduate,Business,98876,10914,7715,633741,515,0,Education,2760735,240,Urban,0.19,6.41,64.01,Rejected
38,Male,No,3,Not Graduate,Business,208058,60360,6579,346264,567,0,Vehicle,3630517,300,Rural,0.32,1.66,57.2,Rejected
56,Female,No,0,Graduate,Private,185191,63117,42015,295406,303,1,Home,2663118,180,Rural,0.57,1.6,37.03,Rejected
26,Male,Yes,1,Graduate,Self Employed,227786,88728,29588,1013205,436,1,Home,2847943,180,Urban,0.52,4.45,51.8,Approved
26,Female,No,1,Not Graduate,Self Employed,238806,63847,1358,58171,871,0,Personal,3979101,120,Semiurban,0.27,0.24,70.56,Approved
31,Male,No,4,Not Graduate,Business,59125,7918,6028,366773,880,0,Personal,4511046,240,Semiurban,0.24,6.2,76.81,Approved
52,Male,Yes,1,Graduate,Business,95487,53918,16192,811266,433,1,Home,1908303,180,Rural,0.73,8.5,48.03,Approved
33,Female,Yes,3,Graduate,Government,96072,22157,7716,1305369,761,0,Vehicle,4989745,240,Urban,0.31,13.59,78.34,Approved
21,Female,Yes,2,Not Graduate,Private,206996,55265,46429,897705,562,0,Personal,4772454,60,Urban,0.49,4.34,57.19,Rejected
42,Male,No,2,Graduate,Government,86494,38065,20304,808884,609,1,Vehicle,1209294,300,Urban,0.67,9.35,58.99,Approved
58,Male,No,1,Not Graduate,Business,142705,22290,5875,675462,843,1,Home,2284443,60,Semiurban,0.2,4.73,76.72,Approved
23,Male,No,2,Not Graduate,Self Employed,94167,22250,20084,563140,829,1,Education,1483984,180,Rural,0.45,5.98,69.08,Approved
52,Male,No,0,Graduate,Private,34304,8766,3000,85208,781,1,Home,4018594,240,Urban,0.34,2.48,60.76,Approved
52,Male,No,2,Not Graduate,Self Employed,149233,19744,9702,269321,657,0,Home,2483341,120,Urban,0.2,1.8,62.86,Rejected
53,Female,Yes,4,Graduate,Private,129161,15070,8066,1054614,396,1,Personal,2484723,60,Semiurban,0.18,8.17,63.72,Approved
44,Male,No,1,Graduate,Government,140647,67895,29756,1327759,575,0,Vehicle,467815,300,Semiurban,0.69,9.44,59.23,Rejected
41,Male,Yes,0,Not Graduate,Business,229229,19558,48745,158319,860,1,Personal,3445867,180,Urban,0.3,0.69,69.83,Approved
36,Female,Yes,0,Graduate,Private,121843,57742,9336,1367209,457,0,Vehicle,4217507,240,Rural,0.55,11.22,58.67,Rejected
40,Male,No,0,Not Graduate,Private,148351,63385,25433,1009166,574,1,Personal,3644491,180,Rural,0.6,6.8,57.09,Approved
32,Female,No,0,Graduate,Business,141510,34390,10162,1048766,839,0,Vehicle,4027707,240,Urban,0.31,7.41,78.33,Approved
51,Female,Yes,1,Not Graduate,Private,157125,61063,19364,1202305,348,0,Personal,4406833,60,Rural,0.51,7.65,51.7,Rejected
48,Female,Yes,3,Not Graduate,Business,86810,43375,2679,1065799,316,0,Education,1606192,120,Semiurban,0.53,12.28,51.6,Rejected
23,Male,No,2,Not Graduate,Self Employed,218535,92852,29487,1318225,571,1,Home,1870569,120,Urban,0.56,6.03,59.39,Approved
59,Female,Yes,3,Graduate,Government,123529,20293,435,370155,788,1,Education,4182924,180,Rural,0.17,3.0,70.92,Approved
60,Female,No,2,Graduate,Private,55419,5454,3126,244697,316,0,Personal,1855144,240,Rural,0.15,4.42,50.45,Rejected
30,Male,No,4,Graduate,Government,98883,55444,15185,320725,785,1,Personal,1076927,120,Urban,0.71,3.24,53.9,Approved
49,Female,No,0,Not Graduate,Private,72779,24322,12836,116791,641,0,Personal,3722099,240,Semiurban,0.51,1.6,49.29,Rejected
58,Female,Yes,3,Not Graduate,Self Employed,154573,82468,31975,496341,362,0,Education,4935221,180,Rural,0.74,3.21,36.48,Rejected
25,Female,No,3,Graduate,Self Employed,183236,89696,22725,950206,746,0,Home,2516009,120,Semiurban,0.61,5.19,62.45,Approved
43,Female,Yes,4,Graduate,Business,177836,98742,43054,992447,434,1,Education,3596884,180,Semiurban,0.8,5.58,43.64,Approved
31,Male,No,0,Not Graduate,Private,65427,18073,2561,1280347,803,0,Education,4241666,180,Urban,0.32,19.57,78.84,Approved
34,Male,Yes,2,Not Graduate,Business,197452,25788,11450,1065871,332,0,Vehicle,3712306,60,Rural,0.19,5.4,57.79,Approved
35,Male,Yes,3,Not Graduate,Business,225753,51562,50421,107887,870,1,Home,4423383,300,Rural,0.45,0.48,65.1,Approved
27,Male,No,3,Graduate,Government,224905,85028,39954,223632,875,0,Personal,1501285,60,Urban,0.56,0.99,63.2,Rejected
44,Male,No,3,Not Graduate,Government,60447,26203,5959,711722,441,0,Home,3783508,240,Urban,0.53,11.77,56.06,Rejected
36,Female,No,2,Graduate,Government,89734,29407,13599,766324,551,0,Education,2014129,120,Semiurban,0.48,8.54,60.78,Rejected
47,Female,No,4,Not Graduate,Government,136019,24082,651,1094958,371,0,Vehicle,2740772,240,Urban,0.18,8.05,62.57,Approved
48,Male,No,0,Graduate,Government,185572,98502,43277,1100054,602,1,Education,4744020,180,Rural,0.76,5.93,53.11,Approved
41,Female,Yes,2,Graduate,Self Employed,136965,31887,28976,1472702,653,1,Home,2629428,60,Urban,0.44,10.75,71.17,Approved
55,Female,No,1,Not Graduate,Private,44332,21766,9040,664840,833,1,Home,296475,60,Rural,0.69,15.0,67.95,Approved
58,Female,Yes,2,Not Graduate,Government,211885,12857,24443,554748,819,1,Personal,500412,60,Semiurban,0.18,2.62,74.83,Approved
40,Male,No,2,Graduate,Private,111838,24608,9323,1408637,886,0,Education,4459279,120,Urban,0.3,12.6,84.75,Approved
41,Male,No,3,Graduate,Private,206552,60796,27004,181855,394,0,Education,1191050,240,Urban,0.43,0.88,44.78,Rejected
49,Male,No,4,Not Graduate,Self Employed,248593,74125,38292,1056116,733,1,Education,3597398,120,Urban,0.45,4.25,67.45,Approved
53,Male,No,3,Graduate,Government,202051,32871,29847,1002698,333,0,Vehicle,1096281,300,Semiurban,0.31,4.96,53.5,Rejected
28,Male,No,4,Not Graduate,Government,157042,25093,7716,789023,612,1,Vehicle,2566093,240,Urban,0.21,5.02,67.26,Approved
30,Male,No,0,Not Graduate,Business,76513,16998,16016,14374,425,1,Personal,474823,240,Semiurban,0.43,0.19,39.38,Rejected
57,Female,No,2,Not Graduate,Self Employed,238748,39815,49935,300502,816,1,Education,3867111,120,Rural,0.38,1.26,67.06,Approved
41,Male,No,3,Graduate,Self Employed,108866,40454,1501,1416022,753,1,Personal,1489277,60,Rural,0.39,13.01,76.26,Approved
40,Male,Yes,1,Graduate,Private,216754,67368,32940,49141,423,0,Personal,2406552,120,Urban,0.46,0.23,44.04,Rejected
58,Female,Yes,4,Not Graduate,Self Employed,174374,10896,32209,58786,648,1,Home,3580739,60,Rural,0.25,0.34,59.03,Approved
41,Female,No,0,Graduate,Government,162024,27040,18700,312061,487,1,Personal,1393752,180,Semiurban,0.28,1.93,53.51,Approved
31,Male,No,1,Graduate,Government,98125,30555,3235,681175,445,1,Vehicle,2263709,240,Urban,0.34,6.94,57.26,Approved
24,Male,Yes,4,Graduate,Self Employed,153332,71115,25234,251343,575,0,Vehicle,3999222,300,Semiurban,0.63,1.64,46.12,Rejected
25,Female,Yes,3,Graduate,Government,90558,41311,19207,1425781,403,0,Home,2655277,300,Semiurban,0.67,15.74,51.49,Rejected
49,Male,Yes,1,Not Graduate,Private,225002,37133,35227,898673,868,1,Personal,108397,240,Rural,0.32,3.99,75.92,Approved
39,Male,Yes,0,Not Graduate,Business,176727,37884,24913,746976,517,1,Personal,1454058,300,Rural,0.36,4.23,57.84,Approved
25,Female,Yes,3,Graduate,Private,210073,77938,18314,915890,515,1,Vehicle,2292451,240,Semiurban,0.46,4.36,56.27,Approved
36,Female,No,1,Not Graduate,Business,24161,7190,5295,14293,787,0,Personal,1555725,240,Rural,0.52,0.59,51.63,Rejected
52,Female,Yes,0,Graduate,Self Employed,196225,21176,23133,799318,666,1,Home,170727,60,Semiurban,0.23,4.07,68.82,Approved
44,Male,No,0,Graduate,Government,218815,41848,44600,1497295,666,0,Personal,2643245,120,Urban,0.4,6.84,70.19,Approved
52,Female,Yes,2,Not Graduate,Private,21870,6606,5230,840652,413,1,Education,1530065,300,Urban,0.54,38.44,52.99,Rejected
57,Male,Yes,4,Graduate,Government,53405,13507,9337,488077,835,1,Home,293923,300,Rural,0.43,9.14,74.69,Approved
37,Female,Yes,3,Graduate,Business,133389,58330,17959,265260,830,1,Education,3132245,300,Urban,0.57,1.99,59.04,Approved
35,Male,No,3,Not Graduate,Business,21352,8210,1594,711928,383,0,Home,3655261,60,Urban,0.46,33.34,54.1,Rejected
33,Male,No,2,Graduate,Government,27306,12863,3538,60380,642,1,Home,1004632,240,Urban,0.6,2.21,46.03,Rejected
42,Male,No,4,Graduate,Government,223358,83638,40603,929662,397,1,Personal,817517,60,Urban,0.56,4.16,48.22,Approved
45,Female,Yes,1,Graduate,Self Employed,34362,9939,7075,147972,404,0,Personal,2573941,240,Semiurban,0.5,4.31,43.09,Rejected
27,Female,Yes,4,Graduate,Self Employed,120642,65844,26055,907802,403,1,Personal,3909071,300,Semiurban,0.76,7.52,44.93,Rejected
58,Male,Yes,0,Graduate,Government,175421,30377,37566,274202,821,1,Vehicle,3631662,240,Rural,0.39,1.56,65.01,Approved
60,Female,Yes,1,Graduate,Government,35857,9183,5106,1235832,746,1,Vehicle,4996144,300,Urban,0.4,34.47,72.63,Approved
30,Female,No,4,Not Graduate,Business,116686,68587,264,1095654,900,0,Personal,2091349,300,Rural,0.59,9.39,75.75,Approved
24,Female,No,1,Graduate,Private,225852,13965,22383,407107,787,1,Vehicle,4952061,300,Semiurban,0.16,1.8,72.79,Approved
60,Female,No,2,Graduate,Government,139092,10530,32501,470127,303,0,Home,4013593,300,Urban,0.31,3.38,46.51,Rejected
36,Female,No,3,Graduate,Self Employed,68298,5440,11888,30745,375,1,Personal,4753090,60,Urban,0.25,0.45,42.69,Rejected
39,Female,Yes,4,Not Graduate,Government,27781,8262,1620,605802,478,0,Vehicle,1562004,180,Rural,0.36,21.81,61.68,Rejected
36,Male,Yes,0,Graduate,Business,46526,5687,11099,297820,688,0,Vehicle,1863598,180,Semiurban,0.36,6.4,64.42,Rejected
36,Female,No,1,Not Graduate,Government,51062,9732,2142,407706,496,1,Vehicle,2767171,300,Semiurban,0.23,7.98,63.08,Approved
36,Male,Yes,4,Not Graduate,Private,105899,21198,1745,1330071,586,0,Education,1855211,60,Semiurban,0.22,12.56,73.78,Approved
60,Male,Yes,4,Not Graduate,Business,150701,73012,30426,385387,629,1,Education,4250616,240,Semiurban,0.69,2.56,48.51,Rejected
58,Female,Yes,1,Graduate,Private,138510,35721,25945,468424,613,1,Education,4893002,120,Semiurban,0.45,3.38,56.19,Approved
37,Male,Yes,0,Not Graduate,Self Employed,156005,51081,15084,1234657,342,1,Vehicle,3674405,240,Semiurban,0.42,7.91,54.54,Approved
48,Female,No,3,Not Graduate,Business,120236,8239,5884,936287,539,1,Personal,3112289,60,Semiurban,0.12,7.79,70.82,Approved
53,Male,No,1,Graduate,Government,38703,16804,627,1155099,505,1,Home,2861876,180,Semiurban,0.45,29.85,60.48,Rejected
38,Male,Yes,4,Not Graduate,Government,221870,44252,18471,736940,713,1,Personal,4059456,300,Urban,0.28,3.32,68.73,Approved
46,Male,Yes,1,Not Graduate,Private,155220,81939,36216,993015,772,1,Personal,2726262,120,Semiurban,0.76,6.4,60.48,Approved
47,Male,No,3,Graduate,Business,56424,23923,2102,650830,309,1,Vehicle,2950635,120,Semiurban,0.46,11.53,52.15,Rejected
48,Female,No,2,Graduate,Government,56473,10036,5410,1201582,887,1,Education,1812992,240,Urban,0.27,21.28,83.48,Approved
55,Female,Yes,3,Graduate,Business,169294,64183,41877,648887,395,0,Personal,4738118,120,Urban,0.63,3.83,43.2,Rejected
59,Female,Yes,1,Graduate,Government,121159,42200,6746,498719,598,0,Education,581952,180,Rural,0.4,4.12,57.54,Rejected
21,Male,No,3,Not Graduate,Private,49030,9231,8789,887476,789,0,Education,1832077,120,Urban,0.37,18.1,76.0,Rejected
40,Female,No,1,Not Graduate,Private,151720,65156,18051,433001,307,0,Education,636619,240,Rural,0.55,2.85,38.97,Rejected
36,Female,No,3,Not Graduate,Government,213276,16941,18868,1365387,767,1,Vehicle,3380703,300,Urban,0.17,6.4,80.39,Approved
47,Male,Yes,4,Not Graduate,Self Employed,120837,29044,22889,1202472,397,1,Personal,2110709,120,Semiurban,0.43,9.95,59.49,Approved
55,Female,Yes,1,Not Graduate,Self Employed,219717,77459,7944,783287,378,0,Vehicle,3540135,240,Urban,0.39,3.56,51.06,Rejected
37,Male,Yes,3,Graduate,Government,187475,96027,44277,978682,690,1,Education,1730775,240,Urban,0.75,5.22,56.15,Approved
21,Female,Yes,1,Not Graduate,Self Employed,147076,65470,4471,183117,861,0,Education,1276550,240,Semiurban,0.48,1.25,62.37,Rejected
31,Male,Yes,4,Graduate,Private,97108,13136,17519,829670,472,0,Personal,2392206,120,Semiurban,0.32,8.54,62.48,Approved
43,Male,Yes,0,Graduate,Self Employed,202646,11259,41601,1106547,405,1,Vehicle,3824430,60,Rural,0.26,5.46,59.2,Approved
21,Male,No,1,Graduate,Business,82531,18106,2994,43635,731,0,Personal,2927939,120,Rural,0.26,0.53,59.18,Rejected
25,Male,Yes,1,Graduate,Government,128968,72174,3528,696065,630,0,Home,4644131,240,Semiurban,0.59,5.4,56.34,Rejected
28,Male,Yes,0,Not Graduate,Business,65513,5982,6588,1381522,623,0,Education,1884826,240,Urban,0.19,21.09,74.55,Rejected
25,Female,No,0,Graduate,Private,127766,44522,25150,1265919,811,0,Home,2213427,60,Rural,0.55,9.91,74.61,Approved
41,Female,Yes,2,Graduate,Business,243229,131387,4424,712766,318,1,Education,4386797,120,Rural,0.56,2.93,42.97,Approved
58,Male,Yes,0,Graduate,Business,81969,33082,7980,1309743,381,0,Home,3241731,240,Semiurban,0.5,15.98,55.18,Rejected
33,Male,No,1,Graduate,Private,210135,83390,29080,699312,437,1,Vehicle,432251,300,Semiurban,0.54,3.33,48.43,Approved
39,Male,Yes,2,Not Graduate,Private,73953,40344,1771,1404618,554,0,Education,4474423,180,Urban,0.57,18.99,60.5,Rejected
49,Male,Yes,3,Graduate,Private,33659,15393,2318,438280,428,0,Home,4704063,120,Urban,0.53,13.02,54.58,Rejected
53,Male,No,3,Not Graduate,Private,209182,30891,16051,899227,480,0,Vehicle,2493713,300,Semiurban,0.22,4.3,61.57,Rejected
33,Female,No,0,Not Graduate,Self Employed,119016,26989,15424,935632,732,1,Home,4143315,60,Semiurban,0.36,7.86,72.33,Approved
48,Male,No,4,Graduate,Private,87447,29933,15192,651408,764,1,Education,4815589,300,Semiurban,0.52,7.45,66.87,Approved
25,Female,Yes,3,Graduate,Private,69709,5273,420,1060043,683,1,Education,3588152,240,Rural,0.08,15.21,80.69,Approved
44,Female,No,2,Graduate,Self Employed,30178,7039,3152,1196167,466,0,Education,2241262,180,Rural,0.34,39.64,61.79,Rejected
52,Female,Yes,3,Not Graduate,Private,83531,36308,1130,767940,328,0,Vehicle,3920765,120,Semiurban,0.45,9.19,52.86,Rejected
36,Male,Yes,0,Graduate,Self Employed,124245,15531,16991,405991,733,0,Education,2221237,180,Rural,0.26,3.27,66.23,Approved
55,Female,No,3,Graduate,Government,186770,80053,22570,309291,575,0,Education,2684533,60,Urban,0.55,1.66,49.85,Rejected
52,Male,Yes,0,Not Graduate,Self Employed,191578,42793,28242,367845,480,1,Home,1226859,120,Semiurban,0.37,1.92,51.71,Approved
32,Male,No,4,Graduate,Private,72675,8865,5987,412411,565,1,Education,1015997,120,Urban,0.2,5.67,63.24,Approved
39,Male,No,0,Not Graduate,Government,109693,6944,19190,502369,789,1,Personal,179746,60,Semiurban,0.24,4.58,71.47,Approved
21,Male,Yes,1,Graduate,Self Employed,178068,73167,17421,1029061,784,1,Education,2923187,180,Rural,0.51,5.78,68.26,Approved
42,Female,Yes,2,Not Graduate,Self Employed,180119,12502,23332,702595,402,0,Education,3470612,120,Urban,0.2,3.9,56.9,Rejected
59,Male,No,1,Not Graduate,Self Employed,182097,94939,43180,1006565,827,1,Home,126248,180,Urban,0.76,5.53,62.34,Approved
44,Male,No,3,Graduate,Self Employed,124900,15665,11414,907405,787,0,Education,2565101,300,Urban,0.22,7.27,78.0,Approved
30,Male,Yes,3,Graduate,Business,238196,127369,11013,945931,418,1,Home,2141418,120,Urban,0.58,3.97,48.62,Approved
26,Male,No,0,Graduate,Business,120529,41747,7221,550286,787,0,Home,4584074,240,Urban,0.41,4.57,66.74,Rejected
42,Male,Yes,2,Not Graduate,Self Employed,191421,89161,36824,926376,538,0,Vehicle,1070477,180,Urban,0.66,4.84,51.5,Rejected
28,Male,No,4,Graduate,Government,170166,53200,8350,667189,689,0,Vehicle,619128,300,Rural,0.36,3.92,64.42,Approved
33,Female,No,2,Not Graduate,Private,156249,91998,38717,475864,409,1,Personal,4615528,240,Semiurban,0.84,3.05,35.42,Rejected
30,Female,Yes,3,Not Graduate,Private,177670,42144,9559,1405341,335,1,Vehicle,4314252,60,Semiurban,0.29,7.91,59.09,Approved
57,Female,Yes,3,Not Graduate,Self Employed,35417,21075,5458,330239,515,0,Personal,1601730,240,Rural,0.75,9.32,50.48,Rejected
46,Female,Yes,0,Not Graduate,Business,130739,67052,32450,740453,700,1,Personal,4527880,180,Semiurban,0.76,5.66,54.84,Approved
33,Female,Yes,1,Not Graduate,Government,242772,84711,29984,1382866,467,0,Education,4147014,180,Urban,0.47,5.7,57.69,Rejected
34,Male,Yes,0,Not Graduate,Government,197816,107956,9673,799694,737,0,Personal,905706,180,Semiurban,0.59,4.04,60.91,Approved
32,Male,Yes,4,Not Graduate,Self Employed,58946,25544,11838,857236,550,0,Personal,2120441,240,Semiurban,0.63,14.54,57.78,Rejected
40,Male,No,0,Not Graduate,Self Employed,92146,46440,21403,943480,676,0,Personal,1078343,60,Urban,0.74,10.24,61.64,Rejected
52,Male,Yes,4,Not Graduate,Business,201856,102695,6196,1253357,485,1,Education,3737774,180,Rural,0.54,6.21,55.86,Approved
29,Male,No,0,Graduate,Self Employed,233088,10176,25807,1176142,849,1,Personal,4452858,300,Rural,0.15,5.05,82.52,Approved
28,Male,Yes,1,Graduate,Government,165416,63619,20597,268044,340,0,Home,1452329,60,Rural,0.51,1.62,39.7,Rejected
37,Male,Yes,0,Not Graduate,Business,162718,27492,27725,1390260,300,0,Vehicle,487270,300,Semiurban,0.34,8.54,56.75,Approved
55,Female,Yes,4,Not Graduate,Business,157013,51152,35272,1080785,514,0,Personal,2088941,60,Urban,0.55,6.88,56.38,Rejected
30,Female,Yes,1,Graduate,Business,92717,13420,20391,895029,376,1,Vehicle,3302622,120,Semiurban,0.36,9.65,58.79,Approved
50,Male,No,3,Graduate,Private,38496,13827,3156,790438,877,0,Education,1387579,180,Semiurban,0.44,20.53,77.28,Rejected
45,Male,Yes,0,Not Graduate,Government,159321,19416,35937,863082,367,1,Personal,3143550,180,Semiurban,0.35,5.42,53.1,Approved
30,Male,No,0,Graduate,Self Employed,78255,29814,3440,269005,479,1,Education,901452,300,Semiurban,0.42,3.44,48.55,Rejected
57,Female,No,4,Graduate,Government,64760,25840,15507,826973,485,1,Education,4100207,300,Urban,0.64,12.77,54.99,Rejected
37,Male,Yes,1,Graduate,Self Employed,168782,40044,3464,1350485,679,0,Education,3940192,120,Semiurban,0.26,8.0,75.2,Approved
43,Female,No,2,Not Graduate,Private,100003,46656,2848,651018,716,1,Personal,766683,60,Rural,0.5,6.51,63.99,Approved
36,Male,Yes,4,Graduate,Government,214880,42467,36317,1043582,310,1,Home,4123645,240,Rural,0.37,4.86,51.09,Approved
55,Male,No,0,Graduate,Government,207212,60702,46045,1130560,653,0,Personal,3863566,120,Rural,0.52,5.46,62.77,Approved
54,Male,Yes,0,Not Graduate,Private,154659,51306,3336,896512,807,1,Home,3231330,60,Semiurban,0.35,5.8,73.05,Approved
36,Male,No,2,Not Graduate,Business,89402,18963,73,1333672,882,1,Home,2657013,300,Urban,0.21,14.92,86.39,Approved
50,Female,Yes,2,Graduate,Self Employed,106127,24552,11596,234739,305,1,Home,3472791,180,Urban,0.34,2.21,42.01,Approved
27,Female,No,1,Graduate,Private,127667,21232,29920,1032177,307,0,Vehicle,1996624,240,Semiurban,0.4,8.08,52.9,Rejected
44,Female,No,3,Graduate,Business,48493,19371,10752,931397,465,0,Vehicle,3740321,60,Semiurban,0.62,19.21,53.97,Rejected
33,Male,Yes,2,Graduate,Private,123427,60188,24376,704605,332,0,Home,4120617,180,Urban,0.69,5.71,40.56,Rejected
47,Female,No,1,Not Graduate,Self Employed,151559,55967,8612,240126,410,0,Home,1404780,180,Rural,0.43,1.58,44.67,Rejected
21,Male,Yes,2,Not Graduate,Government,133856,67939,18970,601865,797,0,Education,2178254,300,Urban,0.65,4.5,60.29,Rejected
53,Male,Yes,2,Graduate,Business,203751,37421,43668,910011,503,1,Personal,4313882,300,Urban,0.4,4.47,57.5,Approved
33,Male,Yes,0,Graduate,Self Employed,30057,9486,1574,316622,736,0,Home,862821,60,Semiurban,0.37,10.53,72.87,Rejected
47,Female,Yes,1,Not Graduate,Self Employed,145618,13041,33414,905636,352,1,Personal,2358599,180,Semiurban,0.32,6.22,54.34,Approved
43,Female,Yes,2,Graduate,Private,30718,5008,427,1395023,629,0,Vehicle,4059910,180,Rural,0.18,45.41,73.88,Rejected
27,Female,Yes,2,Not Graduate,Business,107630,24946,3654,213187,313,0,Vehicle,3124669,180,Rural,0.27,1.98,44.21,Rejected
58,Female,Yes,2,Graduate,Self Employed,42867,8485,2137,1330280,423,0,Home,1718393,240,Urban,0.25,31.03,63.08,Rejected
25,Female,No,3,Graduate,Private,31484,7094,1570,887055,863,1,Vehicle,3170331,240,Rural,0.28,28.17,81.36,Approved
28,Female,Yes,3,Not Graduate,Government,63761,22966,11414,280394,596,0,Personal,1695437,240,Semiurban,0.54,4.4,51.66,Rejected
55,Male,Yes,3,Not Graduate,Self Employed,125080,40585,6780,396015,303,0,Home,174334,300,Semiurban,0.38,3.17,43.44,Rejected
53,Female,No,1,Not Graduate,Business,164743,20611,11213,479614,346,0,Vehicle,427916,120,Semiurban,0.19,2.91,51.99,Rejected
29,Female,Yes,1,Graduate,Government,20366,10313,2846,1336832,677,1,Personal,4707653,180,Rural,0.65,65.64,61.52,Rejected
29,Female,No,2,Graduate,Government,235988,98187,14370,596552,480,1,Personal,4607943,300,Urban,0.48,2.53,51.52,Approved
45,Female,Yes,3,Graduate,Business,90462,18364,19059,1330787,704,0,Education,2043834,240,Semiurban,0.41,14.71,72.5,Approved
30,Female,Yes,3,Graduate,Self Employed,68503,16541,6188,1204659,802,0,Vehicle,276557,180,Urban,0.33,17.59,78.43,Approved
32,Female,Yes,0,Graduate,Government,131776,37145,29820,1362912,712,0,Home,198889,300,Urban,0.51,10.34,71.67,Approved
45,Female,Yes,0,Graduate,Government,54649,13137,12617,185312,574,0,Personal,178820,60,Rural,0.47,3.39,50.34,Rejected
42,Male,Yes,1,Not Graduate,Self Employed,233769,47767,20144,705743,790,0,Home,568717,300,Rural,0.29,3.02,71.78,Approved
38,Male,Yes,0,Graduate,Business,46887,21762,6804,307449,301,0,Personal,2001488,240,Semiurban,0.61,6.56,40.09,Rejected
30,Female,No,1,Not Graduate,Government,148927,27224,7217,480857,404,1,Vehicle,739966,300,Semiurban,0.23,3.23,53.43,Approved
28,Female,Yes,0,Graduate,Private,132362,74531,21944,1267476,485,1,Home,2629700,300,Semiurban,0.73,9.58,54.14,Approved
43,Male,No,3,Not Graduate,Business,232525,25019,51698,14569,452,0,Vehicle,1339670,240,Semiurban,0.33,0.06,49.62,Rejected
51,Male,Yes,4,Not Graduate,Business,57923,7963,5292,277461,486,1,Vehicle,2778614,240,Semiurban,0.23,4.79,56.63,Rejected
51,Female,No,1,Graduate,Self Employed,129749,77002,16289,1139834,846,1,Home,3326487,60,Rural,0.72,8.78,68.79,Approved
47,Male,Yes,1,Not Graduate,Government,73288,6124,11875,1180996,785,0,Personal,599771,180,Semiurban,0.25,16.11,80.45,Approved
29,Female,No,1,Not Graduate,Private,75243,19718,1830,298990,420,0,Education,321013,240,Semiurban,0.29,3.97,51.03,Rejected
24,Male,Yes,3,Graduate,Government,58505,16968,2314,175660,550,0,Personal,4874654,240,Urban,0.33,3.0,52.9,Rejected
32,Female,Yes,4,Not Graduate,Self Employed,127878,49215,14548,1362342,313,1,Personal,1407677,60,Rural,0.5,10.65,54.07,Approved
23,Male,Yes,0,Not Graduate,Self Employed,198232,64545,36317,551179,885,1,Home,3654003,120,Semiurban,0.51,2.78,67.56,Approved
26,Female,Yes,1,Not Graduate,Government,77385,30709,6019,1182925,379,1,Education,2727225,240,Semiurban,0.47,15.29,55.7,Rejected
31,Male,No,3,Graduate,Business,48416,8420,1274,770640,643,0,Home,2467323,120,Rural,0.2,15.92,74.51,Rejected
27,Male,Yes,4,Graduate,Business,69215,41155,6610,1348798,333,0,Vehicle,813361,300,Rural,0.69,19.49,46.87,Rejected
23,Female,Yes,0,Not Graduate,Government,100898,5555,11686,602240,707,0,Vehicle,3376936,180,Urban,0.17,5.97,72.27,Approved
27,Female,No,4,Graduate,Private,26208,14620,6521,811346,788,0,Vehicle,1452436,120,Rural,0.81,30.96,61.87,Rejected
50,Male,Yes,1,Graduate,Private,221543,99182,10554,1061973,828,1,Education,1200565,180,Semiurban,0.5,4.79,70.39,Approved
44,Female,Yes,3,Graduate,Private,180009,84544,4915,329608,880,1,Personal,225340,120,Semiurban,0.5,1.83,65.06,Approved
56,Male,No,0,Not Graduate,Business,64490,24372,2645,152945,586,1,Vehicle,848509,60,Urban,0.42,2.37,50.8,Rejected
50,Female,No,2,Not Graduate,Private,52497,23636,7999,93031,672,1,Education,3531219,300,Rural,0.6,1.77,47.43,Rejected
29,Female,No,4,Not Graduate,Business,41886,18539,8289,953911,569,0,Personal,2153672,300,Urban,0.64,22.77,57.75,Rejected
30,Male,No,3,Graduate,Self Employed,243826,24130,14617,824162,773,0,Vehicle,4008064,240,Rural,0.16,3.38,76.1,Approved
55,Female,Yes,0,Graduate,Government,124056,61769,6536,852049,636,0,Vehicle,2972456,300,Semiurban,0.55,6.87,60.45,Approved
34,Female,Yes,2,Not Graduate,Government,162889,25413,30799,315164,518,1,Personal,3290060,60,Semiurban,0.35,1.93,53.05,Approved
48,Female,Yes,0,Graduate,Government,218866,94610,27716,575912,558,0,Personal,1288983,60,Semiurban,0.56,2.63,52.05,Rejected
46,Male,No,3,Not Graduate,Private,195543,39006,12063,122705,394,1,Vehicle,2590619,120,Urban,0.26,0.63,48.75,Approved
43,Female,No,3,Graduate,Self Employed,112980,64808,22704,1206041,698,0,Home,752706,300,Rural,0.77,10.67,62.3,Rejected
30,Female,No,0,Graduate,Self Employed,58662,21365,14160,673555,416,1,Vehicle,4467878,60,Semiurban,0.61,11.48,52.67,Rejected
29,Female,Yes,0,Graduate,Private,130146,76576,25375,358339,686,0,Vehicle,1859620,120,Rural,0.78,2.75,47.7,Rejected
57,Male,No,2,Graduate,Business,100469,37904,4087,1476574,811,1,Education,3542574,180,Semiurban,0.42,14.7,77.52,Approved
55,Female,No,0,Graduate,Self Employed,132298,53905,11593,1169208,466,1,Education,2490987,240,Rural,0.5,8.84,58.83,Approved
39,Male,Yes,0,Graduate,Government,181548,58907,6794,1051036,857,0,Education,4322502,300,Urban,0.36,5.79,76.07,Approved
39,Female,Yes,1,Not Graduate,Self Employed,50015,11408,7693,270970,659,1,Education,3420282,60,Semiurban,0.38,5.42,60.67,Approved
35,Female,No,2,Not Graduate,Self Employed,196501,36661,272,879388,333,0,Personal,1386605,180,Rural,0.19,4.48,55.97,Rejected
59,Female,No,1,Not Graduate,Private,165683,56296,12626,1302407,702,0,Education,1181043,240,Rural,0.42,7.86,71.07,Approved
32,Female,No,4,Graduate,Self Employed,80547,11525,4139,1067503,421,1,Vehicle,4738107,120,Semiurban,0.19,13.25,66.1,Approved
34,Male,Yes,0,Not Graduate,Government,184860,105929,38881,330966,328,0,Education,312146,120,Semiurban,0.78,1.79,32.05,Rejected
43,Male,Yes,1,Not Graduate,Private,160356,37145,24779,556265,352,1,Personal,1306026,60,Rural,0.39,3.47,47.41,Approved
58,Male,Yes,3,Graduate,Government,57181,14255,4292,388803,395,0,Education,3131620,120,Semiurban,0.32,6.8,53.71,Rejected
27,Female,Yes,3,Graduate,Self Employed,184018,15002,13781,1451448,729,1,Vehicle,3882243,120,Urban,0.16,7.89,80.84,Approved
40,Male,Yes,4,Graduate,Government,109865,27726,15856,1297661,859,0,Home,4476744,180,Urban,0.4,11.81,80.67,Approved
33,Male,Yes,4,Graduate,Private,247245,100653,7522,464993,330,1,Home,1943489,60,Rural,0.44,1.88,45.19,Rejected
29,Female,No,3,Graduate,Government,111371,51404,18071,1377184,601,1,Education,3757953,300,Semiurban,0.62,12.37,62.45,Approved
33,Female,Yes,1,Not Graduate,Self Employed,46973,24124,9626,663441,469,0,Education,3736223,240,Semiurban,0.72,14.12,51.17,Rejected
59,Female,No,4,Graduate,Self Employed,132541,31177,23128,794251,365,1,Home,383199,300,Semiurban,0.41,5.99,51.22,Approved
58,Female,No,4,Not Graduate,Self Employed,27848,6878,1473,686711,739,0,Vehicle,2157877,60,Urban,0.3,24.66,74.96,Rejected
44,Female,Yes,2,Graduate,Government,103516,50107,357,699689,518,1,Vehicle,2051599,300,Urban,0.49,6.76,56.06,Approved
45,Female,Yes,4,Graduate,Government,167051,41444,39839,1417912,376,1,Education,2765759,180,Urban,0.49,8.49,55.77,Approved
33,Male,No,3,Graduate,Business,130424,20631,4066,959559,475,1,Education,2083250,300,Urban,0.19,7.36,65.36,Approved
39,Male,Yes,3,Not Graduate,Private,240631,110594,2425,1128761,840,0,Vehicle,236501,60,Semiurban,0.47,4.69,72.25,Approved
27,Female,No,2,Not Graduate,Business,124947,15455,18233,666774,805,0,Education,2603528,240,Semiurban,0.27,5.34,73.36,Approved
28,Female,Yes,0,Graduate,Government,236388,7725,9092,230485,630,1,Home,1527669,60,Urban,0.07,0.98,67.27,Approved
44,Male,Yes,2,Graduate,Government,32583,9985,614,563075,637,1,Vehicle,1528903,120,Rural,0.33,17.28,69.86,Approved
50,Male,Yes,2,Graduate,Self Employed,186960,63560,43793,266635,834,0,Education,4211288,180,Semiurban,0.57,1.43,60.17,Rejected
51,Male,Yes,2,Not Graduate,Government,112539,41602,27379,518299,510,0,Personal,4249053,60,Urban,0.61,4.61,47.99,Rejected
21,Male,No,3,Graduate,Self Employed,47403,16155,3418,1248416,840,1,Vehicle,3908612,120,Rural,0.41,26.34,76.84,Approved
27,Male,Yes,2,Not Graduate,Self Employed,247503,139601,13305,849290,492,0,Vehicle,3649169,120,Rural,0.62,3.43,50.1,Rejected
40,Male,Yes,3,Graduate,Government,83062,6087,15101,402229,573,0,Education,4553389,240,Semiurban,0.26,4.84,60.82,Rejected
37,Male,Yes,2,Not Graduate,Private,59484,18006,8227,913554,820,1,Personal,3802233,180,Semiurban,0.44,15.36,75.59,Approved
27,Male,No,3,Graduate,Business,69663,31390,5788,1255811,582,1,Education,1015906,60,Rural,0.53,18.03,62.64,Approved
36,Male,Yes,0,Graduate,Government,170793,39888,15647,148091,844,0,Vehicle,1999726,300,Rural,0.33,0.87,66.32,Approved
46,Female,No,0,Graduate,Business,149806,31962,11208,436928,655,1,Vehicle,126062,60,Urban,0.29,2.92,62.29,Approved
53,Female,No,1,Graduate,Business,198636,14103,10921,402889,640,1,Home,206827,240,Semiurban,0.13,2.03,66.67,Approved
42,Male,Yes,2,Graduate,Private,198048,104648,637,1255719,660,1,Personal,4196218,120,Semiurban,0.53,6.34,63.99,Approved
28,Male,Yes,4,Not Graduate,Private,157696,70948,10964,317406,396,0,Vehicle,2915865,240,Semiurban,0.52,2.01,42.35,Rejected
43,Female,No,2,Not Graduate,Self Employed,23554,10777,2466,1499307,641,1,Personal,2364399,300,Rural,0.56,63.65,62.56,Rejected
22,Male,No,1,Graduate,Business,150503,9050,16014,1221281,741,1,Home,848884,120,Semiurban,0.17,8.11,80.19,Approved
27,Female,No,4,Graduate,Business,198013,50723,21705,830041,727,1,Vehicle,1698639,60,Rural,0.37,4.19,67.64,Approved
54,Female,Yes,3,Not Graduate,Business,95604,12221,273,1056325,450,1,Home,4488803,180,Rural,0.13,11.05,69.9,Approved
56,Male,No,3,Not Graduate,Government,229658,82260,1021,961809,341,0,Vehicle,1135454,60,Semiurban,0.36,4.19,51.84,Rejected
40,Male,No,2,Graduate,Government,85911,14025,11475,604050,814,0,Personal,2370535,120,Rural,0.3,7.03,74.77,Approved
33,Female,Yes,2,Graduate,Government,144040,51482,16300,1432918,695,1,Education,923247,180,Semiurban,0.47,9.95,72.43,Approved
59,Female,Yes,4,Not Graduate,Business,230863,41484,44782,428395,556,0,Education,4749669,120,Semiurban,0.37,1.86,56.45,Rejected
40,Male,No,4,Not Graduate,Private,118557,62264,3147,300685,839,1,Vehicle,4326307,180,Semiurban,0.55,2.54,60.55,Approved
43,Female,No,3,Not Graduate,Self Employed,27254,14157,216,892730,390,0,Vehicle,2135459,300,Rural,0.53,32.76,52.6,Rejected
44,Male,No,0,Not Graduate,Private,125628,5780,15165,1096342,771,0,Personal,558796,180,Rural,0.17,8.73,81.74,Approved
27,Female,Yes,2,Not Graduate,Business,246574,20955,7958,1236031,823,0,Home,4430736,120,Rural,0.12,5.01,82.95,Approved
52,Male,Yes,1,Not Graduate,Business,208518,5845,31782,1317918,505,0,Personal,100299,120,Rural,0.18,6.32,68.01,Approved
28,Male,Yes,1,Graduate,Self Employed,26463,13287,3635,829386,356,0,Vehicle,3493672,240,Urban,0.64,31.34,47.7,Rejected
36,Female,No,4,Graduate,Self Employed,58337,25846,354,397570,445,0,Home,4390898,300,Urban,0.45,6.82,52.27,Rejected
51,Female,No,2,Graduate,Self Employed,116295,48758,9017,830383,695,0,Education,3597181,240,Urban,0.5,7.14,64.92,Rejected
22,Female,No,0,Not Graduate,Government,172184,44683,2233,1362891,755,0,Vehicle,1268562,240,Rural,0.27,7.92,78.1,Approved
50,Female,Yes,1,Not Graduate,Private,111444,64149,23141,1111121,699,0,Home,1370058,180,Rural,0.78,9.97,61.97,Rejected
57,Female,No,1,Not Graduate,Business,123266,13940,30020,1362944,795,1,Education,1613091,300,Rural,0.36,11.06,79.57,Approved
53,Female,Yes,2,Not Graduate,Self Employed,37713,6472,483,343823,537,0,Personal,4289555,240,Semiurban,0.18,9.12,68.08,Rejected
35,Male,Yes,1,Not Graduate,Self Employed,36874,7029,4103,250068,338,0,Education,3240041,300,Rural,0.3,6.78,51.0,Rejected
22,Male,No,0,Not Graduate,Self Employed,54921,25886,9400,1176998,504,0,Vehicle,4219670,240,Rural,0.64,21.43,55.32,Rejected
39,Male,Yes,1,Not Graduate,Private,42549,24074,397,1329351,398,0,Personal,1279124,60,Semiurban,0.58,31.24,52.14,Rejected
47,Male,No,1,Not Graduate,Private,238209,59388,37379,1003489,812,1,Vehicle,4786692,120,Urban,0.41,4.21,71.86,Approved
49,Female,No,0,Graduate,Private,225098,72796,19544,221629,420,1,Home,531837,300,Rural,0.41,0.98,47.33,Rejected
42,Male,Yes,2,Not Graduate,Self Employed,204358,51911,4453,341062,594,0,Home,4443283,300,Rural,0.28,1.67,59.64,Rejected
40,Female,Yes,4,Graduate,Self Employed,88957,47810,982,77685,646,1,Vehicle,1782010,180,Urban,0.55,0.87,47.56,Approved
29,Male,No,0,Graduate,Self Employed,39113,6158,5666,158400,726,0,Education,1186027,180,Rural,0.3,4.05,62.86,Rejected
23,Male,Yes,3,Graduate,Business,133119,67599,19884,487637,321,0,Personal,1745629,300,Rural,0.66,3.66,37.2,Rejected
45,Male,No,0,Not Graduate,Self Employed,202305,21415,28162,1480811,737,0,Personal,3773814,60,Rural,0.25,7.32,78.14,Approved
44,Female,Yes,2,Not Graduate,Government,82434,20206,3014,1244420,310,0,Education,4598119,300,Urban,0.28,15.1,58.62,Rejected
21,Male,Yes,0,Graduate,Private,134964,28670,18520,101686,621,1,Home,2552935,120,Rural,0.35,0.75,54.02,Approved
46,Female,Yes,0,Graduate,Business,162513,31982,32435,1489027,665,0,Education,2639390,180,Rural,0.4,9.16,72.49,Approved
39,Male,No,2,Graduate,Government,110868,64010,13462,1489544,797,1,Personal,1807542,120,Rural,0.7,13.44,68.89,Approved
35,Female,Yes,0,Not Graduate,Private,29402,8851,5720,933328,764,0,Personal,4285139,60,Semiurban,0.5,31.74,70.26,Rejected
38,Female,No,0,Graduate,Business,244021,105646,32463,49528,691,1,Education,472584,120,Urban,0.57,0.2,53.9,Approved
45,Male,No,4,Graduate,Business,28206,13872,6250,739398,326,1,Vehicle,1916503,60,Semiurban,0.71,26.21,44.22,Rejected
60,Female,No,0,Graduate,Self Employed,209083,93862,18836,1131475,774,1,Vehicle,1463558,240,Semiurban,0.54,5.41,67.42,Approved
36,Male,Yes,2,Not Graduate,Government,85518,40573,9693,717856,884,1,Personal,2400742,180,Semiurban,0.59,8.39,71.86,Approved
37,Male,Yes,2,Not Graduate,Business,242191,51867,29085,980403,317,1,Personal,4012778,60,Semiurban,0.33,4.05,51.85,Approved
51,Male,No,0,Graduate,Business,179993,77279,20580,144308,751,0,Vehicle,2416466,180,Semiurban,0.54,0.8,55.87,Rejected
29,Male,Yes,1,Graduate,Private,50001,26449,630,396411,818,1,Vehicle,451948,300,Rural,0.54,7.93,67.96,Approved
35,Male,No,2,Graduate,Business,161673,10863,39359,502194,658,0,Personal,4352503,240,Urban,0.31,3.11,62.6,Rejected
53,Male,Yes,1,Not Graduate,Business,237353,114043,4678,1356134,736,1,Home,307153,180,Rural,0.5,5.71,68.63,Approved
44,Female,No,2,Not Graduate,Business,183031,9083,10506,782385,345,1,Home,314205,60,Rural,0.11,4.27,57.99,Approved
34,Female,No,1,Not Graduate,Government,192244,100192,9835,809202,380,0,Home,4842938,300,Rural,0.57,4.21,45.83,Rejected
56,Female,Yes,4,Graduate,Self Employed,192804,73740,34100,934880,624,1,Home,4925494,180,Urban,0.56,4.85,58.36,Approved
42,Male,No,1,Not Graduate,Business,216133,20127,45421,515511,755,1,Vehicle,768488,180,Rural,0.3,2.39,67.87,Approved
53,Male,No,3,Graduate,Self Employed,226124,59899,15057,1203997,428,0,Education,1258803,300,Semiurban,0.33,5.32,58.77,Approved
39,Female,No,0,Graduate,Self Employed,130368,71194,32219,321214,889,1,Home,1609242,240,Urban,0.79,2.46,55.86,Approved
31,Male,No,2,Not Graduate,Government,53134,6116,7068,60187,470,0,Home,4419269,300,Semiurban,0.25,1.13,47.84,Rejected
48,Female,Yes,3,Graduate,Business,51202,16036,5515,1250419,410,0,Personal,3077600,240,Semiurban,0.42,24.42,57.64,Rejected
49,Female,No,3,Graduate,Private,209715,105395,38637,1078234,385,0,Personal,3202727,240,Semiurban,0.69,5.14,45.18,Rejected
41,Female,Yes,4,Not Graduate,Government,80886,24487,16164,725374,349,1,Vehicle,2807843,240,Semiurban,0.5,8.97,51.61,Approved
32,Male,Yes,1,Not Graduate,Business,170768,85671,20602,218596,655,1,Home,1094478,180,Semiurban,0.62,1.28,49.83,Rejected
52,Female,Yes,1,Not Graduate,Business,178903,103758,6954,495856,585,0,Personal,1835125,300,Rural,0.62,2.77,50.13,Rejected
31,Male,Yes,4,Graduate,Government,148022,8378,24218,436017,588,1,Education,4469574,120,Semiurban,0.22,2.95,61.34,Approved
39,Male,Yes,3,Not Graduate,Self Employed,88958,10692,4483,593958,419,1,Personal,1965976,60,Semiurban,0.17,6.68,60.42,Approved
31,Female,No,3,Graduate,Business,30055,12100,822,1488709,833,1,Home,4782271,60,Rural,0.43,49.53,75.33,Approved
21,Male,Yes,4,Not Graduate,Private,196514,30647,17385,995903,455,1,Home,4266843,180,Urban,0.24,5.07,60.89,Approved
33,Male,Yes,0,Not Graduate,Government,148631,78103,13667,1498958,482,0,Education,2306823,300,Semiurban,0.62,10.09,58.84,Rejected
58,Male,No,3,Graduate,Business,240382,65789,57346,622611,796,1,Education,3095805,300,Semiurban,0.51,2.59,64.81,Approved
39,Male,Yes,0,Not Graduate,Self Employed,137223,47650,16213,1399191,735,0,Home,3998487,180,Rural,0.47,10.2,74.19,Approved
28,Female,No,1,Not Graduate,Self Employed,177563,59002,15391,70738,597,1,Home,3530989,60,Rural,0.42,0.4,51.86,Rejected
41,Female,No,3,Not Graduate,Self Employed,131463,57255,17085,124574,574,1,Home,2950797,60,Semiurban,0.57,0.95,45.7,Rejected
49,Female,Yes,4,Graduate,Private,224354,86957,7229,1296191,637,0,Personal,277148,240,Urban,0.42,5.78,66.25,Approved
42,Female,Yes,0,Graduate,Business,160370,31009,10288,1133441,705,0,Vehicle,1453956,180,Semiurban,0.26,7.07,74.16,Approved
47,Male,Yes,0,Graduate,Government,217950,128254,34508,225001,813,1,Education,454713,120,Semiurban,0.75,1.03,54.51,Approved
40,Male,Yes,1,Graduate,Business,216585,21206,53280,802423,710,0,Vehicle,812332,60,Urban,0.34,3.7,67.31,Approved
53,Female,Yes,0,Graduate,Government,212904,82095,51945,830246,498,1,Vehicle,3666439,300,Rural,0.63,3.9,49.56,Rejected
22,Female,No,3,Graduate,Government,89276,47994,18880,998598,685,1,Education,880663,120,Semiurban,0.75,11.19,61.54,Approved
56,Female,No,2,Graduate,Self Employed,24512,13143,5960,835533,681,0,Education,1979558,300,Urban,0.78,34.09,57.87,Rejected
46,Male,No,2,Not Graduate,Government,188511,45712,21786,311510,385,0,Home,1842161,240,Rural,0.36,1.65,47.21,Rejected
36,Male,Yes,3,Not Graduate,Private,35448,17573,8084,538532,721,1,Vehicle,1363424,60,Semiurban,0.72,15.19,61.75,Rejected
57,Female,Yes,2,Graduate,Self Employed,163022,70511,20513,1377361,541,1,Education,4151666,300,Rural,0.56,8.45,60.71,Approved
26,Male,No,0,Not Graduate,Private,218413,6785,10622,1100391,424,0,Home,3770865,60,Urban,0.08,5.04,65.27,Approved
48,Female,Yes,4,Not Graduate,Private,216344,119585,35853,886918,708,0,Vehicle,1086360,240,Semiurban,0.72,4.1,56.77,Rejected
38,Female,No,4,Graduate,Private,96073,39291,22446,438787,680,1,Education,3982920,120,Semiurban,0.64,4.57,53.92,Rejected
29,Male,No,0,Not Graduate,Self Employed,66982,14853,15417,150609,305,1,Home,1771578,60,Rural,0.45,2.25,37.17,Rejected
50,Female,Yes,0,Not Graduate,Private,37503,16483,9161,484018,653,0,Home,2403349,180,Semiurban,0.68,12.91,60.01,Rejected
58,Female,No,4,Not Graduate,Business,167092,75912,13276,172479,456,0,Home,2448688,120,Semiurban,0.53,1.03,43.0,Rejected
57,Male,Yes,4,Not Graduate,Business,170904,82616,39634,591409,784,0,Home,122404,120,Urban,0.72,3.46,57.14,Rejected
26,Male,Yes,1,Not Graduate,Government,104761,10097,1710,297257,823,1,Education,4056814,180,Semiurban,0.11,2.84,73.06,Approved
53,Male,Yes,4,Not Graduate,Self Employed,222878,55532,46284,1005052,663,1,Vehicle,4551712,60,Rural,0.46,4.51,63.7,Approved
34,Male,No,1,Not Graduate,Self Employed,148475,37838,7880,1180011,745,1,Home,312194,180,Semiurban,0.31,7.95,75.71,Approved
43,Female,Yes,4,Graduate,Self Employed,118095,28462,24498,32381,500,1,Vehicle,4512429,120,Urban,0.45,0.27,44.04,Rejected
58,Female,No,0,Not Graduate,Business,151804,6703,17893,80313,581,1,Education,468405,180,Semiurban,0.16,0.53,58.09,Approved
24,Male,No,4,Not Graduate,Self Employed,65553,36027,3404,90097,678,0,Home,1584009,120,Urban,0.6,1.37,47.46,Rejected
47,Male,Yes,3,Graduate,Business,45552,22828,4546,417229,317,1,Vehicle,1519466,300,Rural,0.6,9.16,46.2,Rejected
44,Male,No,3,Graduate,Government,70578,37867,4833,569176,385,0,Education,473363,180,Rural,0.61,8.06,47.91,Rejected
33,Female,Yes,0,Not Graduate,Business,166947,50964,7714,726077,777,0,Education,839556,60,Urban,0.35,4.35,69.37,Approved
32,Male,Yes,2,Graduate,Private,226762,6368,14255,1347868,683,1,Personal,2169739,180,Rural,0.09,5.94,78.59,Approved
33,Male,No,0,Not Graduate,Business,66662,23282,4601,1194974,623,1,Home,1679115,180,Urban,0.42,17.93,67.81,Approved
32,Female,No,3,Not Graduate,Government,148420,51550,23829,741610,835,1,Home,408122,300,Semiurban,0.51,5.0,67.81,Approved
30,Male,No,2,Not Graduate,Private,109700,50852,16507,1166812,575,0,Home,2266054,120,Semiurban,0.61,10.64,61.52,Rejected
37,Male,Yes,4,Graduate,Self Employed,56651,20310,9614,687361,681,1,Personal,2804252,60,Rural,0.53,12.13,66.69,Approved
43,Male,Yes,3,Not Graduate,Business,108256,47459,3283,402401,666,1,Home,4016148,300,Urban,0.47,3.72,57.3,Approved
22,Female,No,4,Not Graduate,Self Employed,144144,36927,16552,792688,645,1,Education,2618036,60,Urban,0.37,5.5,64.3,Approved
53,Male,No,3,Not Graduate,Self Employed,175471,8742,10749,1084170,470,1,Home,4864630,120,Urban,0.11,6.18,66.93,Approved
42,Male,Yes,2,Graduate,Business,140248,56903,10835,975922,300,0,Home,1543414,180,Semiurban,0.48,6.96,48.37,Rejected
26,Male,Yes,1,Not Graduate,Government,209827,37077,10101,1445948,868,1,Personal,4104252,120,Semiurban,0.22,6.89,84.01,Approved
27,Female,No,1,Not Graduate,Self Employed,237932,126499,46283,519066,398,1,Home,2770569,120,Semiurban,0.73,2.18,39.78,Rejected
41,Female,No,4,Not Graduate,Government,110929,37001,21950,1239830,327,0,Home,2072644,180,Semiurban,0.53,11.18,53.03,Rejected
42,Male,No,0,Graduate,Private,151058,29637,2899,452986,609,1,Personal,2948659,240,Rural,0.22,3.0,62.64,Approved
32,Female,Yes,2,Not Graduate,Self Employed,197018,112646,31500,83036,567,1,Home,1471897,240,Rural,0.73,0.42,41.97,Rejected
54,Male,No,0,Not Graduate,Government,191932,58015,801,347397,626,0,Education,3914233,60,Semiurban,0.31,1.81,59.93,Rejected
46,Female,Yes,2,Not Graduate,Business,214527,88115,7599,1275916,761,1,Education,2910716,300,Semiurban,0.45,5.95,70.91,Approved
28,Male,No,4,Not Graduate,Government,59423,5227,5523,1493870,564,0,Education,3748105,60,Semiurban,0.18,25.14,72.02,Rejected
39,Male,Yes,3,Not Graduate,Business,33126,19568,6050,539167,735,1,Vehicle,297386,300,Semiurban,0.77,16.28,60.79,Approved
32,Female,No,3,Graduate,Self Employed,105100,24508,20839,84690,414,1,Personal,4556603,240,Urban,0.43,0.81,41.27,Rejected
32,Male,Yes,1,Graduate,Self Employed,133010,41004,22635,970560,549,1,Personal,742031,180,Semiurban,0.48,7.3,59.96,Approved
23,Male,Yes,3,Graduate,Business,186917,103207,19790,896109,710,0,Home,2254681,60,Semiurban,0.66,4.79,58.88,Rejected
28,Male,No,2,Graduate,Government,118103,66986,7051,926341,581,0,Vehicle,4307416,60,Rural,0.63,7.84,57.43,Rejected
46,Male,No,2,Graduate,Self Employed,74299,6226,13576,1388275,432,1,Vehicle,3979238,300,Rural,0.27,18.68,64.18,Approved
41,Male,Yes,1,Graduate,Business,77948,9176,9431,1287828,771,1,Vehicle,4642078,240,Semiurban,0.24,16.52,80.22,Approved
56,Male,No,2,Not Graduate,Business,235647,121492,9946,978774,810,0,Home,3372070,180,Semiurban,0.56,4.15,67.0,Approved
23,Male,No,4,Not Graduate,Government,74408,39707,12097,647602,598,1,Education,4020668,60,Urban,0.7,8.7,56.07,Rejected
60,Male,No,4,Not Graduate,Self Employed,220524,8068,49242,605355,869,1,Home,3248113,300,Urban,0.26,2.75,75.14,Approved
45,Male,Yes,3,Graduate,Private,49001,23702,4740,384598,462,1,Education,3052996,120,Semiurban,0.58,7.85,50.78,Rejected
59,Female,No,2,Graduate,Business,151676,75205,34898,832447,530,1,Education,3991592,180,Semiurban,0.73,5.49,48.82,Rejected
31,Male,No,2,Graduate,Business,219998,65820,43004,371277,400,1,Education,3608699,240,Urban,0.49,1.69,45.11,Rejected
22,Male,Yes,4,Graduate,Self Employed,25985,10325,4995,534163,470,1,Personal,3206267,60,Rural,0.59,20.56,54.24,Rejected
59,Female,Yes,1,Not Graduate,Business,209545,119642,15683,377444,783,0,Vehicle,1212749,180,Urban,0.65,1.8,57.41,Rejected
22,Male,No,3,Graduate,Self Employed,83408,16591,15119,1059026,413,1,Home,2154063,240,Rural,0.38,12.7,60.29,Approved
25,Male,Yes,3,Not Graduate,Self Employed,38445,18667,4260,1136886,423,0,Education,4133306,60,Semiurban,0.6,29.57,52.45,Rejected
46,Male,No,3,Not Graduate,Self Employed,226418,21260,6791,316150,568,0,Home,3174127,240,Rural,0.12,1.4,63.38,Rejected
42,Male,Yes,3,Graduate,Business,45460,15814,10519,1464828,375,1,Education,2152930,180,Semiurban,0.58,32.22,51.11,Rejected
39,Female,No,3,Not Graduate,Business,175825,9685,9176,320428,834,1,Personal,1954063,180,Rural,0.11,1.82,74.53,Approved
44,Female,No,1,Not Graduate,Self Employed,206929,62653,44123,628407,458,0,Home,2552265,240,Semiurban,0.52,3.04,49.23,Rejected
35,Male,Yes,4,Not Graduate,Private,173153,6581,17001,773702,820,1,Education,1529503,180,Rural,0.14,4.47,78.22,Approved
30,Female,No,3,Not Graduate,Private,248270,142687,31591,377813,795,1,Personal,643184,180,Urban,0.7,1.52,57.25,Approved
40,Male,Yes,1,Not Graduate,Government,190392,30813,23363,1056038,770,0,Home,1798944,180,Rural,0.28,5.55,74.39,Approved
23,Female,Yes,2,Graduate,Business,165040,75091,35240,176613,357,1,Home,2152627,180,Rural,0.67,1.07,34.55,Rejected
32,Male,Yes,3,Graduate,Government,179681,39834,36174,591910,393,0,Personal,1211901,300,Semiurban,0.42,3.29,48.55,Rejected
24,Male,Yes,1,Not Graduate,Self Employed,45760,22594,836,678694,374,0,Education,1076487,240,Urban,0.51,14.83,53.09,Rejected
51,Male,Yes,4,Graduate,Self Employed,98632,42311,314,1229941,740,0,Education,1734090,300,Rural,0.43,12.47,73.87,Approved
60,Female,Yes,2,Not Graduate,Business,149133,87723,11569,699206,819,1,Vehicle,2613539,180,Rural,0.67,4.69,61.77,Approved
36,Female,No,4,Not Graduate,Self Employed,49221,10969,7988,23667,626,1,Education,1468440,120,Urban,0.39,0.48,49.2,Rejected
48,Female,Yes,3,Not Graduate,Private,70749,12124,7595,457147,614,1,Vehicle,4549313,240,Urban,0.28,6.46,64.68,Approved
40,Male,Yes,2,Graduate,Private,220906,56935,51498,370243,461,0,Vehicle,4432433,240,Rural,0.49,1.68,47.95,Rejected
59,Female,No,1,Not Graduate,Self Employed,244457,84591,24300,314058,613,1,Vehicle,2745319,240,Semiurban,0.45,1.28,56.23,Approved
48,Female,No,0,Not Graduate,Government,127161,51348,21161,303455,767,1,Personal,1796286,120,Rural,0.57,2.39,56.84,Approved
37,Female,No,0,Not Graduate,Self Employed,227334,105245,21344,1180353,873,0,Home,4318995,240,Semiurban,0.56,5.19,71.57,Approved
27,Male,Yes,1,Not Graduate,Self Employed,209075,82717,30793,106468,699,1,Home,2450006,300,Rural,0.54,0.51,54.16,Approved
45,Male,Yes,0,Not Graduate,Business,161006,53424,28712,606084,413,1,Home,720662,180,Rural,0.51,3.76,47.02,Approved
47,Male,Yes,4,Not Graduate,Private,167282,16535,28721,524277,635,1,Vehicle,283306,120,Urban,0.27,3.13,63.07,Approved
41,Female,No,1,Graduate,Business,142768,34842,30199,769596,641,0,Vehicle,2242096,300,Rural,0.46,5.39,61.31,Approved
22,Male,Yes,3,Not Graduate,Self Employed,231305,132495,52304,110728,841,0,Vehicle,235906,300,Semiurban,0.8,0.48,53.62,Rejected
23,Female,No,2,Not Graduate,Government,212527,14902,37047,203238,871,0,Home,4407553,60,Rural,0.24,0.96,71.79,Approved
50,Male,Yes,3,Not Graduate,Self Employed,138302,24949,21655,163146,486,1,Education,4526785,240,Urban,0.34,1.18,49.38,Rejected
46,Female,Yes,4,Not Graduate,Government,22238,8690,2640,905797,454,1,Home,2839881,300,Semiurban,0.51,40.73,55.78,Rejected
33,Female,Yes,1,Graduate,Private,100866,16900,3306,64996,846,0,Home,4630487,180,Urban,0.2,0.64,66.91,Rejected
41,Female,Yes,1,Graduate,Business,62805,18902,4441,498592,522,1,Personal,1251857,240,Urban,0.37,7.94,60.44,Approved
45,Male,No,1,Not Graduate,Government,137129,62481,26160,426573,510,1,Personal,878897,120,Rural,0.65,3.11,44.98,Rejected
58,Male,Yes,1,Graduate,Self Employed,214154,84278,23487,674544,725,0,Home,861609,300,Semiurban,0.5,3.15,61.99,Approved
51,Female,Yes,3,Graduate,Government,119622,60052,13117,219853,663,1,Vehicle,647823,240,Rural,0.61,1.84,49.58,Rejected
40,Male,Yes,3,Not Graduate,Government,92015,52816,21212,687948,346,0,Home,1587789,300,Urban,0.8,7.48,39.88,Rejected
29,Male,Yes,3,Graduate,Government,176291,32502,43316,624642,680,1,Home,3616832,120,Urban,0.43,3.54,61.46,Approved
54,Male,Yes,2,Graduate,Private,27859,13151,1671,651864,713,1,Vehicle,2793353,60,Urban,0.53,23.4,66.84,Approved
42,Male,No,0,Graduate,Self Employed,32189,13838,3088,1265161,837,0,Home,939827,60,Semiurban,0.53,39.3,72.71,Rejected
35,Male,No,0,Graduate,Self Employed,141748,59404,35174,933618,437,0,Vehicle,4095019,240,Semiurban,0.67,6.59,48.25,Rejected
29,Female,No,4,Graduate,Self Employed,149185,79873,12863,273890,524,0,Home,1992065,60,Rural,0.62,1.84,44.28,Rejected
27,Female,No,4,Graduate,Private,79303,21427,6049,1392797,608,1,Education,4461379,300,Rural,0.35,17.56,69.8,Approved
38,Male,No,3,Not Graduate,Private,171877,101522,2242,817466,349,0,Home,220139,120,Rural,0.6,4.76,43.79,Rejected
23,Male,Yes,3,Not Graduate,Government,169969,68016,31709,731214,492,1,Education,1902176,240,Rural,0.59,4.3,49.67,Approved
37,Female,Yes,2,Not Graduate,Business,68842,21730,11173,1032057,862,1,Personal,2972049,300,Semiurban,0.48,14.99,76.73,Approved
25,Female,No,0,Graduate,Government,79539,34978,3641,262240,863,1,Home,3016083,180,Semiurban,0.49,3.3,63.57,Approved
48,Male,Yes,3,Graduate,Private,240204,63158,50850,45062,503,1,Home,4821804,300,Rural,0.47,0.19,48.1,Rejected
24,Female,Yes,4,Graduate,Business,61615,8281,11147,357362,531,0,Education,1796144,180,Urban,0.32,5.8,58.21,Rejected
46,Female,No,4,Not Graduate,Self Employed,142684,47194,8920,639131,300,0,Vehicle,4762030,180,Urban,0.39,4.48,46.2,Rejected
60,Male,Yes,3,Graduate,Private,146073,26004,15890,830486,463,1,Education,1722116,120,Semiurban,0.29,5.69,59.19,Approved
25,Male,No,1,Not Graduate,Government,210311,101948,38399,1419951,455,0,Education,1294608,180,Semiurban,0.67,6.75,52.12,Rejected
21,Male,No,4,Graduate,Self Employed,80864,48281,14361,636675,427,1,Home,690580,180,Semiurban,0.77,7.87,44.72,Approved
23,Female,No,0,Not Graduate,Self Employed,173348,27079,31935,620495,530,0,Personal,3141284,120,Rural,0.34,3.58,57.44,Rejected
52,Female,No,0,Graduate,Business,240810,77316,59292,537791,820,1,Education,2207629,180,Urban,0.57,2.23,63.52,Approved
21,Male,No,1,Not Graduate,Private,174949,61854,43622,567326,406,1,Education,4453408,240,Urban,0.6,3.24,43.44,Rejected
59,Male,Yes,4,Graduate,Government,220286,36275,23638,1226604,731,1,Personal,3013400,240,Semiurban,0.27,5.57,74.28,Approved
57,Male,No,3,Graduate,Private,168617,28689,1582,1332298,636,0,Vehicle,3557313,60,Rural,0.18,7.9,75.43,Approved
50,Female,No,2,Not Graduate,Private,92517,34229,1566,690551,769,1,Home,1856415,300,Rural,0.39,7.46,71.2,Approved
41,Female,No,1,Not Graduate,Government,107494,28055,20198,1138760,533,1,Vehicle,949750,60,Rural,0.45,10.59,64.52,Approved
46,Female,No,1,Not Graduate,Private,89384,51359,15906,745248,645,1,Vehicle,1435612,120,Semiurban,0.75,8.34,56.34,Approved
22,Male,Yes,4,Not Graduate,Business,218382,78389,35275,383100,707,0,Home,883191,60,Rural,0.52,1.75,58.05,Rejected
59,Female,No,1,Not Graduate,Business,124007,22436,30187,817907,406,1,Personal,2816535,120,Semiurban,0.42,6.6,53.47,Approved
23,Male,Yes,2,Graduate,Self Employed,78843,19350,8039,483605,750,0,Home,204172,180,Urban,0.35,6.13,68.33,Approved
22,Female,No,3,Graduate,Self Employed,68773,38985,13094,1325449,889,1,Vehicle,3153192,180,Semiurban,0.76,19.27,69.54,Approved
44,Female,Yes,2,Not Graduate,Government,201717,22628,21080,1483112,552,0,Personal,4356831,240,Rural,0.22,7.35,70.81,Approved
41,Male,Yes,2,Graduate,Self Employed,90551,42634,1743,975190,748,1,Education,642388,120,Urban,0.49,10.77,72.16,Approved
56,Female,Yes,2,Not Graduate,Private,36718,16613,1071,589003,883,1,Personal,4217211,240,Rural,0.48,16.04,76.26,Approved
29,Female,Yes,3,Not Graduate,Business,106647,20241,18673,1075258,716,0,Vehicle,156835,300,Urban,0.36,10.08,75.14,Approved
43,Male,Yes,4,Graduate,Self Employed,211464,26129,48008,418145,554,0,Home,347359,240,Rural,0.35,1.98,56.52,Rejected
28,Female,Yes,0,Not Graduate,Self Employed,231003,111843,24988,1470488,785,0,Vehicle,1635028,60,Semiurban,0.59,6.37,69.09,Approved
43,Male,No,2,Not Graduate,Government,68382,22072,13153,430703,532,1,Personal,2949779,240,Urban,0.52,6.3,53.52,Rejected
54,Female,Yes,4,Graduate,Government,198968,53909,6258,363397,301,0,Personal,2841897,240,Semiurban,0.3,1.83,45.92,Rejected
22,Female,Yes,1,Graduate,Self Employed,67654,40075,7155,734037,399,0,Vehicle,4914935,120,Semiurban,0.7,10.85,49.5,Rejected
32,Male,No,0,Graduate,Government,231603,86701,19099,236020,657,0,Home,936525,240,Urban,0.46,1.02,56.8,Rejected
59,Male,No,3,Not Graduate,Self Employed,50508,26912,9084,147287,646,0,Vehicle,1285992,120,Semiurban,0.71,2.92,45.18,Rejected
33,Female,Yes,2,Graduate,Self Employed,232574,30894,55559,1100191,393,1,Education,4683377,120,Semiurban,0.37,4.73,55.08,Approved
41,Male,No,1,Not Graduate,Self Employed,125968,62034,12355,182782,802,0,Education,975087,180,Rural,0.59,1.45,55.87,Rejected
51,Female,No,3,Not Graduate,Government,158294,10456,12325,197039,614,0,Vehicle,502284,300,Urban,0.14,1.24,61.79,Rejected
24,Female,No,1,Not Graduate,Government,235940,118719,48400,1076139,836,0,Vehicle,475144,120,Urban,0.71,4.56,64.47,Rejected
50,Male,Yes,2,Graduate,Private,149833,32097,37430,1353060,315,0,Education,1828303,60,Semiurban,0.46,9.03,54.13,Rejected
21,Male,No,1,Not Graduate,Private,117460,65134,27452,852968,345,0,Home,2165050,300,Rural,0.79,7.26,40.91,Rejected
37,Female,No,1,Not Graduate,Self Employed,200953,6340,27255,877465,686,1,Home,4195456,180,Rural,0.17,4.37,72.24,Approved
21,Female,Yes,3,Graduate,Private,38487,8748,1888,343287,800,0,Home,4604176,180,Urban,0.28,8.92,76.64,Rejected
37,Female,No,4,Not Graduate,Business,244266,73550,7110,260401,704,0,Personal,4753580,240,Urban,0.33,1.07,63.29,Approved
29,Male,No,3,Graduate,Government,79937,7492,12716,396879,385,0,Home,3757002,300,Semiurban,0.25,4.96,52.65,Rejected
49,Male,No,4,Graduate,Private,221470,32581,47507,676729,344,0,Home,2963430,180,Urban,0.36,3.06,49.41,Rejected
43,Female,Yes,0,Not Graduate,Self Employed,60133,36025,4780,1070308,365,0,Home,1730234,180,Rural,0.68,17.8,48.27,Rejected
49,Male,No,0,Graduate,Business,165975,26115,9395,1157400,625,0,Personal,646361,240,Rural,0.21,6.97,71.95,Approved
55,Male,Yes,2,Not Graduate,Government,57614,34540,1700,1445115,539,0,Education,128697,300,Urban,0.63,25.08,57.39,Rejected
45,Male,Yes,0,Graduate,Government,190095,113003,31223,1208505,695,1,Education,3872115,120,Rural,0.76,6.36,58.45,Approved
52,Female,No,3,Not Graduate,Private,139071,75314,23601,479426,447,1,Home,3358569,180,Urban,0.71,3.45,40.99,Rejected
44,Male,No,2,Graduate,Government,140568,58788,14875,853539,428,1,Home,3504033,240,Semiurban,0.52,6.07,51.07,Approved
50,Female,No,3,Not Graduate,Business,108552,26365,21802,846518,436,0,Home,1919986,120,Rural,0.44,7.8,56.0,Rejected
33,Female,No,4,Not Graduate,Business,188820,45225,13992,833823,444,1,Personal,4653577,240,Semiurban,0.31,4.42,56.71,Approved
60,Female,Yes,1,Graduate,Business,164623,25541,25184,1095277,742,0,Education,299945,120,Semiurban,0.31,6.65,73.63,Approved
57,Male,No,4,Graduate,Self Employed,170750,30927,9875,872537,624,1,Home,1195175,240,Semiurban,0.24,5.11,67.61,Approved
60,Male,Yes,0,Graduate,Government,22272,5864,2715,198632,620,1,Home,1363348,120,Semiurban,0.39,8.92,64.73,Approved
25,Female,No,4,Not Graduate,Self Employed,108767,51111,5741,617631,610,0,Home,1375210,120,Semiurban,0.52,5.68,57.14,Approved
28,Female,Yes,4,Not Graduate,Business,200869,116148,16344,247734,450,1,Personal,430329,120,Semiurban,0.66,1.23,40.71,Rejected
51,Female,No,1,Graduate,Business,135588,79961,11916,948126,320,1,Vehicle,2950253,60,Semiurban,0.68,6.99,43.3,Approved
25,Male,Yes,4,Not Graduate,Self Employed,59186,8636,12959,1412793,501,1,Vehicle,796864,180,Rural,0.36,23.87,63.69,Approved
52,Male,No,1,Not Graduate,Business,70337,38647,9183,1101424,324,1,Vehicle,1499907,60,Rural,0.68,15.66,46.81,Rejected
36,Female,No,3,Not Graduate,Business,30605,9470,6143,1387185,769,0,Vehicle,4724422,60,Urban,0.51,45.33,70.1,Rejected
60,Male,Yes,2,Not Graduate,Private,143239,54809,25453,85462,576,1,Vehicle,3176890,300,Semiurban,0.56,0.6,45.71,Rejected
47,Female,Yes,2,Not Graduate,Private,148143,41915,17476,184705,760,0,Vehicle,4368050,60,Urban,0.4,1.25,60.17,Rejected
29,Male,Yes,0,Graduate,Business,37028,10046,3882,193263,377,0,Personal,2961646,300,Urban,0.38,5.22,47.39,Rejected
30,Female,No,0,Graduate,Government,204588,23181,13075,180195,490,0,Personal,132221,240,Rural,0.18,0.88,56.41,Rejected
35,Male,Yes,0,Not Graduate,Business,183958,74380,12624,1008336,502,1,Home,4036022,180,Rural,0.47,5.48,56.44,Approved
58,Male,No,1,Graduate,Government,66098,17957,8626,311765,855,0,Personal,735686,120,Urban,0.4,4.72,68.01,Rejected
41,Male,Yes,3,Not Graduate,Self Employed,152816,88964,18704,467720,736,1,Vehicle,2119730,300,Urban,0.7,3.06,53.81,Approved
37,Female,Yes,0,Graduate,Government,149478,50118,3958,1309909,740,0,Education,200654,60,Semiurban,0.36,8.76,75.54,Approved
58,Female,Yes,4,Not Graduate,Business,138171,51938,31486,786876,811,1,Education,2729616,300,Rural,0.6,5.69,64.85,Approved
33,Male,Yes,0,Not Graduate,Self Employed,141882,65508,21257,855659,774,1,Education,1380813,120,Rural,0.61,6.03,63.79,Approved
45,Female,Yes,1,Not Graduate,Self Employed,248130,44160,26176,776949,314,1,Home,1367004,300,Urban,0.28,3.13,51.64,Approved
34,Male,Yes,3,Not Graduate,Private,91012,27106,6480,55467,809,1,Home,2646128,300,Semiurban,0.37,0.61,59.74,Approved
35,Male,No,4,Not Graduate,Self Employed,134060,25948,31938,1406261,361,1,Personal,661248,180,Rural,0.43,10.49,58.45,Approved
51,Female,Yes,1,Not Graduate,Private,129142,69291,424,655938,462,1,Vehicle,3698691,300,Urban,0.54,5.08,49.66,Approved
59,Male,No,2,Not Graduate,Private,116879,42049,15516,142382,318,1,Vehicle,3598054,120,Urban,0.49,1.22,36.47,Rejected
41,Male,No,3,Not Graduate,Business,171314,48392,12738,276616,629,0,Home,2189594,240,Rural,0.36,1.61,57.33,Rejected
51,Male,No,4,Graduate,Self Employed,216658,24445,40868,684559,383,1,Education,2331431,60,Semiurban,0.3,3.16,52.96,Approved
45,Male,No,1,Not Graduate,Government,144189,37320,14636,1337643,303,1,Vehicle,4147948,300,Urban,0.36,9.28,56.98,Approved
38,Female,No,2,Graduate,Private,176653,84309,7888,629959,362,0,Vehicle,2182274,240,Semiurban,0.52,3.57,44.63,Rejected
21,Female,No,1,Graduate,Business,26627,5472,5338,1360541,731,0,Vehicle,4000195,120,Semiurban,0.41,51.1,71.37,Rejected
45,Male,No,2,Graduate,Business,139522,41169,12961,1491211,764,1,Home,1178235,180,Urban,0.39,10.69,77.9,Approved
28,Male,No,4,Not Graduate,Business,57159,15330,13628,796492,863,0,Education,2816937,240,Urban,0.51,13.93,75.44,Rejected
41,Male,No,2,Graduate,Government,209471,99014,46770,286544,808,0,Personal,1273662,120,Urban,0.7,1.37,56.15,Rejected
54,Male,Yes,0,Not Graduate,Business,108646,10318,13521,730525,371,1,Education,4672725,60,Rural,0.22,6.72,57.7,Approved
47,Female,Yes,4,Graduate,Private,137571,25848,7552,556842,532,0,Personal,4778197,60,Urban,0.24,4.05,59.96,Rejected
35,Female,Yes,0,Graduate,Private,60011,33523,2255,1059800,627,1,Education,3420284,60,Rural,0.6,17.66,62.38,Approved
39,Female,Yes,3,Graduate,Government,72461,7359,6843,491308,896,1,Personal,3030824,60,Rural,0.2,6.78,80.4,Approved
44,Male,No,1,Graduate,Government,184542,102550,40815,600174,572,1,Education,1441030,120,Rural,0.78,3.25,46.0,Rejected
37,Female,Yes,2,Not Graduate,Self Employed,51239,26314,4675,957178,329,1,Education,1816225,120,Urban,0.6,18.68,48.53,Rejected
23,Female,Yes,1,Graduate,Business,238347,61188,58107,1254152,610,1,Education,556068,120,Rural,0.5,5.26,62.15,Approved
37,Male,Yes,2,Graduate,Private,237471,52426,56384,710306,511,1,Education,2846084,240,Semiurban,0.46,2.99,54.45,Approved
59,Male,No,3,Not Graduate,Private,40361,8514,4,75431,351,0,Vehicle,100079,180,Semiurban,0.21,1.87,44.62,Rejected
45,Male,Yes,0,Not Graduate,Private,189285,30006,27732,791862,377,1,Education,287858,180,Urban,0.31,4.18,53.54,Approved
28,Female,Yes,2,Not Graduate,Private,51542,25863,12193,1439898,331,1,Home,220326,60,Urban,0.74,27.94,44.62,Rejected
36,Female,No,2,Graduate,Self Employed,36589,10023,3530,146645,707,1,Personal,411730,240,Semiurban,0.37,4.01,59.79,Approved
50,Female,Yes,0,Graduate,Government,221728,119868,18404,1498771,588,1,Home,2342144,60,Rural,0.62,6.76,59.81,Approved
38,Male,Yes,3,Graduate,Government,248988,119122,36630,1484186,800,0,Personal,2503479,180,Urban,0.63,5.96,68.67,Approved
59,Female,No,3,Graduate,Business,192648,53663,47592,1165581,853,0,Vehicle,3009066,240,Urban,0.53,6.05,71.95,Approved
58,Female,No,3,Not Graduate,Business,58701,31680,11020,1047064,855,1,Vehicle,3721457,60,Rural,0.73,17.84,68.53,Approved
37,Male,No,2,Not Graduate,Self Employed,217578,75675,44586,354512,343,1,Home,2965966,300,Rural,0.55,1.63,40.62,Rejected
31,Male,Yes,3,Graduate,Self Employed,49328,21429,8912,98035,832,0,Personal,2236722,300,Rural,0.62,1.99,54.47,Rejected
31,Male,No,3,Graduate,Business,211851,114637,52226,792913,861,1,Education,1937704,300,Semiurban,0.79,3.74,60.6,Approved
47,Male,Yes,3,Graduate,Private,207748,5078,33063,236074,807,0,Personal,2671577,120,Semiurban,0.18,1.14,70.94,Approved
40,Male,Yes,1,Graduate,Government,28152,9846,991,444293,490,0,Personal,2225957,240,Urban,0.38,15.78,61.36,Rejected
48,Female,No,0,Not Graduate,Business,121645,54140,6830,647086,738,1,Personal,4221603,60,Semiurban,0.5,5.32,63.27,Approved
41,Female,Yes,2,Not Graduate,Self Employed,217372,75650,50448,215535,732,1,Education,329244,240,Urban,0.58,0.99,55.81,Approved
52,Male,No,2,Graduate,Government,84327,46372,3080,963546,688,1,Home,4036601,60,Semiurban,0.59,11.43,66.36,Approved
40,Female,Yes,4,Not Graduate,Government,22698,7103,4861,1426086,328,1,Personal,4311690,120,Semiurban,0.53,62.83,49.67,Rejected
38,Female,Yes,2,Graduate,Self Employed,65591,34604,9613,351303,340,1,Vehicle,3679684,60,Rural,0.67,5.36,38.22,Rejected
30,Male,Yes,3,Not Graduate,Private,21492,8172,5356,380423,685,0,Vehicle,1632412,120,Semiurban,0.63,17.7,62.42,Rejected
58,Female,Yes,3,Graduate,Government,63105,14122,2162,1279208,876,0,Education,4261971,180,Rural,0.26,20.27,83.72,Approved
48,Male,No,4,Graduate,Self Employed,144166,9395,18278,924968,870,1,Personal,646730,60,Semiurban,0.19,6.42,81.51,Approved
43,Female,No,4,Graduate,Private,51722,5790,2654,191146,884,0,Home,3842175,300,Semiurban,0.16,3.7,73.85,Rejected
56,Female,No,0,Graduate,Self Employed,50369,23339,651,497059,507,0,Vehicle,1217486,240,Urban,0.48,9.87,60.0,Rejected
44,Male,Yes,0,Not Graduate,Government,99519,58179,4491,680101,549,1,Home,1682653,240,Semiurban,0.63,6.83,53.16,Approved
51,Male,Yes,1,Not Graduate,Government,58302,26858,2080,1079270,448,0,Education,4406582,60,Rural,0.5,18.51,57.35,Rejected
31,Male,No,2,Graduate,Business,126533,12821,24653,915699,343,1,Education,332072,120,Rural,0.3,7.24,55.89,Approved
44,Female,No,4,Graduate,Private,145662,85595,33393,862559,461,0,Vehicle,4270257,60,Semiurban,0.82,5.92,43.65,Rejected
59,Male,No,0,Graduate,Private,222615,89069,2618,784941,584,1,Vehicle,3996567,180,Semiurban,0.41,3.53,59.56,Approved
55,Female,No,3,Not Graduate,Self Employed,218552,119184,45118,1246399,873,0,Education,2927592,60,Rural,0.75,5.7,66.39,Approved
52,Female,Yes,2,Not Graduate,Business,249310,80745,38956,1086925,533,1,Vehicle,2108356,300,Urban,0.48,4.36,57.98,Approved
43,Female,Yes,2,Not Graduate,Business,89182,44174,13888,1414430,492,0,Vehicle,1693550,180,Rural,0.65,15.86,55.9,Rejected
55,Female,Yes,3,Graduate,Government,209947,99731,19101,1349231,552,0,Vehicle,1635768,240,Semiurban,0.57,6.43,58.8,Rejected
36,Female,No,2,Not Graduate,Business,58362,13346,9928,161100,558,0,Education,4719467,240,Urban,0.4,2.76,50.69,Rejected
25,Male,No,3,Not Graduate,Business,153986,79377,27557,427731,572,0,Education,4206723,300,Urban,0.69,2.78,46.3,Rejected
51,Female,No,2,Graduate,Private,67475,13055,11840,124299,342,0,Vehicle,1001453,300,Rural,0.37,1.84,40.51,Rejected
38,Male,Yes,3,Graduate,Government,193092,79261,3924,30669,414,1,Vehicle,2483942,240,Urban,0.43,0.16,43.52,Rejected
35,Male,No,4,Not Graduate,Private,59768,5752,9071,1234988,624,0,Home,3315118,120,Rural,0.25,20.66,72.68,Rejected
60,Male,Yes,0,Not Graduate,Self Employed,52653,8135,4033,862287,526,0,Education,1489510,120,Urban,0.23,16.38,68.55,Rejected
38,Male,Yes,1,Not Graduate,Self Employed,171948,83606,25342,945676,518,0,Personal,787841,240,Rural,0.63,5.5,51.89,Rejected
49,Female,Yes,3,Not Graduate,Government,161889,40615,13443,1422035,803,1,Vehicle,2801803,60,Semiurban,0.33,8.78,79.71,Approved
53,Female,No,4,Graduate,Business,57883,28050,1267,1270290,686,0,Education,1837540,120,Semiurban,0.51,21.95,67.61,Rejected
43,Female,No,1,Not Graduate,Private,119468,66566,795,1449678,876,0,Personal,3893712,60,Semiurban,0.56,12.13,76.8,Approved
57,Female,No,3,Graduate,Self Employed,134371,63369,27796,197613,747,1,Vehicle,2017273,180,Semiurban,0.68,1.47,51.16,Approved
37,Female,Yes,1,Graduate,Private,241748,14514,24998,774562,349,0,Personal,1431722,60,Rural,0.16,3.2,56.69,Rejected
56,Male,No,0,Not Graduate,Self Employed,59067,14606,2320,924135,585,0,Home,3534836,180,Urban,0.29,15.65,69.77,Rejected
54,Male,Yes,0,Graduate,Private,95561,40909,15409,897648,471,0,Personal,1739008,300,Rural,0.59,9.39,55.86,Rejected
25,Male,Yes,2,Graduate,Government,224225,65625,36270,783703,483,0,Home,2160632,60,Semiurban,0.45,3.5,53.79,Rejected
31,Female,Yes,4,Graduate,Self Employed,55376,10472,792,993704,459,0,Home,3180220,300,Semiurban,0.2,17.94,66.51,Rejected
50,Male,No,1,Graduate,Private,62490,25975,9928,98654,368,1,Home,104809,180,Semiurban,0.57,1.58,34.78,Rejected
54,Female,No,4,Not Graduate,Self Employed,189699,73112,23195,1279861,891,1,Vehicle,4491188,240,Urban,0.51,6.75,75.45,Approved
53,Female,Yes,0,Graduate,Government,177233,53169,19558,252296,722,1,Education,2612538,180,Urban,0.41,1.42,59.71,Approved
41,Female,Yes,0,Graduate,Self Employed,223180,88683,49174,318638,760,0,Vehicle,3424915,120,Urban,0.62,1.43,57.03,Rejected
22,Male,No,2,Not Graduate,Self Employed,142250,65975,24351,439271,774,0,Education,530723,120,Urban,0.63,3.09,57.22,Rejected
27,Female,No,0,Not Graduate,Self Employed,121333,61804,2559,1264592,601,1,Education,439943,240,Urban,0.53,10.42,65.65,Approved
43,Female,Yes,2,Graduate,Government,46555,9782,9201,575410,361,0,Home,4471228,180,Urban,0.41,12.36,55.67,Rejected
49,Female,No,4,Not Graduate,Business,182993,47800,18672,781683,352,0,Education,4189587,240,Rural,0.36,4.27,50.61,Rejected
23,Male,Yes,3,Not Graduate,Self Employed,211745,99705,41628,570161,447,0,Home,881731,300,Semiurban,0.67,2.69,43.7,Rejected
38,Female,Yes,0,Graduate,Business,23175,7178,1593,887397,882,0,Education,1372102,240,Rural,0.38,38.29,78.77,Rejected
57,Female,Yes,0,Graduate,Private,245139,14820,17400,1022220,367,0,Education,1489186,240,Urban,0.13,4.17,60.51,Rejected
26,Female,No,4,Not Graduate,Self Employed,87655,42817,18303,1159082,638,1,Home,4462481,180,Rural,0.7,13.22,60.94,Approved
36,Male,Yes,3,Not Graduate,Business,106023,38347,9849,1056215,714,0,Vehicle,2261260,60,Urban,0.45,9.96,72.26,Approved
56,Male,Yes,1,Not Graduate,Private,45846,22767,8287,771251,722,1,Education,4852757,180,Semiurban,0.68,16.82,63.6,Rejected
26,Male,Yes,4,Not Graduate,Government,223152,46150,3729,923568,715,1,Home,3574753,240,Urban,0.22,4.14,72.28,Approved
42,Female,Yes,2,Graduate,Self Employed,148938,56949,14026,860012,740,0,Vehicle,2140410,300,Urban,0.48,5.77,66.1,Approved
42,Male,No,4,Not Graduate,Government,46387,7690,1348,27804,453,1,Education,874394,120,Urban,0.19,0.6,47.34,Rejected
21,Female,Yes,0,Graduate,Business,241139,101145,44481,1447936,665,0,Personal,1485978,180,Semiurban,0.6,6.0,63.09,Rejected
27,Male,Yes,0,Graduate,Private,226973,49547,25615,1038359,410,1,Vehicle,4513141,60,Rural,0.33,4.57,56.52,Approved
39,Male,Yes,3,Not Graduate,Private,188680,106721,45871,1089805,398,1,Home,2479823,60,Semiurban,0.81,5.78,42.53,Approved
42,Male,No,3,Not Graduate,Business,96979,47827,23122,851155,728,0,Vehicle,2839800,120,Urban,0.73,8.78,61.84,Rejected
50,Male,Yes,0,Graduate,Government,174057,20429,9678,235809,759,0,Home,716077,180,Semiurban,0.17,1.35,68.22,Approved
41,Male,No,3,Not Graduate,Government,188902,92591,44016,1167880,609,0,Education,383838,180,Urban,0.72,6.18,55.29,Rejected
46,Male,No,0,Graduate,Government,240494,71107,25530,401249,809,1,Education,2814382,240,Urban,0.4,1.67,66.86,Approved
41,Female,No,4,Graduate,Government,247848,48038,16423,881997,395,1,Vehicle,1342921,60,Urban,0.26,3.56,56.78,Approved
36,Female,No,1,Graduate,Self Employed,30079,17629,75,1334431,669,1,Vehicle,2928469,60,Urban,0.59,44.36,63.28,Rejected
51,Male,Yes,1,Not Graduate,Business,159164,56208,34651,1248342,501,1,Personal,3916418,300,Rural,0.57,7.84,57.19,Approved
39,Female,Yes,2,Not Graduate,Government,126780,13231,15548,885026,774,0,Vehicle,1969816,240,Semiurban,0.23,6.98,76.62,Approved
40,Male,Yes,4,Not Graduate,Self Employed,89564,5280,17391,490710,341,0,Education,2104709,240,Urban,0.25,5.48,52.1,Approved
48,Male,Yes,2,Not Graduate,Government,151531,88888,20067,1268804,352,1,Home,4580271,300,Semiurban,0.72,8.37,46.88,Rejected
28,Male,No,4,Not Graduate,Private,162885,90996,13124,39803,739,0,Vehicle,2160211,240,Urban,0.64,0.24,50.67,Rejected
27,Male,No,1,Not Graduate,Business,128940,26215,29686,904329,508,0,Vehicle,918764,180,Semiurban,0.43,7.01,58.76,Rejected
55,Male,Yes,1,Graduate,Government,82796,9324,8849,385328,416,1,Vehicle,1118704,300,Rural,0.22,4.65,54.52,Approved
50,Male,No,4,Not Graduate,Government,113391,56707,3015,750798,480,1,Home,4674345,180,Rural,0.53,6.62,53.31,Approved
22,Male,Yes,1,Graduate,Business,62032,22107,13356,1456048,847,0,Education,3047610,60,Semiurban,0.57,23.47,72.98,Rejected
45,Female,Yes,4,Not Graduate,Private,63915,17461,10175,1346911,795,0,Home,4247119,300,Semiurban,0.43,21.07,74.92,Rejected
45,Female,No,1,Graduate,Government,138727,29652,243,1207346,663,0,Vehicle,2941436,240,Rural,0.22,8.7,75.96,Approved
21,Female,No,0,Graduate,Government,175883,73224,36792,254305,439,1,Education,4743808,300,Rural,0.63,1.45,40.67,Rejected
42,Male,Yes,2,Graduate,Business,160792,60789,19231,91660,409,0,Vehicle,1248563,180,Semiurban,0.5,0.57,40.82,Rejected
30,Female,No,3,Graduate,Business,39690,21327,5052,638768,716,0,Personal,2492055,180,Urban,0.66,16.09,63.47,Rejected
26,Male,Yes,2,Graduate,Government,89258,26874,10430,269474,487,0,Personal,2042125,60,Semiurban,0.42,3.02,48.71,Rejected
40,Male,No,4,Not Graduate,Government,125814,10339,10220,891162,395,1,Vehicle,536656,120,Urban,0.16,7.08,61.85,Approved
27,Male,Yes,3,Graduate,Self Employed,232205,99667,26606,1146581,409,1,Home,4807606,120,Urban,0.54,4.94,51.03,Approved
42,Male,Yes,4,Graduate,Government,143290,33628,8300,365193,821,0,Education,144346,300,Semiurban,0.29,2.55,68.54,Approved
57,Male,No,4,Graduate,Government,132649,32657,25456,413642,840,1,Vehicle,1242616,240,Rural,0.44,3.12,65.73,Approved
47,Female,No,1,Graduate,Self Employed,86846,47489,19833,1053704,301,0,Education,1703607,180,Rural,0.78,12.13,43.6,Rejected
29,Male,Yes,1,Graduate,Government,80517,21383,1525,161412,704,0,Home,2419861,60,Rural,0.28,2.0,59.98,Approved
21,Male,Yes,0,Not Graduate,Government,109484,18522,14649,312794,450,0,Vehicle,2827233,240,Semiurban,0.3,2.86,51.0,Rejected
54,Female,No,1,Graduate,Private,122029,51291,6160,1406403,548,1,Education,2397618,240,Urban,0.47,11.53,65.11,Approved
37,Male,No,3,Graduate,Government,224837,121514,54636,134974,769,1,Home,3567887,60,Semiurban,0.78,0.6,50.87,Approved
30,Female,No,1,Not Graduate,Government,144055,74414,4279,1239947,765,1,Vehicle,1981696,240,Urban,0.55,8.61,70.59,Approved
38,Female,No,2,Graduate,Self Employed,77819,33713,4374,45957,540,1,Education,1936038,300,Rural,0.49,0.59,43.61,Rejected
30,Male,No,2,Not Graduate,Government,91253,48141,16924,660572,713,0,Personal,4857648,60,Urban,0.71,7.24,58.43,Rejected
39,Female,Yes,4,Graduate,Self Employed,158497,5441,9771,51041,635,1,Vehicle,112251,240,Urban,0.1,0.32,62.33,Approved
32,Male,No,3,Not Graduate,Business,173666,31144,41212,852957,878,1,Personal,3287012,240,Rural,0.42,4.91,73.29,Approved
33,Male,No,0,Not Graduate,Business,143570,36610,34897,709251,804,0,Education,4818049,60,Rural,0.5,4.94,66.41,Rejected
25,Male,Yes,1,Not Graduate,Government,73728,35610,13512,1131935,374,0,Education,1238512,120,Rural,0.67,15.35,49.58,Rejected
34,Male,No,0,Graduate,Business,23066,11703,985,598064,760,0,Personal,2958957,120,Rural,0.55,25.93,68.2,Rejected
28,Male,No,4,Graduate,Government,144783,41317,35459,360303,306,1,Home,3554504,180,Urban,0.53,2.49,38.46,Approved
26,Male,No,0,Not Graduate,Business,113559,54370,14822,1176618,468,0,Personal,4895802,60,Rural,0.61,10.36,57.06,Rejected
38,Male,Yes,1,Graduate,Government,212004,28513,12835,448453,502,0,Vehicle,3965932,60,Rural,0.2,2.12,59.17,Rejected
49,Male,Yes,0,Graduate,Private,116113,46099,24791,638293,742,0,Personal,1434366,240,Semiurban,0.61,5.5,60.3,Approved
21,Male,No,0,Graduate,Self Employed,48449,7779,2581,454145,374,0,Education,1009658,240,Urban,0.21,9.37,60.89,Rejected
31,Female,No,3,Graduate,Private,137718,60690,11281,1291252,755,1,Vehicle,2282956,300,Urban,0.52,9.38,72.14,Approved
22,Male,No,2,Not Graduate,Self Employed,43861,24051,1889,1466509,429,0,Home,4575682,60,Rural,0.59,33.44,53.08,Rejected
51,Female,Yes,0,Graduate,Private,229438,38142,15760,116447,820,0,Home,4621483,300,Urban,0.23,0.51,69.59,Approved
42,Male,No,2,Not Graduate,Private,237084,51742,2884,906995,802,0,Home,1949753,60,Rural,0.23,3.83,75.87,Approved
30,Female,Yes,3,Graduate,Business,140821,26578,18108,718169,330,0,Personal,329191,60,Rural,0.32,5.1,50.98,Approved
22,Male,No,1,Graduate,Government,200343,29958,31508,216067,749,1,Personal,316772,120,Semiurban,0.31,1.08,64.26,Approved
41,Female,Yes,4,Not Graduate,Business,88368,15438,2786,1154573,451,1,Vehicle,4219974,300,Urban,0.21,13.07,67.39,Approved
30,Male,No,4,Graduate,Business,119469,66456,1323,1073557,745,1,Personal,470326,300,Urban,0.57,8.99,68.84,Approved
21,Female,Yes,3,Not Graduate,Business,43249,16844,8452,586883,842,0,Education,3268554,300,Urban,0.58,13.57,71.61,Rejected
36,Female,Yes,2,Graduate,Business,116879,48340,1605,777999,617,0,Education,451257,300,Rural,0.43,6.66,62.59,Approved
23,Female,Yes,3,Graduate,Private,127527,65296,20253,754650,317,0,Home,641187,60,Semiurban,0.67,5.92,40.9,Rejected
24,Male,No,2,Graduate,Government,88578,45997,8475,1360099,481,1,Education,2188892,300,Urban,0.61,15.35,56.47,Approved
45,Male,Yes,3,Not Graduate,Private,60595,27052,1073,306749,709,1,Home,4476533,300,Rural,0.46,5.06,60.14,Approved
40,Female,No,1,Graduate,Private,130047,22106,12067,1117969,741,0,Personal,2696987,180,Urban,0.26,8.6,77.45,Approved
50,Male,No,2,Not Graduate,Private,112976,67006,24585,793632,597,0,Home,3482950,120,Rural,0.81,7.02,50.78,Rejected
44,Female,Yes,2,Graduate,Government,195286,16089,30790,801194,615,1,Vehicle,2537735,300,Rural,0.24,4.1,66.15,Approved
54,Male,Yes,0,Not Graduate,Private,165775,96410,32831,1097891,482,1,Vehicle,1226202,240,Rural,0.78,6.62,47.91,Approved
24,Female,Yes,2,Graduate,Business,82604,18411,7082,448173,663,0,Vehicle,2743030,60,Semiurban,0.31,5.43,64.36,Approved
35,Male,Yes,0,Graduate,Self Employed,157943,66138,8111,1151643,349,0,Home,866875,120,Semiurban,0.47,7.29,52.31,Rejected
34,Male,No,2,Graduate,Government,126600,9555,23703,171146,385,1,Vehicle,3366026,60,Semiurban,0.26,1.35,47.0,Rejected
53,Female,Yes,0,Graduate,Private,235049,11964,53129,71652,900,0,Vehicle,3581462,60,Rural,0.28,0.3,71.7,Approved
29,Male,Yes,3,Not Graduate,Self Employed,186942,97122,32594,563411,590,0,Education,125787,300,Rural,0.69,3.01,48.91,Rejected
34,Female,No,4,Not Graduate,Private,35189,6249,5099,1276032,372,0,Vehicle,1013151,300,Semiurban,0.32,36.26,58.27,Rejected
35,Male,No,4,Not Graduate,Business,239693,11914,38440,302119,717,0,Home,1422699,120,Rural,0.21,1.26,67.67,Approved
59,Male,Yes,1,Not Graduate,Business,107868,27131,13705,170945,394,1,Personal,2565817,120,Rural,0.38,1.58,43.64,Approved
55,Female,Yes,2,Graduate,Business,82298,37268,12959,908985,745,0,Personal,1077378,120,Semiurban,0.61,11.05,68.09,Approved
22,Male,Yes,0,Graduate,Business,122390,57144,28984,1283867,390,0,Education,1391776,240,Urban,0.7,10.49,51.12,Rejected
41,Male,Yes,1,Graduate,Business,109268,28317,1705,911342,821,0,Education,4898631,60,Semiurban,0.27,8.34,79.3,Approved
52,Female,Yes,4,Graduate,Business,96126,54129,1321,252910,547,1,Personal,4527590,240,Urban,0.58,2.63,46.11,Rejected
42,Female,Yes,3,Graduate,Self Employed,32090,8472,1914,1362947,683,0,Personal,959620,180,Semiurban,0.32,42.47,71.93,Rejected
22,Male,No,4,Graduate,Business,94911,42623,5956,43078,763,1,Home,3479393,300,Rural,0.51,0.45,53.26,Approved
57,Female,No,2,Not Graduate,Government,156894,43738,9514,1132531,674,1,Home,1332553,180,Rural,0.34,7.22,70.49,Approved
27,Female,Yes,4,Not Graduate,Private,65907,17476,3550,397877,528,1,Home,3706049,240,Rural,0.32,6.04,58.61,Approved
56,Male,No,4,Graduate,Self Employed,60632,18041,10489,256869,768,1,Personal,3807675,120,Rural,0.47,4.24,60.92,Approved
34,Female,Yes,4,Graduate,Business,195674,91840,39478,768753,549,0,Personal,2488248,60,Semiurban,0.67,3.93,49.95,Rejected
47,Male,Yes,4,Not Graduate,Business,27848,13998,6591,318789,715,1,Home,3741877,180,Urban,0.74,11.45,60.71,Rejected
56,Female,No,2,Not Graduate,Government,237373,61788,978,1188167,793,1,Personal,1322367,120,Rural,0.26,5.01,76.82,Approved
41,Female,Yes,2,Graduate,Business,124509,24523,7884,1242310,618,1,Personal,347078,120,Semiurban,0.26,9.98,74.59,Approved
35,Male,Yes,4,Not Graduate,Self Employed,122049,13205,1807,254913,696,0,Personal,781273,120,Rural,0.12,2.09,66.3,Approved
42,Male,Yes,0,Not Graduate,Government,180449,89972,18300,177991,600,0,Vehicle,555698,240,Semiurban,0.6,0.99,47.86,Rejected
32,Male,No,3,Graduate,Government,211358,53281,14451,1346940,586,1,Personal,4254615,240,Semiurban,0.32,6.37,67.63,Approved
59,Female,No,1,Graduate,Self Employed,56629,28790,6606,873284,433,0,Vehicle,263263,300,Urban,0.63,15.42,52.76,Rejected
52,Female,No,0,Graduate,Government,221618,106939,17271,57678,706,1,Personal,1738031,120,Urban,0.56,0.26,53.95,Approved
50,Male,Yes,1,Not Graduate,Business,207411,27445,13278,732974,710,0,Education,4669152,60,Semiurban,0.2,3.53,71.03,Approved
21,Male,Yes,0,Graduate,Private,20121,8111,922,469005,732,0,Vehicle,1210284,240,Semiurban,0.45,23.31,69.87,Rejected
55,Female,No,0,Graduate,Private,137306,14743,19446,654031,570,0,Home,4955381,180,Urban,0.25,4.76,62.88,Rejected
30,Female,No,4,Graduate,Government,133025,41096,18662,120939,542,1,Home,2198208,60,Semiurban,0.45,0.91,47.75,Rejected
51,Male,Yes,3,Not Graduate,Private,68928,9926,459,348641,394,1,Home,958473,120,Semiurban,0.15,5.06,55.86,Approved
54,Female,Yes,4,Not Graduate,Self Employed,225624,100843,45008,1281910,748,0,Education,2043043,300,Urban,0.65,5.68,64.24,Approved
28,Male,No,3,Graduate,Business,80006,42514,14733,58063,804,1,Education,1098202,240,Semiurban,0.72,0.73,48.92,Approved
24,Female,No,1,Not Graduate,Private,245470,9053,23926,14721,685,0,Personal,1533950,120,Urban,0.13,0.06,66.35,Rejected
43,Female,Yes,0,Not Graduate,Business,23888,10489,4416,948019,407,1,Education,4876740,120,Rural,0.62,39.69,50.33,Rejected
25,Male,Yes,4,Graduate,Business,168862,57157,29931,1256067,340,1,Home,3706774,300,Rural,0.52,7.44,51.27,Approved
55,Female,Yes,1,Graduate,Government,243051,91738,52322,81116,535,1,Vehicle,4356054,180,Rural,0.59,0.33,46.39,Rejected
29,Female,No,4,Graduate,Government,94335,27726,14806,1322955,858,1,Personal,3802778,60,Semiurban,0.45,14.02,78.38,Approved
32,Male,No,3,Not Graduate,Self Employed,71377,40341,6119,64982,762,1,Education,754243,300,Urban,0.65,0.91,49.02,Rejected
50,Female,No,3,Graduate,Self Employed,152593,70172,10086,281555,627,0,Education,420276,300,Semiurban,0.53,1.85,51.88,Rejected
54,Male,No,1,Graduate,Business,33597,16395,4412,72700,669,1,Education,2883985,240,Rural,0.62,2.16,46.83,Rejected
23,Male,Yes,1,Not Graduate,Private,224047,102841,22454,795444,574,1,Home,4492148,240,Semiurban,0.56,3.55,54.8,Approved
58,Female,Yes,1,Not Graduate,Business,68677,21162,4361,1443457,845,1,Education,1963924,120,Rural,0.37,21.02,79.15,Approved
57,Male,No,3,Graduate,Business,40868,15743,3057,1127866,645,1,Home,2980234,240,Urban,0.46,27.6,66.5,Rejected
57,Male,No,4,Graduate,Private,110000,39717,19920,1449563,678,0,Home,4331895,60,Rural,0.54,13.18,68.27,Rejected
46,Female,No,0,Not Graduate,Business,121260,47516,512,1289019,628,1,Vehicle,2295357,120,Urban,0.4,10.63,70.88,Approved
33,Female,Yes,4,Graduate,Government,146148,83512,31735,355641,348,0,Vehicle,4981976,120,Semiurban,0.79,2.43,32.52,Rejected
23,Male,No,1,Not Graduate,Business,43123,15657,4811,961429,410,1,Vehicle,1796991,60,Urban,0.47,22.3,55.71,Rejected
32,Female,Yes,3,Not Graduate,Government,82429,32934,14658,675468,346,0,Vehicle,1355661,60,Semiurban,0.58,8.19,47.74,Rejected
26,Male,No,1,Not Graduate,Self Employed,181406,74364,7996,1469783,836,1,Personal,1204229,240,Urban,0.45,8.1,77.0,Approved
38,Female,Yes,1,Not Graduate,Self Employed,62674,34169,2242,703933,870,1,Education,589635,180,Rural,0.58,11.23,73.74,Approved
53,Female,No,4,Not Graduate,Business,98289,15983,4529,1043291,645,1,Vehicle,4641168,180,Rural,0.21,10.61,76.34,Approved
58,Female,No,2,Not Graduate,Private,151604,21894,19958,1298453,421,0,Education,2887490,60,Urban,0.28,8.56,63.62,Approved
21,Male,Yes,1,Not Graduate,Business,187553,35090,38425,1367570,537,0,Home,1199980,60,Semiurban,0.39,7.29,64.19,Approved
41,Male,Yes,0,Not Graduate,Business,145967,9428,34195,438010,735,0,Personal,2481605,180,Semiurban,0.3,3.0,65.54,Approved
54,Female,No,4,Not Graduate,Private,150963,34109,27726,951630,751,1,Education,1355813,60,Urban,0.41,6.3,69.74,Approved
44,Male,No,2,Graduate,Government,157842,33631,11329,1493873,856,0,Home,1697389,60,Urban,0.28,9.46,84.74,Approved
33,Male,Yes,2,Graduate,Government,118869,6063,29015,198431,832,0,Education,2301089,240,Urban,0.3,1.67,66.22,Approved
34,Female,No,0,Graduate,Self Employed,125912,72984,23139,192644,766,0,Home,3036748,240,Semiurban,0.76,1.53,49.24,Rejected
41,Female,No,4,Not Graduate,Self Employed,55564,17416,2535,1207932,333,1,Home,856938,300,Rural,0.36,21.74,56.25,Approved
50,Female,Yes,0,Not Graduate,Government,164015,28809,28805,263608,780,0,Personal,3934992,120,Urban,0.35,1.61,63.9,Approved
49,Male,Yes,0,Not Graduate,Private,65231,15170,9447,1198822,519,1,Home,945655,240,Semiurban,0.38,18.38,64.35,Approved
58,Male,No,1,Graduate,Private,63663,26305,10703,772718,550,0,Vehicle,4763597,180,Semiurban,0.58,12.14,59.55,Rejected
47,Male,No,3,Not Graduate,Private,62352,31484,6440,617844,553,0,Vehicle,2289744,180,Rural,0.61,9.91,58.64,Rejected
52,Male,Yes,3,Not Graduate,Government,68967,16424,14422,156554,465,0,Vehicle,2167702,300,Semiurban,0.45,2.27,44.55,Rejected
54,Female,Yes,1,Not Graduate,Business,56248,23991,9147,1098306,548,0,Home,335538,60,Urban,0.59,19.53,58.93,Rejected
44,Female,Yes,4,Graduate,Private,29871,5728,2173,1172262,800,1,Education,3030249,120,Rural,0.26,39.24,78.82,Approved
44,Female,Yes,1,Not Graduate,Government,229372,15600,13237,46358,584,1,Home,3353530,60,Rural,0.13,0.2,61.76,Approved
57,Female,Yes,3,Graduate,Business,238938,47730,13765,1206459,395,0,Home,4941807,120,Rural,0.26,5.05,59.49,Approved
58,Female,Yes,0,Not Graduate,Private,145296,41331,33513,414438,358,0,Personal,4936445,240,Semiurban,0.52,2.85,41.97,Rejected
26,Male,No,0,Graduate,Private,124285,11346,20751,326526,455,0,Home,1420405,60,Rural,0.26,2.63,52.7,Rejected
50,Female,No,1,Graduate,Government,178816,106105,44134,197142,418,0,Education,3478061,60,Urban,0.84,1.1,32.73,Rejected
32,Male,Yes,4,Graduate,Self Employed,55648,28691,5618,1397722,841,1,Home,1760536,300,Rural,0.62,25.12,71.11,Approved
34,Male,No,4,Graduate,Self Employed,119689,49212,6828,1134384,313,0,Education,2628873,300,Urban,0.47,9.48,53.61,Rejected
30,Female,Yes,0,Graduate,Business,25953,14148,5595,837921,837,0,Vehicle,173334,300,Rural,0.76,32.29,65.42,Rejected
41,Male,Yes,4,Not Graduate,Self Employed,53766,5560,9689,416121,675,1,Education,653795,60,Urban,0.28,7.74,69.12,Approved
57,Female,Yes,4,Not Graduate,Government,223518,17736,14998,961549,421,0,Vehicle,1700180,240,Semiurban,0.15,4.3,61.86,Rejected
56,Female,No,3,Not Graduate,Private,75577,6772,8498,167179,459,0,Home,4142071,60,Semiurban,0.2,2.21,51.79,Rejected
28,Female,Yes,3,Graduate,Self Employed,92857,8952,5451,1266334,362,1,Personal,3717351,240,Rural,0.16,13.64,65.15,Approved
22,Female,Yes,1,Graduate,Business,159210,90209,7014,728044,627,1,Home,163564,120,Rural,0.61,4.57,55.06,Approved
39,Male,Yes,0,Graduate,Government,181516,52603,26577,1050999,877,1,Vehicle,3649967,180,Rural,0.44,5.79,74.73,Approved
25,Female,No,4,Not Graduate,Business,94722,32863,5651,526103,557,1,Personal,1248057,180,Semiurban,0.41,5.55,57.45,Approved
48,Male,Yes,0,Graduate,Government,228996,37148,2538,444570,327,1,Home,942024,240,Semiurban,0.17,1.94,52.38,Approved
38,Male,No,1,Not Graduate,Government,162704,6720,33872,214322,675,1,Personal,1342622,300,Urban,0.25,1.32,61.66,Approved
27,Female,Yes,3,Graduate,Private,153264,10564,26777,959932,404,0,Personal,3975085,120,Semiurban,0.24,6.26,59.3,Rejected
26,Male,No,2,Not Graduate,Self Employed,98705,18074,13127,376960,416,0,Personal,246210,300,Semiurban,0.32,3.82,50.59,Rejected
32,Female,No,3,Not Graduate,Self Employed,176279,38260,32517,72251,509,0,Personal,2899804,120,Rural,0.4,0.41,48.45,Rejected
33,Female,Yes,3,Not Graduate,Self Employed,123186,62253,26974,322294,380,1,Personal,4500797,120,Urban,0.72,2.62,35.32,Rejected
51,Male,Yes,0,Not Graduate,Self Employed,128738,60779,3282,661378,638,0,Personal,1077101,60,Semiurban,0.5,5.14,58.85,Approved
58,Female,No,0,Not Graduate,Government,25150,9303,4796,504827,856,0,Vehicle,4916477,60,Semiurban,0.56,20.07,72.23,Rejected
36,Male,No,1,Graduate,Business,180054,84803,32888,89477,604,1,Education,4539149,240,Rural,0.65,0.5,45.43,Rejected
35,Male,Yes,3,Not Graduate,Government,233297,113678,25049,1274555,869,1,Personal,3546771,240,Urban,0.59,5.46,71.04,Approved
30,Male,No,2,Graduate,Self Employed,145800,79844,17443,530600,538,0,Vehicle,3764930,120,Urban,0.67,3.64,47.0,Rejected
53,Female,Yes,4,Not Graduate,Government,37562,13654,2705,913425,442,0,Home,4019732,60,Rural,0.44,24.32,58.08,Rejected
50,Male,Yes,0,Not Graduate,Government,240470,46512,43303,1405356,328,1,Personal,4678063,60,Urban,0.37,5.84,54.68,Approved
44,Female,Yes,0,Graduate,Self Employed,25875,13806,4125,1322734,596,0,Personal,4685365,240,Semiurban,0.69,51.12,56.73,Rejected
40,Male,Yes,0,Not Graduate,Business,156825,72258,15278,1207657,750,1,Education,196754,300,Urban,0.56,7.7,68.26,Approved
24,Male,No,4,Graduate,Self Employed,144336,46969,31016,1407928,395,0,Home,3289767,300,Urban,0.54,9.75,56.63,Rejected
40,Female,Yes,0,Graduate,Self Employed,196774,112104,38694,577103,469,1,Home,3986937,240,Rural,0.77,2.93,41.59,Rejected
51,Male,No,0,Not Graduate,Private,207008,20455,16950,195465,894,1,Personal,3074684,240,Urban,0.18,0.94,74.48,Approved
52,Male,Yes,3,Not Graduate,Private,107374,52373,12366,752481,409,1,Education,1624421,180,Rural,0.6,7.01,48.4,Approved
23,Female,No,4,Not Graduate,Self Employed,163339,37591,17355,1293045,739,0,Vehicle,3900540,300,Semiurban,0.34,7.92,75.12,Approved
30,Male,No,0,Graduate,Business,46793,17646,2332,345140,664,0,Education,2408689,300,Rural,0.43,7.38,63.33,Rejected
29,Male,Yes,2,Not Graduate,Private,180977,10385,28567,298273,564,1,Education,1369520,300,Semiurban,0.22,1.65,59.15,Approved
59,Male,No,0,Graduate,Government,98616,9840,7027,246865,900,0,Vehicle,1469399,120,Rural,0.17,2.5,73.82,Approved
47,Male,Yes,1,Not Graduate,Self Employed,20111,7799,1528,531405,344,1,Vehicle,4766530,300,Urban,0.46,26.42,52.18,Rejected
46,Female,Yes,1,Not Graduate,Business,216732,44595,32479,313341,568,0,Personal,3698022,180,Rural,0.36,1.45,56.14,Rejected
23,Male,No,2,Graduate,Self Employed,125398,13281,15402,1025524,366,0,Vehicle,4615085,300,Rural,0.23,8.18,60.78,Rejected
23,Male,No,3,Graduate,Government,91171,10217,14511,578055,723,0,Home,2838444,300,Urban,0.27,6.34,70.32,Approved
46,Female,No,4,Not Graduate,Private,203207,81253,25940,1470622,862,1,Vehicle,4350702,240,Rural,0.53,7.24,75.09,Approved
40,Male,No,2,Not Graduate,Business,230653,17923,7251,270291,438,0,Personal,4107713,180,Urban,0.11,1.17,57.76,Rejected
45,Male,No,0,Graduate,Self Employed,40606,18843,1013,486198,850,1,Home,3633691,180,Urban,0.49,11.97,74.73,Approved
47,Male,Yes,4,Not Graduate,Business,117619,12315,12418,1028184,307,0,Personal,4901637,180,Urban,0.21,8.74,59.52,Rejected
40,Female,Yes,0,Not Graduate,Self Employed,118315,40910,25739,1177594,745,1,Education,3543190,60,Semiurban,0.56,9.95,70.85,Approved
48,Female,Yes,0,Not Graduate,Business,131041,52734,16057,939239,648,0,Education,2688065,180,Urban,0.52,7.17,62.63,Approved
33,Male,No,1,Graduate,Business,87656,31505,12493,284320,488,1,Vehicle,2525905,60,Urban,0.5,3.24,46.62,Rejected
46,Female,No,1,Graduate,Government,202135,93508,27885,346098,491,0,Home,1376375,180,Urban,0.6,1.71,45.32,Rejected
49,Female,No,3,Not Graduate,Self Employed,55215,30028,5177,1296126,368,1,Personal,969532,60,Urban,0.64,23.47,49.44,Rejected
38,Male,Yes,2,Not Graduate,Self Employed,35720,5200,8795,41486,410,1,Education,4136601,240,Rural,0.39,1.16,40.22,Rejected
29,Male,Yes,1,Not Graduate,Self Employed,225938,122606,892,582935,756,0,Education,2307229,120,Rural,0.55,2.58,61.4,Approved
48,Male,Yes,0,Graduate,Government,73448,39652,8232,489844,790,1,Home,3707803,180,Rural,0.65,6.67,61.83,Approved
58,Female,Yes,3,Not Graduate,Private,116598,69448,8674,1088053,479,1,Home,1135203,300,Rural,0.67,9.33,54.52,Approved
35,Female,No,2,Not Graduate,Government,28240,16072,3516,543651,612,1,Vehicle,4019359,180,Rural,0.69,19.25,57.52,Rejected
30,Male,Yes,0,Graduate,Private,60413,35626,11680,948369,592,1,Personal,3881166,240,Semiurban,0.78,15.7,55.24,Rejected
34,Male,No,1,Not Graduate,Private,28049,8139,6820,1174105,851,1,Home,710489,240,Semiurban,0.53,41.86,72.94,Approved
21,Male,Yes,4,Not Graduate,Private,236714,15932,16707,699860,499,0,Education,2025558,180,Rural,0.14,2.96,63.42,Rejected
55,Male,No,4,Graduate,Business,242237,65166,57743,650855,312,0,Personal,4417635,60,Rural,0.51,2.69,43.71,Rejected
46,Female,No,4,Not Graduate,Government,240872,116407,22632,371234,585,1,Vehicle,3115406,180,Semiurban,0.58,1.54,51.4,Rejected
48,Male,Yes,4,Not Graduate,Government,144547,84005,14250,954423,865,0,Personal,2788536,120,Rural,0.68,6.6,67.04,Approved
59,Male,Yes,4,Not Graduate,Business,249148,146260,48191,819493,881,1,Home,611041,180,Semiurban,0.78,3.29,62.29,Approved
51,Male,No,0,Not Graduate,Self Employed,198526,23026,16632,800295,538,0,Personal,4633598,240,Rural,0.2,4.03,63.92,Rejected
37,Male,No,1,Graduate,Private,175292,63920,10664,1103588,541,0,Personal,1366242,60,Rural,0.43,6.3,60.88,Rejected
56,Female,Yes,3,Graduate,Private,65194,38887,14203,1089370,350,0,Home,1322267,60,Urban,0.81,16.71,43.73,Rejected
28,Male,Yes,1,Graduate,Government,24267,6032,5666,1104758,695,1,Education,3282658,60,Urban,0.48,45.53,67.4,Rejected
22,Female,No,0,Graduate,Government,234389,82456,12409,791548,692,0,Vehicle,617676,120,Rural,0.4,3.38,64.74,Rejected
39,Female,Yes,0,Graduate,Self Employed,92447,32599,18033,1355353,441,0,Vehicle,2694848,240,Rural,0.55,14.66,56.87,Rejected
41,Male,Yes,0,Graduate,Government,139811,57989,11952,17357,678,1,Vehicle,3280871,240,Urban,0.5,0.12,50.97,Approved
42,Male,Yes,3,Not Graduate,Self Employed,130646,40215,3015,164823,313,1,Vehicle,2608955,60,Rural,0.33,1.26,41.73,Approved
26,Male,No,0,Not Graduate,Business,46364,18068,10061,1250426,575,1,Personal,4485503,300,Urban,0.61,26.97,59.21,Rejected
44,Male,No,3,Graduate,Business,165217,23458,24767,1130499,881,1,Home,3358255,300,Semiurban,0.29,6.84,80.69,Approved
21,Male,No,4,Graduate,Self Employed,158710,94407,31804,1298417,374,1,Personal,3212137,300,Semiurban,0.8,8.18,45.48,Approved
32,Female,No,0,Not Graduate,Self Employed,26127,14743,1939,275298,322,0,Home,3720631,180,Semiurban,0.64,10.54,46.2,Rejected
54,Male,No,0,Not Graduate,Government,165043,5766,37462,782892,442,0,Education,3130023,180,Rural,0.26,4.74,57.88,Rejected
41,Male,No,3,Not Graduate,Business,205091,16824,43972,299343,799,1,Education,1650870,60,Urban,0.3,1.46,67.74,Approved
55,Male,No,0,Not Graduate,Private,134227,39900,11601,351246,444,1,Vehicle,4396869,300,Urban,0.38,2.62,48.83,Approved
49,Male,No,2,Not Graduate,Private,47586,23138,5678,1438192,600,1,Education,480603,180,Semiurban,0.61,30.22,60.4,Rejected
53,Male,Yes,4,Graduate,Private,241397,101251,32567,10127,888,0,Personal,631580,240,Urban,0.55,0.04,62.58,Rejected
42,Female,No,0,Not Graduate,Private,75383,13913,9124,995667,481,0,Vehicle,2448798,60,Urban,0.31,13.21,65.23,Rejected
26,Female,Yes,1,Not Graduate,Self Employed,83011,10904,4464,890143,374,1,Vehicle,152403,240,Urban,0.19,10.72,64.39,Approved
24,Female,Yes,0,Graduate,Business,20268,10000,1458,982704,411,0,Vehicle,1659692,240,Urban,0.57,48.49,52.12,Rejected
23,Female,Yes,3,Graduate,Private,72326,7873,1075,979671,372,1,Vehicle,223361,60,Semiurban,0.12,13.55,65.71,Approved
37,Male,No,4,Not Graduate,Business,79507,47327,4615,1200106,834,1,Education,4758470,300,Urban,0.65,15.09,70.65,Approved
47,Female,Yes,4,Not Graduate,Business,143788,20147,27093,194739,827,0,Education,1796047,180,Rural,0.33,1.35,65.36,Approved
26,Male,Yes,0,Not Graduate,Business,31902,7518,2881,1187509,712,0,Home,676471,240,Semiurban,0.33,37.22,73.14,Approved
34,Female,No,2,Graduate,Business,248421,44684,27569,1121364,361,1,Vehicle,4677411,240,Urban,0.29,4.51,56.28,Approved
48,Female,Yes,4,Graduate,Business,98531,40516,16494,419431,860,1,Home,2766901,120,Semiurban,0.58,4.26,63.32,Approved
40,Female,Yes,4,Graduate,Business,107554,8478,14598,941834,583,0,Education,3120788,240,Rural,0.21,8.76,71.29,Rejected
42,Female,Yes,2,Not Graduate,Private,73999,41999,5989,30411,334,1,Vehicle,998756,60,Semiurban,0.65,0.41,29.17,Rejected
40,Male,Yes,1,Graduate,Government,46245,20161,8315,823485,397,0,Home,2855942,180,Rural,0.62,17.81,51.02,Rejected
49,Female,Yes,1,Graduate,Government,126462,53621,30126,500330,622,1,Personal,1585844,60,Urban,0.66,3.96,50.75,Approved
29,Male,No,2,Not Graduate,Government,22772,7587,3421,1477243,351,0,Vehicle,1031083,180,Urban,0.48,64.87,52.01,Rejected
32,Female,No,3,Not Graduate,Government,134835,42030,2872,1042454,402,1,Home,1183264,240,Rural,0.33,7.73,58.73,Approved
56,Male,No,4,Not Graduate,Government,80450,9309,1577,30390,702,1,Home,2650660,60,Urban,0.14,0.38,61.11,Approved
58,Male,Yes,2,Not Graduate,Private,28239,8514,3509,105645,818,1,Personal,704052,300,Semiurban,0.43,3.74,62.19,Approved
60,Male,Yes,2,Graduate,Business,110730,54805,24577,520931,682,1,Home,483398,180,Semiurban,0.72,4.7,52.64,Approved
25,Male,Yes,3,Not Graduate,Government,188853,7519,26069,1207878,738,0,Personal,4686348,240,Rural,0.18,6.4,77.81,Approved
49,Female,No,0,Graduate,Self Employed,151322,40003,8212,466768,498,1,Vehicle,4974227,180,Urban,0.32,3.08,54.8,Approved
22,Male,No,3,Not Graduate,Self Employed,218905,116157,10300,710814,635,0,Home,1447882,180,Urban,0.58,3.25,56.14,Rejected
25,Female,Yes,3,Not Graduate,Business,54080,17817,3008,609510,408,1,Vehicle,1641576,300,Urban,0.39,11.27,58.74,Approved
32,Male,Yes,1,Not Graduate,Business,244398,29968,4570,41946,332,0,Education,489188,180,Urban,0.14,0.17,50.64,Rejected
21,Female,No,1,Graduate,Private,50578,7896,6291,833304,754,0,Home,154485,180,Rural,0.28,16.48,77.12,Approved
42,Female,No,4,Not Graduate,Business,244712,53776,5749,368596,733,1,Home,3415524,60,Urban,0.24,1.51,68.08,Approved
36,Female,Yes,0,Graduate,Self Employed,117004,28181,17061,401199,379,1,Education,3987006,60,Rural,0.39,3.43,46.78,Approved
59,Male,Yes,3,Graduate,Government,230017,95243,55171,349953,531,0,Home,1685825,240,Rural,0.65,1.52,46.23,Rejected
31,Male,Yes,0,Not Graduate,Government,156905,80084,32036,18967,674,0,Education,992682,60,Rural,0.71,0.12,45.04,Rejected
48,Male,No,2,Graduate,Business,169153,65784,30831,361229,396,1,Personal,522315,180,Urban,0.57,2.14,41.5,Approved
51,Male,Yes,4,Not Graduate,Private,153305,81268,31430,371503,821,1,Vehicle,2708787,60,Rural,0.74,2.42,55.41,Approved
27,Male,Yes,3,Graduate,Government,34149,7910,3502,1299836,601,0,Home,1234729,120,Urban,0.33,38.06,68.05,Rejected
37,Male,No,2,Not Graduate,Business,191660,32711,8629,1110796,412,0,Education,3119072,300,Rural,0.22,5.8,61.1,Approved
33,Male,Yes,0,Graduate,Government,186210,32244,3323,590907,452,0,Home,1195422,240,Semiurban,0.19,3.17,58.15,Rejected
43,Male,Yes,1,Not Graduate,Private,30860,17727,6220,283977,815,0,Education,2914085,60,Semiurban,0.78,9.2,62.58,Rejected
37,Female,Yes,0,Graduate,Business,207497,108946,38985,494041,750,1,Education,3085161,240,Rural,0.71,2.38,55.01,Approved
27,Male,Yes,0,Graduate,Private,176818,16751,27244,1441591,375,1,Vehicle,3271901,300,Urban,0.25,8.15,62.58,Approved
31,Male,Yes,0,Not Graduate,Private,240763,77327,4383,1310420,696,1,Home,1365302,300,Urban,0.34,5.44,71.27,Approved
33,Male,No,3,Graduate,Government,116178,31598,18257,782956,727,1,Education,440404,240,Urban,0.43,6.74,67.56,Approved
46,Male,Yes,4,Not Graduate,Business,114809,8961,9935,1228893,593,1,Vehicle,403480,240,Semiurban,0.16,10.7,76.01,Approved
46,Male,No,4,Graduate,Private,168780,59635,22530,27901,609,1,Home,3905201,120,Urban,0.49,0.17,49.54,Approved
31,Female,Yes,3,Graduate,Government,97468,14624,8379,463912,720,0,Vehicle,4754043,180,Semiurban,0.24,4.76,68.34,Approved
30,Male,Yes,4,Not Graduate,Government,213961,86628,26710,319369,545,1,Personal,4889002,240,Semiurban,0.53,1.49,49.87,Rejected
35,Male,No,1,Graduate,Business,140830,29465,23962,1408193,358,1,Home,1986705,120,Semiurban,0.38,10.0,60.16,Approved
33,Male,Yes,0,Graduate,Business,242387,143674,32735,860747,328,1,Vehicle,3202064,240,Rural,0.73,3.55,39.54,Rejected
45,Female,No,2,Not Graduate,Self Employed,173833,98337,17580,1343217,643,0,Vehicle,2112671,240,Semiurban,0.67,7.73,60.98,Rejected
57,Female,No,3,Not Graduate,Self Employed,231522,21667,28239,447511,587,0,Personal,1585481,180,Semiurban,0.22,1.93,62.75,Rejected
44,Male,Yes,4,Not Graduate,Business,153181,16473,22393,398738,708,0,Vehicle,3213983,300,Semiurban,0.25,2.6,65.19,Approved
46,Female,No,1,Graduate,Private,23551,12425,2262,296699,545,1,Personal,2328811,120,Semiurban,0.62,12.6,56.46,Rejected
28,Female,Yes,2,Graduate,Private,227785,46264,27227,253990,608,1,Vehicle,1890892,60,Semiurban,0.32,1.12,58.68,Approved
57,Female,Yes,3,Graduate,Government,198433,7368,1965,1130210,424,1,Vehicle,1500999,120,Urban,0.05,5.7,66.76,Approved
26,Female,No,0,Not Graduate,Business,61004,11852,5943,1389803,586,0,Education,4340323,240,Semiurban,0.29,22.78,69.73,Rejected
38,Female,Yes,0,Not Graduate,Private,188510,26443,42474,1429154,325,1,Vehicle,1338057,120,Semiurban,0.37,7.58,56.18,Approved
50,Female,Yes,4,Not Graduate,Self Employed,198773,47456,26655,404894,499,1,Personal,1035121,180,Urban,0.37,2.04,53.02,Approved
23,Female,Yes,3,Graduate,Government,116334,26330,21268,1098723,346,0,Personal,1374926,240,Rural,0.41,9.44,56.65,Rejected
32,Male,Yes,2,Graduate,Business,141402,30541,7858,902175,327,1,Home,4912244,60,Urban,0.27,6.38,54.8,Approved
46,Male,No,1,Graduate,Private,51882,11491,6194,1315339,654,1,Home,4446116,240,Urban,0.34,25.35,70.92,Approved
22,Male,No,1,Not Graduate,Private,208517,53959,40328,748719,518,0,Home,1517473,120,Rural,0.45,3.59,54.98,Rejected
49,Male,Yes,4,Graduate,Government,95321,28828,15521,1459530,527,1,Home,1183830,120,Semiurban,0.47,15.31,63.28,Approved
48,Male,No,0,Not Graduate,Self Employed,44022,6604,9031,972833,346,0,Education,4276135,60,Rural,0.36,22.1,56.48,Rejected
31,Male,No,0,Graduate,Government,148815,21342,10221,841365,402,1,Home,4783157,300,Rural,0.21,5.65,58.76,Approved
32,Male,No,3,Not Graduate,Business,224302,57761,31357,430068,632,1,Vehicle,1199110,120,Urban,0.4,1.92,58.98,Approved
34,Male,Yes,1,Graduate,Government,217756,84616,19138,542165,457,1,Home,1644614,120,Rural,0.48,2.49,49.71,Approved
43,Female,Yes,3,Graduate,Business,75329,29352,1615,827074,548,1,Home,659260,60,Rural,0.41,10.98,65.04,Approved
24,Female,No,3,Not Graduate,Government,236969,66948,413,1028307,622,0,Vehicle,1123617,300,Semiurban,0.28,4.34,67.27,Approved
30,Male,Yes,1,Not Graduate,Private,125196,12514,16669,611513,708,0,Education,3164987,240,Urban,0.23,4.88,69.25,Approved
41,Female,No,0,Not Graduate,Business,85910,42268,2382,375491,368,1,Personal,3691322,180,Urban,0.52,4.37,42.94,Rejected
25,Female,No,3,Not Graduate,Government,169310,92887,5985,1218446,684,0,Vehicle,3882081,300,Semiurban,0.58,7.2,64.05,Approved
43,Male,Yes,3,Graduate,Private,24760,9155,1382,921415,462,0,Personal,4261843,60,Urban,0.43,37.21,58.76,Rejected
26,Male,No,0,Graduate,Private,217105,98906,28180,1310872,713,1,Education,3505635,60,Rural,0.59,6.04,64.89,Approved
54,Female,Yes,0,Graduate,Self Employed,148594,68422,15160,177568,489,0,Education,3366552,60,Semiurban,0.56,1.19,43.19,Rejected
42,Female,No,2,Graduate,Private,185403,94776,37464,1474406,616,0,Personal,869197,240,Semiurban,0.71,7.95,59.3,Rejected
40,Male,Yes,4,Not Graduate,Private,81125,13171,4742,105799,462,0,Personal,3052562,60,Semiurban,0.22,1.3,49.76,Rejected
52,Female,No,2,Not Graduate,Business,145812,5902,3272,12496,443,1,Education,3418895,180,Semiurban,0.06,0.09,53.81,Approved
55,Female,No,3,Not Graduate,Self Employed,175473,64000,20284,196702,729,0,Education,3015533,240,Rural,0.48,1.12,57.25,Rejected
23,Female,No,0,Graduate,Self Employed,84032,28134,10313,1475975,525,1,Home,415705,300,Rural,0.46,17.56,62.97,Approved
45,Female,No,4,Graduate,Self Employed,135704,15364,7203,1341669,879,1,Home,4875716,240,Urban,0.17,9.89,89.28,Approved
41,Male,Yes,2,Not Graduate,Government,66988,29117,11461,240942,465,0,Education,3568903,120,Semiurban,0.61,3.6,42.37,Rejected
40,Male,Yes,2,Not Graduate,Business,180359,56573,22851,600752,723,1,Home,2604310,180,Semiurban,0.44,3.33,62.8,Approved
39,Male,No,2,Graduate,Business,180428,20900,25920,1204087,550,0,Vehicle,2413476,300,Semiurban,0.26,6.67,67.22,Approved
39,Male,No,3,Not Graduate,Government,157841,93607,36789,369320,449,0,Personal,2853040,300,Semiurban,0.83,2.34,36.17,Rejected
29,Female,Yes,4,Not Graduate,Government,85320,15334,3395,26727,884,1,Home,613415,120,Urban,0.22,0.31,66.74,Approved
51,Male,No,2,Not Graduate,Business,70519,23813,13526,787087,644,1,Home,1154120,60,Urban,0.53,11.16,65.56,Approved
21,Male,No,2,Not Graduate,Business,120008,13400,4862,1291230,528,0,Personal,1286443,180,Urban,0.15,10.76,73.7,Approved
29,Male,Yes,3,Not Graduate,Self Employed,246576,98385,34653,1492641,701,0,Vehicle,4985108,180,Rural,0.54,6.05,66.94,Approved
51,Male,No,0,Graduate,Government,88443,51256,11812,1168782,605,0,Vehicle,2845222,240,Semiurban,0.71,13.22,59.03,Rejected
35,Male,Yes,1,Not Graduate,Government,73661,24439,6015,409494,717,0,Home,380896,120,Urban,0.41,5.56,63.53,Approved
40,Female,No,1,Not Graduate,Self Employed,74502,12063,613,641783,537,1,Education,4331504,240,Rural,0.17,8.61,68.97,Approved
22,Male,No,1,Not Graduate,Self Employed,217463,81358,3284,330844,391,1,Education,2499530,60,Semiurban,0.39,1.52,47.44,Approved
37,Male,Yes,2,Graduate,Business,35321,7542,3741,1135251,675,0,Home,1458845,300,Rural,0.32,32.14,71.83,Rejected
38,Female,No,2,Graduate,Self Employed,217029,49141,47830,344460,503,0,Home,4464709,120,Rural,0.45,1.59,50.81,Rejected
35,Male,Yes,0,Graduate,Business,125191,19130,7062,438681,310,0,Personal,1940960,120,Semiurban,0.21,3.5,49.52,Rejected
47,Female,No,0,Graduate,Self Employed,225340,64807,23933,32452,748,1,Home,4113010,300,Rural,0.39,0.14,60.73,Approved
43,Female,Yes,0,Graduate,Business,188232,53522,13802,127545,380,0,Home,4979831,300,Semiurban,0.36,0.68,45.04,Rejected
52,Male,Yes,0,Graduate,Business,207888,108861,8638,107867,430,1,Education,671275,300,Rural,0.57,0.52,41.51,Rejected
22,Male,No,1,Graduate,Private,96722,8415,12232,132661,749,1,Vehicle,4684076,240,Rural,0.21,1.37,63.5,Approved
27,Female,No,2,Not Graduate,Self Employed,47753,25391,9842,393520,570,0,Education,3117891,300,Urban,0.74,8.24,51.59,Rejected
55,Female,Yes,3,Graduate,Business,152589,13400,11788,336215,624,0,Vehicle,3331940,240,Rural,0.17,2.2,63.29,Approved
39,Female,Yes,1,Not Graduate,Private,184416,29592,29580,1212514,378,0,Personal,1190441,60,Urban,0.32,6.57,57.7,Approved
24,Male,No,4,Graduate,Private,202685,50436,45112,1169303,725,0,Personal,3911905,60,Semiurban,0.47,5.77,67.73,Approved
39,Male,Yes,4,Graduate,Business,47149,24259,10148,1304468,557,1,Home,2770424,60,Semiurban,0.73,27.67,54.75,Rejected
27,Male,Yes,1,Not Graduate,Self Employed,216198,38361,16369,472027,870,1,Home,1471954,60,Semiurban,0.25,2.18,74.09,Approved
39,Male,Yes,0,Not Graduate,Private,118797,47008,22449,556671,691,0,Home,112647,300,Urban,0.58,4.69,57.29,Rejected
33,Female,No,2,Not Graduate,Government,99883,37912,16992,1056679,820,1,Personal,2372995,240,Urban,0.55,10.58,73.95,Approved
31,Male,No,4,Not Graduate,Business,38709,15263,3104,1439987,758,1,Vehicle,1623868,240,Semiurban,0.47,37.2,71.0,Approved
34,Male,No,3,Graduate,Business,68493,34645,16318,1004396,626,0,Home,3108932,300,Urban,0.74,14.66,58.24,Rejected
22,Female,Yes,3,Not Graduate,Government,57161,31526,9905,290643,328,1,Home,1365919,300,Semiurban,0.72,5.08,35.29,Rejected
28,Male,No,3,Graduate,Government,59750,24379,5205,672290,895,1,Home,3756524,120,Semiurban,0.5,11.25,77.31,Approved
30,Female,Yes,4,Not Graduate,Private,31205,12069,3088,169378,643,1,Personal,4724009,180,Urban,0.49,5.43,56.11,Rejected
33,Male,Yes,1,Graduate,Government,91463,42610,17512,480704,460,0,Personal,1582939,120,Urban,0.66,5.26,44.89,Rejected
32,Male,No,2,Graduate,Business,161119,25139,28537,1149676,727,1,Education,2599421,60,Urban,0.33,7.14,73.03,Approved
58,Male,No,2,Graduate,Self Employed,101082,25027,24578,290106,300,0,Education,1590331,300,Rural,0.49,2.87,38.39,Rejected
52,Female,No,1,Not Graduate,Business,223407,101567,25409,1347575,711,1,Education,2707114,60,Rural,0.57,6.03,65.55,Approved
48,Male,Yes,2,Graduate,Government,180042,23469,28581,313731,483,0,Home,1635297,60,Semiurban,0.29,1.74,53.48,Rejected
25,Male,No,1,Not Graduate,Private,228624,34561,18442,1028371,823,0,Personal,4051532,300,Semiurban,0.23,4.5,77.76,Approved
30,Female,No,4,Graduate,Private,154660,31104,7267,1162495,320,0,Home,3723803,240,Semiurban,0.25,7.52,58.0,Approved
22,Male,Yes,0,Graduate,Business,71565,15570,17669,716028,498,1,Home,908336,60,Semiurban,0.46,10.01,61.06,Approved
23,Female,Yes,2,Graduate,Private,164135,98032,125,755072,866,0,Education,1533748,300,Rural,0.6,4.6,66.31,Approved
24,Male,No,3,Not Graduate,Private,235648,124901,49563,924668,549,0,Home,4762472,120,Rural,0.74,3.92,49.46,Rejected
60,Female,Yes,1,Not Graduate,Self Employed,215817,15918,33138,715109,416,1,Home,3435724,240,Urban,0.23,3.31,56.93,Approved
36,Female,No,0,Graduate,Government,69773,15161,16575,338940,505,0,Home,931725,300,Rural,0.45,4.86,51.31,Rejected
35,Female,Yes,3,Graduate,Self Employed,105292,51415,25043,1478671,320,1,Education,4235653,240,Urban,0.73,14.04,46.65,Rejected
23,Female,No,4,Graduate,Government,186410,75546,34252,220661,572,0,Personal,1169007,240,Rural,0.59,1.18,47.58,Rejected
49,Female,Yes,3,Graduate,Business,175561,59919,37981,1128287,552,1,Vehicle,4273152,120,Rural,0.56,6.43,57.68,Approved
22,Male,No,3,Not Graduate,Self Employed,159949,55393,11194,1292692,662,0,Home,2815164,240,Urban,0.42,8.08,69.49,Approved
40,Male,No,2,Graduate,Business,195941,62036,41174,1344757,309,1,Vehicle,1245075,300,Rural,0.53,6.86,49.49,Approved
22,Female,No,3,Graduate,Self Employed,130900,44913,2062,928285,887,1,Education,281140,300,Urban,0.36,7.09,78.08,Approved
56,Female,No,3,Not Graduate,Business,199721,85977,37419,606066,715,1,Personal,4370295,120,Rural,0.62,3.03,57.3,Approved
53,Female,Yes,3,Not Graduate,Private,95753,35037,17006,1331024,651,0,Education,4978185,300,Rural,0.54,13.9,66.46,Rejected
27,Female,No,4,Graduate,Business,96025,25711,323,1278625,470,1,Personal,2840281,120,Urban,0.27,13.32,66.6,Approved
23,Male,No,1,Not Graduate,Government,123994,57456,9498,1169466,362,0,Home,2369618,300,Semiurban,0.54,9.43,53.71,Rejected
43,Male,Yes,0,Graduate,Government,106476,36618,9998,1408291,853,0,Education,2297072,60,Rural,0.44,13.23,79.04,Approved
43,Female,Yes,0,Graduate,Self Employed,226648,53569,833,109076,300,0,Personal,2993343,240,Rural,0.24,0.48,46.16,Rejected
46,Male,No,1,Graduate,Business,121555,43375,3181,1180123,567,0,Education,4641276,180,Semiurban,0.38,9.71,67.99,Rejected
49,Male,No,0,Graduate,Self Employed,62466,18580,14388,1357921,335,0,Personal,1811652,240,Semiurban,0.53,21.74,51.55,Rejected
28,Male,Yes,2,Not Graduate,Business,86077,13619,19708,1258447,344,1,Education,2400649,180,Semiurban,0.39,14.62,57.12,Approved
56,Female,No,1,Not Graduate,Government,119045,23581,25801,274337,419,1,Vehicle,3759009,240,Urban,0.41,2.3,45.55,Rejected
41,Female,Yes,1,Graduate,Government,179642,6037,21743,504742,520,1,Education,346621,180,Semiurban,0.15,2.81,61.28,Approved
40,Female,No,2,Not Graduate,Business,117613,34207,19686,926609,634,0,Personal,2044145,300,Urban,0.46,7.88,64.89,Approved
41,Male,No,0,Graduate,Business,107298,52753,11393,467517,404,0,Personal,127886,120,Semiurban,0.6,4.36,43.03,Rejected
29,Male,Yes,0,Not Graduate,Private,224157,88898,9383,1338141,774,1,Home,3670180,180,Rural,0.44,5.97,72.15,Approved
55,Male,No,4,Not Graduate,Business,165265,47562,11204,389468,898,1,Home,3004768,120,Rural,0.36,2.36,70.57,Approved
41,Male,No,0,Not Graduate,Self Employed,116532,45301,2753,950838,368,0,Vehicle,538098,300,Rural,0.41,8.16,54.96,Rejected
24,Female,No,4,Graduate,Business,137502,64520,20136,574647,782,0,Vehicle,1902073,180,Urban,0.62,4.18,60.14,Rejected
40,Female,No,0,Not Graduate,Government,113429,43048,9839,1482888,884,1,Home,2280681,180,Rural,0.47,13.07,79.84,Approved
34,Male,No,1,Not Graduate,Government,78260,17794,4089,1121178,522,1,Personal,675858,120,Urban,0.28,14.33,67.94,Approved
54,Male,No,0,Not Graduate,Private,232883,22908,23109,375089,791,1,Home,180888,180,Rural,0.2,1.61,71.76,Approved
48,Male,No,0,Not Graduate,Private,52041,19587,11329,651161,718,1,Home,2846745,120,Semiurban,0.59,12.51,66.17,Approved
53,Male,Yes,4,Graduate,Business,131373,67700,12320,623495,585,1,Education,835029,240,Semiurban,0.61,4.75,52.47,Rejected
45,Male,No,4,Graduate,Business,78847,18756,12977,296369,889,1,Education,3707198,180,Semiurban,0.4,3.76,68.11,Approved
24,Male,Yes,0,Graduate,Business,145748,34868,1111,1124199,539,1,Home,898592,60,Rural,0.25,7.71,67.81,Approved
59,Female,No,2,Graduate,Business,122200,41298,24121,1089193,829,1,Education,4989207,180,Semiurban,0.54,8.91,73.5,Approved
31,Female,No,2,Not Graduate,Private,155872,19570,38819,117672,483,0,Personal,3800276,300,Semiurban,0.37,0.75,47.97,Rejected
55,Male,Yes,2,Graduate,Self Employed,41482,20142,235,698214,894,1,Vehicle,2857599,60,Semiurban,0.49,16.83,76.66,Approved
34,Female,No,1,Not Graduate,Government,41757,10971,3565,1348392,330,0,Vehicle,3744157,300,Urban,0.35,32.29,55.89,Rejected
26,Male,No,4,Graduate,Business,108227,42777,372,57529,886,0,Personal,3835404,240,Rural,0.4,0.53,62.81,Rejected
24,Female,No,1,Not Graduate,Self Employed,173406,32227,14484,793640,391,1,Personal,3998013,60,Rural,0.27,4.58,55.39,Approved
41,Male,Yes,3,Graduate,Government,51945,23863,3950,1235770,381,0,Home,4568093,120,Rural,0.54,23.79,52.95,Rejected
51,Female,Yes,2,Not Graduate,Government,83792,32957,1384,1213697,360,1,Personal,4313501,60,Urban,0.41,14.48,57.06,Approved
39,Female,Yes,1,Not Graduate,Private,207336,65429,13538,849827,371,1,Education,1825046,240,Semiurban,0.38,4.1,51.55,Approved
29,Female,Yes,1,Not Graduate,Self Employed,168989,37157,13696,750776,547,0,Personal,2900649,300,Semiurban,0.3,4.44,60.93,Rejected
48,Male,No,2,Not Graduate,Private,42530,15954,6321,797634,545,1,Home,3095306,180,Urban,0.52,18.75,60.21,Rejected
27,Female,No,1,Not Graduate,Government,193021,22566,33296,513283,782,1,Home,3933054,60,Urban,0.29,2.66,69.11,Approved
55,Female,No,3,Graduate,Business,85371,24332,5802,1103119,384,1,Vehicle,2251046,60,Rural,0.35,12.92,59.89,Approved
47,Male,Yes,0,Not Graduate,Business,186358,31835,21938,1132842,606,1,Vehicle,459482,180,Urban,0.29,6.08,67.89,Approved
23,Male,Yes,1,Not Graduate,Private,22168,9326,1169,1030487,729,0,Education,1226765,300,Urban,0.47,46.49,69.08,Rejected
37,Female,No,3,Graduate,Private,175183,46548,13855,55314,889,1,Personal,3609702,240,Semiurban,0.34,0.32,66.81,Approved
37,Male,Yes,1,Not Graduate,Self Employed,220608,40339,20965,745271,414,0,Vehicle,4610030,240,Urban,0.28,3.38,55.64,Rejected
52,Male,No,2,Graduate,Government,188244,60681,36228,1184301,422,0,Education,2373221,60,Urban,0.51,6.29,53.42,Rejected
40,Male,Yes,4,Not Graduate,Private,163753,66589,29044,1377132,667,0,Home,1898929,240,Semiurban,0.58,8.41,65.49,Approved
51,Female,Yes,2,Graduate,Private,208077,6104,39652,36122,415,1,Home,4400428,240,Urban,0.22,0.17,50.52,Approved
32,Male,No,1,Not Graduate,Business,226444,26870,2589,559382,369,0,Home,812968,300,Urban,0.13,2.47,56.5,Rejected
43,Female,No,1,Graduate,Business,218695,41634,4344,51272,357,1,Vehicle,936384,300,Urban,0.21,0.23,48.78,Approved
31,Female,No,1,Graduate,Government,182892,68271,40378,659207,401,0,Home,2424045,300,Semiurban,0.59,3.6,44.52,Rejected
22,Female,Yes,3,Not Graduate,Self Employed,73657,17014,5814,792645,380,1,Vehicle,1309243,120,Semiurban,0.31,10.76,60.54,Approved
21,Female,Yes,1,Not Graduate,Government,48280,22484,10188,118250,336,0,Vehicle,3309245,300,Semiurban,0.68,2.45,31.46,Rejected
27,Female,Yes,0,Not Graduate,Government,59140,22896,6543,950888,473,0,Home,394842,60,Rural,0.5,16.08,58.45,Rejected
42,Male,No,3,Graduate,Government,169747,52237,12883,868301,856,0,Personal,2943437,240,Semiurban,0.38,5.12,73.56,Approved
59,Female,Yes,0,Graduate,Self Employed,83804,13949,10929,1190876,312,0,Education,1913515,300,Semiurban,0.3,14.21,58.31,Approved
26,Male,Yes,3,Graduate,Private,44516,8576,3345,1143585,689,0,Education,733931,240,Semiurban,0.27,25.69,74.37,Rejected
30,Male,Yes,0,Not Graduate,Business,248101,78224,48724,864616,414,1,Personal,4877139,120,Rural,0.51,3.48,49.94,Approved
25,Female,Yes,3,Not Graduate,Business,84193,31677,1762,313457,530,1,Vehicle,1205154,120,Semiurban,0.4,3.72,52.45,Approved
30,Male,No,0,Graduate,Business,67470,19068,8843,182558,445,0,Vehicle,2659288,240,Semiurban,0.41,2.71,45.48,Rejected
32,Female,Yes,1,Graduate,Self Employed,188179,86986,23142,672293,396,0,Home,4045370,240,Urban,0.59,3.57,44.72,Rejected
50,Female,Yes,1,Not Graduate,Business,236835,99133,38295,1142566,659,0,Education,410843,120,Urban,0.58,4.82,61.0,Rejected
27,Male,No,4,Graduate,Private,231136,117687,35421,858514,592,1,Vehicle,4117887,300,Semiurban,0.66,3.71,53.11,Rejected
53,Female,Yes,1,Not Graduate,Self Employed,35410,19874,158,1058995,838,1,Vehicle,3926769,180,Urban,0.57,29.91,71.69,Approved
53,Male,No,4,Graduate,Government,169916,9263,32158,621479,880,0,Personal,3767358,180,Urban,0.24,3.66,75.91,Approved
24,Female,Yes,3,Graduate,Private,225893,47734,15103,594271,853,1,Education,2368439,240,Urban,0.28,2.63,73.86,Approved
53,Male,Yes,1,Not Graduate,Business,91911,33291,6143,320450,309,0,Personal,1496700,120,Rural,0.43,3.49,41.51,Rejected
52,Male,Yes,2,Not Graduate,Government,74561,19274,64,137841,321,0,Education,2185968,180,Rural,0.26,1.85,43.17,Rejected
46,Female,Yes,4,Graduate,Government,20880,9228,4268,1209019,881,0,Personal,2214957,60,Semiurban,0.65,57.9,70.6,Rejected
21,Male,Yes,3,Graduate,Private,56402,27462,8101,432663,767,1,Personal,3356496,60,Rural,0.63,7.67,62.77,Approved
42,Female,Yes,4,Not Graduate,Self Employed,87636,30461,8026,95208,351,0,Vehicle,1938095,120,Semiurban,0.44,1.09,38.1,Rejected
28,Male,Yes,3,Graduate,Government,157203,16162,20862,203917,868,1,Vehicle,2865942,300,Urban,0.24,1.3,70.39,Approved
57,Female,Yes,0,Graduate,Business,231004,8155,4483,771305,508,1,Home,2429802,240,Semiurban,0.05,3.34,66.85,Approved
22,Female,No,3,Not Graduate,Business,172569,97281,17913,858134,742,1,Home,550204,60,Urban,0.67,4.97,59.8,Approved
56,Male,No,0,Graduate,Government,200543,71452,9975,298930,527,1,Vehicle,109467,120,Semiurban,0.41,1.49,52.24,Rejected
30,Male,No,4,Graduate,Self Employed,88702,50142,10641,295093,778,0,Vehicle,1716093,240,Semiurban,0.69,3.33,54.22,Rejected
31,Male,No,3,Graduate,Government,97243,10714,5225,1309720,396,0,Vehicle,999115,300,Urban,0.16,13.47,66.57,Approved
47,Male,Yes,2,Not Graduate,Government,95199,48618,13027,249960,332,0,Education,1550331,120,Urban,0.65,2.63,34.39,Rejected
37,Female,No,0,Graduate,Government,53498,23401,3969,1105492,446,1,Personal,348510,60,Rural,0.51,20.66,56.61,Approved
32,Male,Yes,4,Not Graduate,Government,111972,10870,4099,71583,570,1,Personal,4275500,240,Semiurban,0.13,0.64,57.08,Rejected
41,Male,No,2,Not Graduate,Government,249459,85074,42932,382673,447,1,Education,1935117,180,Semiurban,0.51,1.53,47.52,Rejected
22,Male,Yes,2,Graduate,Government,115931,37716,23566,1322652,509,1,Education,1349070,180,Urban,0.53,11.41,61.4,Approved
43,Female,Yes,3,Not Graduate,Private,62777,35808,5207,222980,429,1,Home,3407133,240,Urban,0.65,3.55,39.08,Rejected
53,Female,No,3,Not Graduate,Self Employed,60014,33046,2130,588943,378,1,Education,4678314,240,Rural,0.59,9.81,51.24,Rejected
38,Female,No,3,Graduate,Private,171566,12876,41884,445564,670,0,Personal,3562657,60,Rural,0.32,2.6,62.26,Approved
40,Female,No,1,Graduate,Private,102105,22817,6864,655082,354,1,Education,3274280,300,Urban,0.29,6.42,53.93,Approved
28,Male,Yes,2,Not Graduate,Business,178492,101764,23349,353150,665,1,Home,244216,240,Rural,0.7,1.98,49.62,Rejected
38,Female,Yes,0,Graduate,Self Employed,222928,30633,35828,1164337,382,0,Education,2189414,60,Rural,0.3,5.22,57.4,Approved
48,Male,No,1,Not Graduate,Business,151188,70888,11715,145838,840,1,Education,4603343,60,Semiurban,0.55,0.96,58.92,Approved
46,Female,Yes,2,Graduate,Government,31466,7977,746,347636,679,1,Home,2440135,60,Rural,0.28,11.05,73.12,Approved
32,Male,Yes,0,Not Graduate,Government,101515,45062,24378,1117070,734,0,Home,4266380,120,Urban,0.68,11.0,66.16,Rejected
53,Female,Yes,0,Graduate,Private,36379,11607,1720,1257122,757,0,Personal,850490,180,Urban,0.37,34.56,74.11,Approved
21,Male,No,3,Graduate,Private,48033,27605,8132,217411,777,1,Personal,980487,240,Urban,0.74,4.53,53.19,Rejected
43,Male,No,0,Not Graduate,Self Employed,235344,91155,56841,774744,309,0,Personal,1828330,240,Semiurban,0.63,3.29,40.87,Rejected
35,Female,Yes,0,Graduate,Self Employed,63638,34074,8562,17262,782,0,Education,571759,120,Semiurban,0.67,0.27,47.74,Rejected
28,Female,Yes,3,Graduate,Government,224261,85683,30800,334279,432,0,Education,2208176,240,Semiurban,0.52,1.49,45.57,Rejected
28,Male,No,2,Graduate,Government,137285,59948,6949,24625,486,1,Personal,4705689,180,Semiurban,0.49,0.18,42.83,Rejected
50,Male,Yes,1,Not Graduate,Business,70896,13844,6988,838923,490,0,Personal,3377454,300,Urban,0.29,11.83,65.8,Rejected
45,Female,No,3,Not Graduate,Self Employed,194687,66886,1305,825652,753,1,Personal,3765240,300,Rural,0.35,4.24,69.23,Approved
28,Male,No,1,Graduate,Business,34396,17055,1891,862643,605,0,Education,709848,60,Semiurban,0.55,25.08,61.74,Rejected
21,Male,Yes,2,Graduate,Business,224936,25518,18485,454347,415,0,Home,2520603,300,Semiurban,0.2,2.02,55.61,Rejected
53,Male,Yes,0,Graduate,Business,48085,18929,9841,166435,315,1,Home,493012,120,Urban,0.6,3.46,34.9,Rejected
44,Male,No,3,Not Graduate,Self Employed,203051,43115,26494,523944,536,1,Home,2699278,300,Urban,0.34,2.58,56.82,Approved
26,Male,No,0,Graduate,Business,150723,60130,17011,336040,802,1,Personal,2784835,240,Urban,0.51,2.23,60.78,Approved
56,Female,No,0,Graduate,Government,137713,69576,21595,216528,437,0,Vehicle,4821001,240,Rural,0.66,1.57,38.21,Rejected
27,Female,No,2,Graduate,Self Employed,243892,16957,49966,1418125,772,0,Home,3315792,60,Urban,0.27,5.81,77.46,Approved
39,Female,No,2,Not Graduate,Self Employed,222680,65630,30707,306424,337,1,Personal,3803930,60,Urban,0.43,1.38,43.66,Rejected
50,Male,Yes,4,Not Graduate,Government,114805,30183,26394,562755,792,0,Education,613394,120,Urban,0.49,4.9,64.81,Approved
52,Female,No,1,Graduate,Private,135946,43863,4777,642740,815,1,Education,1618907,240,Urban,0.36,4.73,70.38,Approved
31,Male,No,2,Not Graduate,Self Employed,58666,34278,7387,399937,868,1,Personal,3863925,240,Semiurban,0.71,6.82,63.25,Approved
37,Male,Yes,3,Not Graduate,Private,57700,20670,1107,1491442,511,1,Home,4701066,240,Semiurban,0.38,25.85,63.7,Approved
47,Male,No,4,Graduate,Private,158677,61523,33026,1006531,353,1,Personal,2308269,300,Rural,0.6,6.34,46.85,Approved
46,Male,Yes,0,Not Graduate,Business,223796,35843,17020,22638,655,0,Home,4078426,120,Rural,0.24,0.1,61.18,Rejected
47,Male,No,4,Not Graduate,Self Employed,87468,5578,10298,412342,629,1,Education,584635,240,Rural,0.18,4.71,65.44,Approved
59,Female,No,2,Not Graduate,Business,61624,19297,13935,171427,900,0,Home,4520534,180,Urban,0.54,2.78,61.85,Rejected
32,Female,Yes,3,Graduate,Self Employed,211009,32032,11813,135066,480,0,Home,4144528,60,Urban,0.21,0.64,54.82,Rejected
25,Female,No,3,Not Graduate,Government,148927,18973,27717,354733,358,1,Home,4656652,180,Urban,0.31,2.38,47.23,Approved
39,Female,No,4,Graduate,Government,118250,28032,3393,900935,892,0,Home,1602996,120,Urban,0.27,7.62,81.64,Approved
32,Female,Yes,0,Not Graduate,Private,197893,57103,17605,1049045,379,0,Education,4683260,60,Urban,0.38,5.3,54.04,Approved
49,Female,Yes,1,Graduate,Self Employed,70860,34206,1289,728134,311,0,Vehicle,4993096,120,Urban,0.5,10.28,51.63,Rejected
32,Female,No,1,Not Graduate,Business,118758,34343,27944,247255,751,0,Vehicle,3821197,240,Urban,0.52,2.08,56.56,Rejected
56,Male,Yes,4,Graduate,Self Employed,218241,126848,21305,555489,362,0,Vehicle,4714084,180,Urban,0.68,2.55,39.54,Rejected
59,Male,Yes,1,Not Graduate,Private,218734,69652,11808,1144387,389,0,Personal,3351564,120,Semiurban,0.37,5.23,55.33,Approved
24,Female,No,0,Graduate,Self Employed,208357,60021,29659,838653,639,0,Education,1494223,300,Rural,0.43,4.03,61.87,Rejected
40,Female,Yes,4,Not Graduate,Business,183428,103162,41064,1239736,682,0,Education,104786,300,Rural,0.79,6.76,57.58,Rejected
48,Female,Yes,3,Not Graduate,Business,217535,59104,1422,365773,345,0,Personal,4839938,120,Rural,0.28,1.68,49.05,Rejected
23,Male,Yes,0,Not Graduate,Business,233345,67441,40612,78313,586,1,Personal,1988867,120,Urban,0.46,0.34,52.16,Rejected
43,Male,Yes,1,Graduate,Government,63980,21035,5857,151003,341,0,Vehicle,2879856,180,Urban,0.42,2.36,39.83,Rejected
28,Male,No,2,Not Graduate,Government,79254,31530,19034,1067580,867,1,Home,1724378,120,Urban,0.64,13.47,72.56,Approved
31,Female,Yes,3,Graduate,Self Employed,54671,5237,13301,1137017,327,1,Home,1127175,120,Semiurban,0.34,20.8,56.55,Approved
38,Male,Yes,4,Graduate,Self Employed,224492,48691,49240,1265028,702,1,Home,573468,60,Urban,0.44,5.64,68.36,Approved
36,Female,No,1,Graduate,Self Employed,140530,45499,24359,592704,463,0,Personal,3320644,120,Rural,0.5,4.22,49.72,Rejected
38,Male,Yes,3,Not Graduate,Government,173605,22359,11849,839472,757,0,Home,937808,240,Semiurban,0.2,4.84,74.35,Approved
35,Female,Yes,3,Not Graduate,Self Employed,103493,14905,21881,1076812,708,1,Education,963067,120,Rural,0.36,10.4,74.94,Approved
22,Female,Yes,3,Graduate,Government,21182,9678,4858,342061,845,1,Vehicle,1252834,180,Urban,0.69,16.15,67.82,Rejected
33,Male,Yes,0,Not Graduate,Private,245459,91996,23240,30831,625,0,Vehicle,1860632,120,Urban,0.47,0.13,53.76,Rejected
58,Male,No,1,Graduate,Self Employed,147169,82500,30211,1347377,443,1,Education,1164093,180,Rural,0.77,9.16,50.91,Approved
37,Male,Yes,0,Graduate,Business,184700,109581,44263,683890,852,0,Home,162274,180,Rural,0.83,3.7,57.67,Rejected
51,Female,Yes,3,Not Graduate,Self Employed,237452,56976,13695,501736,474,1,Vehicle,899224,180,Rural,0.3,2.11,55.86,Approved
24,Male,No,3,Not Graduate,Self Employed,92073,8757,17031,709491,815,1,Home,4642312,120,Semiurban,0.28,7.71,76.91,Approved
48,Female,Yes,3,Graduate,Government,213896,71573,17440,844453,793,0,Home,3140137,180,Urban,0.42,3.95,69.21,Approved
41,Female,Yes,4,Not Graduate,Private,165607,25843,11312,394967,658,0,Personal,4573507,120,Semiurban,0.22,2.38,63.91,Rejected
46,Male,No,3,Graduate,Self Employed,69467,21511,5907,1365009,313,0,Home,1463360,120,Semiurban,0.39,19.65,54.85,Rejected
26,Female,Yes,4,Graduate,Government,178724,97034,42934,885572,703,0,Education,433509,120,Semiurban,0.78,4.95,54.81,Rejected
46,Male,No,2,Graduate,Business,132802,30454,12131,149991,788,1,Personal,257395,120,Rural,0.32,1.13,62.97,Approved
25,Male,Yes,4,Graduate,Private,117186,55004,6579,1139826,481,0,Home,2598787,240,Urban,0.53,9.73,59.75,Rejected
26,Male,No,0,Graduate,Self Employed,25575,13665,1176,977633,797,0,Vehicle,3455227,180,Semiurban,0.58,38.23,69.04,Rejected
28,Female,Yes,3,Not Graduate,Private,122477,41881,7156,1496275,838,1,Personal,223525,300,Semiurban,0.4,12.22,80.13,Approved
35,Female,Yes,1,Not Graduate,Self Employed,43627,19571,6973,1392096,450,0,Personal,1824580,120,Semiurban,0.61,31.91,53.49,Rejected
28,Male,No,2,Graduate,Self Employed,98556,13992,6555,217915,698,1,Vehicle,2513448,60,Rural,0.21,2.21,63.13,Approved
33,Female,Yes,3,Not Graduate,Self Employed,157195,52449,31235,891272,332,1,Home,2205606,300,Semiurban,0.53,5.67,46.41,Approved
32,Male,No,3,Graduate,Self Employed,105929,61252,11147,219897,823,1,Personal,825972,240,Rural,0.68,2.08,54.46,Approved
60,Male,Yes,2,Graduate,Government,64223,23810,9180,469680,755,1,Vehicle,2342435,60,Semiurban,0.51,7.31,65.34,Approved
31,Male,No,2,Not Graduate,Business,228700,56477,32832,825207,886,1,Education,4883793,60,Urban,0.39,3.61,74.03,Approved
43,Female,No,1,Not Graduate,Private,129581,10434,9203,1453290,778,0,Home,4426153,240,Rural,0.15,11.22,85.21,Approved
38,Male,Yes,0,Not Graduate,Private,151297,49199,20509,1020216,574,0,Personal,3378392,180,Urban,0.46,6.74,61.23,Rejected
41,Male,Yes,4,Graduate,Self Employed,159888,15178,17160,1419205,737,0,Vehicle,4199753,240,Rural,0.2,8.88,80.84,Approved
27,Female,Yes,3,Not Graduate,Business,75647,34952,1678,840848,684,0,Education,3047779,240,Semiurban,0.48,11.12,68.9,Rejected
47,Female,Yes,3,Graduate,Self Employed,165084,13800,24100,1392278,604,0,Vehicle,4441349,300,Rural,0.23,8.43,73.43,Approved
23,Male,Yes,3,Not Graduate,Private,171221,19417,726,1094276,615,1,Personal,3911968,300,Semiurban,0.12,6.39,73.43,Approved
22,Female,Yes,2,Not Graduate,Self Employed,28720,10528,299,487927,553,1,Vehicle,3663529,300,Rural,0.38,16.99,64.42,Rejected
36,Male,Yes,3,Not Graduate,Self Employed,194554,32654,1458,858406,782,0,Home,1635420,120,Semiurban,0.18,4.41,76.1,Approved
47,Female,No,0,Graduate,Self Employed,153191,89809,33231,913679,636,0,Vehicle,491671,240,Semiurban,0.8,5.96,52.23,Rejected
34,Female,Yes,2,Graduate,Self Employed,124806,8154,24310,670419,630,0,Vehicle,4889909,120,Urban,0.26,5.37,65.93,Approved
28,Female,Yes,2,Not Graduate,Government,162885,57621,29018,72368,716,1,Home,1667151,60,Urban,0.53,0.44,53.27,Approved
46,Male,Yes,3,Graduate,Private,220995,114704,33355,1301236,382,0,Education,1106616,300,Urban,0.67,5.89,47.49,Rejected
47,Female,Yes,1,Not Graduate,Government,139941,5796,27714,655840,568,0,Education,2548942,120,Urban,0.24,4.69,63.03,Rejected
34,Male,Yes,1,Not Graduate,Business,200115,88851,39420,1461919,319,0,Vehicle,3109769,300,Rural,0.64,7.31,47.56,Rejected
47,Female,Yes,3,Graduate,Government,181724,49561,35298,931046,494,0,Vehicle,2268149,300,Rural,0.47,5.12,55.46,Rejected
31,Female,Yes,4,Not Graduate,Private,232788,19235,45703,317648,377,1,Personal,3575276,240,Rural,0.28,1.36,50.43,Approved
21,Female,No,2,Graduate,Government,110109,62870,21141,1116675,893,0,Personal,3284430,180,Rural,0.76,10.14,71.2,Rejected
30,Male,No,0,Graduate,Self Employed,223085,11079,7499,1008147,355,0,Education,2602689,60,Semiurban,0.08,4.52,61.24,Rejected
24,Male,Yes,4,Graduate,Government,139081,25884,26352,325039,841,0,Education,4715980,120,Rural,0.38,2.34,66.35,Approved
39,Female,No,0,Graduate,Self Employed,58615,21919,8317,1393640,893,1,Home,4016864,180,Urban,0.52,23.78,76.56,Approved
25,Female,Yes,3,Graduate,Self Employed,245071,33882,11238,1000375,715,1,Home,230493,300,Urban,0.18,4.08,74.22,Approved
54,Male,Yes,1,Graduate,Self Employed,34894,15413,2870,893486,499,1,Vehicle,2359249,120,Semiurban,0.52,25.61,57.85,Rejected
59,Female,Yes,2,Not Graduate,Self Employed,21538,5665,1463,32968,602,0,Vehicle,1461523,180,Urban,0.33,1.53,50.75,Rejected
47,Male,Yes,1,Graduate,Self Employed,115481,21295,293,393023,864,1,Education,3497965,60,Urban,0.19,3.4,74.22,Approved
60,Female,No,0,Graduate,Business,83513,29604,10428,288832,615,0,Vehicle,3076779,120,Rural,0.48,3.46,53.21,Rejected
48,Female,Yes,4,Not Graduate,Business,224179,128421,18244,1435370,316,0,Education,2381510,300,Rural,0.65,6.4,46.19,Rejected
30,Male,No,4,Not Graduate,Self Employed,85213,38932,12105,589747,709,1,Home,1757467,120,Urban,0.6,6.92,60.79,Approved
48,Male,No,3,Not Graduate,Self Employed,94371,43358,2414,281261,681,1,Education,1561124,120,Rural,0.49,2.98,55.45,Approved
24,Female,Yes,4,Not Graduate,Private,63459,31917,9235,1309988,431,0,Education,3597654,240,Urban,0.65,20.64,52.24,Rejected
50,Female,Yes,1,Not Graduate,Self Employed,179979,82333,39375,1388466,458,0,Home,2789524,300,Rural,0.68,7.71,52.7,Rejected
51,Female,No,3,Not Graduate,Private,117561,61862,404,641468,424,0,Vehicle,4505628,120,Urban,0.53,5.46,48.57,Rejected
54,Female,Yes,0,Not Graduate,Private,178104,74190,12425,1267222,386,0,Home,3476003,60,Urban,0.49,7.12,53.92,Rejected
21,Male,No,2,Graduate,Self Employed,124568,24240,27527,1303816,368,1,Home,383163,180,Rural,0.42,10.47,58.87,Approved
57,Male,Yes,2,Graduate,Government,73510,38854,16243,684018,455,1,Home,378267,300,Rural,0.75,9.31,49.29,Rejected
55,Female,No,3,Not Graduate,Private,214584,108010,43720,1472333,438,1,Personal,2864101,300,Rural,0.71,6.86,50.56,Approved
30,Male,Yes,1,Not Graduate,Private,28121,14342,3968,904699,738,0,Vehicle,4786709,300,Semiurban,0.65,32.17,64.39,Rejected
29,Male,No,3,Graduate,Government,42328,20527,5971,525909,302,1,Education,3531277,60,Rural,0.63,12.42,46.33,Rejected
48,Female,No,1,Not Graduate,Government,101165,21246,10071,1039182,563,0,Home,2767473,120,Urban,0.31,10.27,69.78,Rejected
33,Female,No,3,Graduate,Government,33586,13129,8031,1049910,501,0,Personal,4263509,180,Urban,0.63,31.26,54.71,Rejected
35,Female,Yes,4,Graduate,Government,58433,27774,5464,1314457,897,0,Home,4425471,240,Urban,0.57,22.5,75.14,Rejected
34,Female,Yes,1,Not Graduate,Private,232432,82050,55822,661184,581,1,Vehicle,4713316,300,Urban,0.59,2.84,53.01,Approved
38,Female,No,0,Not Graduate,Self Employed,247017,38730,50755,482892,622,0,Personal,4046303,240,Semiurban,0.36,1.95,60.57,Rejected
25,Male,No,0,Not Graduate,Government,146699,36312,10909,1138714,655,0,Vehicle,3050065,240,Urban,0.32,7.76,70.85,Approved
37,Male,Yes,4,Not Graduate,Government,110259,27696,17845,175787,397,1,Education,2285836,180,Rural,0.41,1.59,42.85,Rejected
60,Female,No,1,Graduate,Self Employed,32292,15594,4029,1001522,302,0,Vehicle,194857,300,Urban,0.61,31.01,46.48,Rejected
21,Female,No,2,Graduate,Business,24816,9073,4949,1154901,453,0,Personal,4626724,60,Rural,0.57,46.54,54.17,Rejected
34,Female,No,1,Graduate,Private,154674,53725,35650,1173254,708,1,Personal,3831387,300,Rural,0.58,7.59,65.49,Approved
21,Male,No,2,Graduate,Business,43735,17521,4628,1461332,747,0,Home,2085835,180,Rural,0.51,33.41,69.76,Rejected
47,Male,Yes,0,Graduate,Self Employed,98638,22278,677,1065155,819,0,Education,4188456,60,Rural,0.23,10.8,83.36,Approved
59,Female,Yes,4,Graduate,Government,198126,98800,7699,1267211,394,1,Home,761532,60,Urban,0.54,6.4,52.1,Approved
30,Female,No,0,Graduate,Business,160801,41133,36277,719892,874,0,Vehicle,1467421,240,Urban,0.48,4.48,69.79,Approved
32,Male,Yes,4,Not Graduate,Government,97402,34807,22404,1419780,462,0,Personal,2730159,120,Rural,0.59,14.58,56.81,Rejected
51,Male,No,3,Not Graduate,Business,206428,41505,19416,1017152,358,0,Home,770486,240,Urban,0.3,4.93,55.17,Rejected
39,Female,Yes,4,Not Graduate,Private,171146,40690,27605,1029043,696,1,Home,3517897,120,Urban,0.4,6.01,67.83,Approved
41,Female,Yes,2,Graduate,Government,56141,29544,6297,164502,847,1,Personal,1188336,180,Semiurban,0.64,2.93,56.6,Approved
56,Female,Yes,1,Not Graduate,Self Employed,32692,10417,7603,118703,702,0,Personal,3423789,240,Urban,0.55,3.63,53.23,Rejected
48,Male,No,0,Graduate,Government,189601,88006,28110,567804,308,0,Personal,1914922,300,Urban,0.61,2.99,38.89,Rejected
58,Male,Yes,0,Graduate,Government,57529,16954,2216,58875,568,1,Home,1777981,240,Semiurban,0.33,1.02,49.6,Rejected
57,Female,No,1,Graduate,Private,122871,10460,1623,1317114,846,1,Personal,1216087,240,Semiurban,0.1,10.72,89.56,Approved
52,Female,No,2,Not Graduate,Private,31493,10226,2341,1177771,588,1,Vehicle,1988519,300,Urban,0.4,37.4,65.42,Rejected
28,Male,Yes,4,Not Graduate,Business,184954,50926,34694,453256,590,1,Vehicle,3439814,240,Urban,0.46,2.45,54.63,Approved
31,Female,Yes,0,Not Graduate,Self Employed,33718,10159,6674,806679,312,0,Education,960242,240,Urban,0.5,23.92,50.24,Rejected
40,Female,Yes,3,Graduate,Business,137678,25219,27629,861663,316,0,Home,3063858,60,Semiurban,0.38,6.26,50.55,Approved
53,Female,Yes,0,Not Graduate,Private,198492,5572,4446,935303,535,0,Education,4269561,60,Semiurban,0.05,4.71,69.63,Rejected
48,Male,No,4,Not Graduate,Government,117889,21901,5873,546158,609,0,Home,2157683,300,Semiurban,0.24,4.63,63.98,Approved
40,Female,No,0,Not Graduate,Business,211869,102692,23944,458358,399,1,Education,4994959,60,Semiurban,0.6,2.16,42.6,Approved
50,Male,Yes,4,Not Graduate,Self Employed,214928,127778,19683,858540,894,0,Education,2869060,240,Urban,0.69,3.99,65.74,Rejected
56,Male,Yes,2,Not Graduate,Business,184417,92890,36671,974702,705,0,Vehicle,4031802,60,Urban,0.7,5.29,58.2,Approved
36,Female,No,0,Not Graduate,Private,244274,6567,52803,1357187,402,0,Home,314189,300,Semiurban,0.24,5.56,61.46,Approved
48,Female,Yes,1,Graduate,Private,200932,97598,39564,1475076,790,0,Home,1864403,300,Semiurban,0.68,7.34,67.35,Approved
39,Female,Yes,1,Graduate,Business,82933,15739,12936,975086,685,0,Vehicle,1486954,240,Semiurban,0.35,11.76,73.39,Approved
36,Male,Yes,4,Not Graduate,Private,32251,7239,1952,1448668,486,0,Personal,2208578,60,Urban,0.28,44.92,64.34,Rejected
48,Male,Yes,1,Not Graduate,Business,56254,11960,4864,1047343,372,0,Personal,4153974,180,Semiurban,0.3,18.62,59.81,Rejected
26,Female,No,2,Graduate,Self Employed,35093,19988,7250,688654,746,0,Home,4723080,120,Urban,0.78,19.62,61.27,Rejected
22,Male,No,2,Graduate,Private,196536,25280,12078,917009,454,0,Education,3869843,240,Semiurban,0.19,4.67,61.67,Rejected
34,Male,Yes,3,Graduate,Self Employed,125331,44156,23924,1012737,328,1,Personal,1839255,300,Semiurban,0.54,8.08,49.46,Approved
24,Male,No,0,Not Graduate,Business,64424,37992,13044,648028,438,1,Personal,415357,240,Rural,0.79,10.06,48.28,Rejected
40,Male,Yes,3,Not Graduate,Government,197051,89935,28464,1002462,675,0,Education,3903756,240,Urban,0.6,5.09,60.03,Rejected
44,Male,No,1,Graduate,Government,84254,31531,6255,1076101,665,1,Vehicle,3552944,60,Semiurban,0.45,12.77,69.47,Approved
57,Female,No,2,Not Graduate,Private,47390,22128,3564,1241184,884,1,Vehicle,749167,180,Rural,0.54,26.19,74.92,Approved
53,Female,Yes,4,Not Graduate,Business,23724,9621,4892,1482620,512,0,Education,3761783,180,Urban,0.61,62.49,55.35,Rejected
29,Male,Yes,4,Not Graduate,Self Employed,46589,9284,1652,339144,861,0,Personal,2864417,300,Semiurban,0.23,7.28,77.65,Rejected
56,Female,Yes,2,Graduate,Government,203449,14598,11957,1446666,761,1,Home,1253187,120,Rural,0.13,7.11,82.27,Approved
54,Female,No,2,Graduate,Private,109393,31063,23433,976986,816,1,Personal,4406642,300,Rural,0.5,8.93,73.56,Approved
30,Male,Yes,3,Not Graduate,Government,106462,48074,17912,618432,369,1,Personal,3324745,60,Rural,0.62,5.81,43.68,Rejected
33,Female,No,3,Not Graduate,Self Employed,215977,80360,39286,1135080,577,1,Personal,2822667,300,Semiurban,0.55,5.26,58.18,Approved
49,Female,No,1,Graduate,Government,244478,121594,10103,432220,704,0,Personal,4655041,60,Rural,0.54,1.77,58.44,Rejected
30,Female,Yes,3,Not Graduate,Private,21942,5810,3429,686649,664,1,Education,4349395,240,Semiurban,0.42,31.29,67.76,Rejected
42,Female,No,2,Not Graduate,Business,149376,51145,6545,371020,560,1,Education,2403488,60,Urban,0.39,2.48,54.25,Approved
24,Female,No,2,Not Graduate,Private,96328,49780,1883,759550,373,1,Education,3060341,180,Semiurban,0.54,7.89,50.11,Approved
27,Male,Yes,2,Not Graduate,Business,38012,21786,7738,630979,305,0,Home,1791067,300,Semiurban,0.78,16.6,41.77,Rejected
55,Female,Yes,4,Graduate,Business,235110,128195,56836,97863,365,1,Personal,2156470,240,Urban,0.79,0.42,32.85,Rejected
23,Female,No,1,Graduate,Self Employed,35928,10680,740,1464766,640,0,Home,354986,300,Semiurban,0.32,40.77,70.35,Rejected
25,Male,No,4,Graduate,Self Employed,187240,13678,39806,1007469,796,1,Home,2387875,180,Urban,0.29,5.38,75.06,Approved
56,Female,Yes,1,Not Graduate,Self Employed,179748,40428,34513,37645,605,1,Personal,3992638,120,Semiurban,0.42,0.21,51.99,Approved
45,Female,No,4,Graduate,Business,150617,88914,14599,1211746,557,0,Vehicle,4701208,60,Urban,0.69,8.05,56.25,Rejected
48,Male,Yes,4,Not Graduate,Business,58571,26321,14285,102893,538,0,Vehicle,4549705,300,Urban,0.69,1.76,38.97,Rejected
42,Female,Yes,3,Graduate,Business,60256,6339,3725,212100,877,1,Education,4052418,180,Rural,0.17,3.52,73.42,Approved
48,Female,No,4,Not Graduate,Government,192046,45470,4370,1086856,735,1,Home,1790024,60,Rural,0.26,5.66,73.88,Approved
54,Male,No,4,Not Graduate,Business,47792,23695,6885,343811,550,0,Home,3701757,60,Rural,0.64,7.19,51.55,Rejected
44,Female,No,1,Not Graduate,Self Employed,239845,130977,19171,1092872,514,0,Education,1714553,60,Semiurban,0.63,4.56,52.77,Rejected
46,Male,Yes,0,Not Graduate,Government,232851,28678,30719,1144312,812,0,Vehicle,1330452,240,Semiurban,0.26,4.91,77.58,Approved
42,Female,No,4,Graduate,Self Employed,60045,12719,2187,975042,447,0,Education,1098639,240,Rural,0.25,16.24,64.82,Rejected
53,Male,Yes,1,Graduate,Self Employed,198076,113465,37565,128728,336,1,Vehicle,2387847,300,Rural,0.76,0.65,31.28,Rejected
49,Male,No,3,Not Graduate,Business,204357,39011,4626,1325165,755,1,Education,2733689,180,Urban,0.21,6.48,78.29,Approved
58,Male,Yes,3,Graduate,Self Employed,154791,13691,23117,1233028,366,1,Education,587194,300,Rural,0.24,7.97,61.26,Approved
40,Female,No,1,Not Graduate,Private,152521,39547,36077,1083168,753,1,Home,4505056,60,Urban,0.5,7.1,68.9,Approved
22,Female,No,0,Graduate,Private,175629,57317,7128,388340,417,0,Vehicle,840007,300,Rural,0.37,2.21,48.97,Rejected
27,Male,No,0,Graduate,Government,190093,113464,32011,24769,711,1,Personal,1093393,60,Semiurban,0.77,0.13,46.51,Approved
58,Male,Yes,3,Graduate,Private,121612,35273,7336,586509,823,1,Vehicle,3909446,60,Urban,0.35,4.82,70.58,Approved
41,Male,No,3,Not Graduate,Self Employed,153964,85502,27116,1097508,530,0,Vehicle,3072194,240,Urban,0.73,7.13,52.03,Rejected
52,Female,Yes,0,Graduate,Private,46253,15580,5394,723584,343,1,Education,374597,180,Urban,0.45,15.64,53.49,Rejected
26,Female,Yes,4,Not Graduate,Business,89050,7930,10196,781006,821,0,Personal,740469,180,Urban,0.2,8.77,81.49,Approved
40,Female,Yes,0,Graduate,Private,189915,108976,21148,113220,503,1,Education,1054882,180,Rural,0.69,0.6,40.59,Rejected
46,Male,Yes,4,Not Graduate,Self Employed,181981,63511,35240,122065,445,0,Vehicle,2339838,180,Semiurban,0.54,0.67,42.12,Rejected
53,Female,No,3,Not Graduate,Business,26485,8799,6325,897637,737,1,Personal,656950,240,Urban,0.57,33.89,66.68,Approved
29,Female,No,1,Not Graduate,Private,247699,36201,23269,1231155,810,1,Education,1443577,300,Rural,0.24,4.97,78.65,Approved
30,Female,Yes,0,Not Graduate,Private,206297,9947,8959,1194754,390,1,Vehicle,2652651,120,Urban,0.09,5.79,64.42,Approved
35,Male,No,0,Not Graduate,Business,38080,16369,4166,1137311,553,1,Education,301041,240,Urban,0.54,29.87,59.92,Rejected
40,Female,No,3,Not Graduate,Self Employed,66317,13017,11317,1335797,886,1,Vehicle,790643,240,Semiurban,0.37,20.14,81.02,Approved
60,Male,No,0,Not Graduate,Government,108256,5860,5294,357256,378,0,Education,4835738,300,Urban,0.1,3.3,54.64,Rejected
39,Male,Yes,2,Not Graduate,Self Employed,121345,12677,23109,1248994,561,0,Education,3872763,180,Urban,0.29,10.29,70.94,Rejected
29,Male,No,2,Graduate,Private,222021,127452,1879,327849,734,1,Personal,4924606,300,Semiurban,0.58,1.48,56.98,Approved
32,Male,Yes,3,Not Graduate,Self Employed,140502,21136,24743,881341,723,1,Personal,112546,120,Semiurban,0.33,6.27,70.5,Approved
46,Male,No,1,Graduate,Private,227993,38555,8758,1436166,525,1,Personal,707087,120,Rural,0.21,6.3,68.83,Approved
49,Female,Yes,3,Not Graduate,Business,181794,102041,1058,206686,785,1,Personal,2846412,120,Rural,0.57,1.14,57.42,Approved
40,Female,No,0,Not Graduate,Business,27052,15105,1345,453104,551,1,Personal,3941321,180,Semiurban,0.61,16.75,57.33,Rejected
44,Female,No,1,Not Graduate,Government,48847,23008,6287,526597,801,0,Education,1930270,60,Rural,0.6,10.78,69.56,Rejected
58,Female,No,4,Not Graduate,Business,172737,25702,41901,393165,797,1,Education,2303756,60,Semiurban,0.39,2.28,65.14,Approved
59,Male,Yes,1,Not Graduate,Government,66897,26923,11248,143265,513,1,Vehicle,2245956,300,Semiurban,0.57,2.14,42.64,Rejected
51,Male,Yes,4,Graduate,Government,98824,35724,7903,499528,367,1,Vehicle,2415199,240,Rural,0.44,5.05,47.13,Approved
26,Female,No,2,Graduate,Private,113742,11081,3750,556757,768,1,Vehicle,1892278,60,Urban,0.13,4.89,74.56,Approved
21,Female,Yes,4,Not Graduate,Business,83926,33889,16238,1374473,745,1,Personal,4410341,120,Urban,0.6,16.38,68.55,Approved
54,Female,Yes,0,Graduate,Self Employed,83755,10621,10224,442286,896,0,Vehicle,872584,60,Semiurban,0.25,5.28,76.27,Approved
35,Female,No,4,Not Graduate,Private,185493,18616,968,1028975,861,0,Education,916360,60,Rural,0.11,5.55,83.61,Approved
46,Female,No,2,Graduate,Business,219487,64525,3465,862589,861,0,Home,3688761,300,Rural,0.31,3.93,75.61,Approved
33,Male,Yes,2,Not Graduate,Private,205264,102392,12856,35663,713,0,Personal,1649260,120,Urban,0.56,0.17,53.4,Rejected
32,Female,No,2,Graduate,Business,237826,41203,11023,614622,397,0,Vehicle,1386833,60,Semiurban,0.22,2.58,55.74,Rejected
47,Female,Yes,0,Not Graduate,Government,87133,25955,19294,1197805,445,0,Personal,3470503,240,Urban,0.52,13.75,57.68,Rejected
34,Male,Yes,1,Graduate,Business,29793,5516,2617,496764,433,0,Home,495871,180,Semiurban,0.27,16.67,62.25,Rejected
29,Male,Yes,4,Graduate,Government,49850,29843,3403,546925,847,1,Home,1975920,300,Urban,0.67,10.97,69.63,Rejected
33,Male,Yes,2,Graduate,Self Employed,50603,12034,2593,520146,560,1,Education,2476561,180,Urban,0.29,10.28,68.24,Approved
34,Female,Yes,4,Not Graduate,Business,222510,110402,19526,1288029,753,1,Personal,1553432,180,Rural,0.58,5.79,66.43,Approved
53,Female,No,1,Not Graduate,Private,215408,12144,47820,1233359,665,0,Education,3906893,240,Rural,0.28,5.73,71.27,Approved
36,Female,No,1,Not Graduate,Private,113378,31526,27356,203179,642,0,Education,3491381,180,Semiurban,0.52,1.79,51.07,Rejected
57,Male,No,3,Not Graduate,Private,116923,56611,8070,1351298,823,0,Education,3593763,180,Urban,0.55,11.56,74.66,Approved
38,Female,No,1,Graduate,Self Employed,242559,102221,10436,615119,752,1,Education,3743191,180,Rural,0.46,2.54,64.26,Approved
35,Female,Yes,4,Not Graduate,Private,219724,88072,50192,1219190,864,1,Home,1392650,180,Urban,0.63,5.55,69.41,Approved
45,Female,Yes,2,Graduate,Business,144471,15721,10266,1354177,768,1,Home,4689007,120,Semiurban,0.18,9.37,83.26,Approved
38,Male,No,3,Not Graduate,Self Employed,84579,48827,18931,64807,722,0,Education,4616425,120,Semiurban,0.8,0.77,42.97,Rejected
57,Female,Yes,4,Graduate,Self Employed,45213,16615,3679,1423083,812,0,Personal,3402187,300,Rural,0.45,31.48,74.43,Rejected
33,Female,Yes,0,Graduate,Government,150312,32291,31063,284304,688,0,Education,1492896,60,Urban,0.42,1.89,57.73,Rejected
38,Female,No,4,Graduate,Private,121344,41057,18803,446221,420,0,Personal,2494737,240,Urban,0.49,3.68,46.08,Rejected
58,Female,No,3,Graduate,Business,188412,41434,9447,1222473,468,1,Vehicle,2989646,240,Urban,0.27,6.49,63.21,Approved
33,Male,No,1,Not Graduate,Government,76421,30913,18764,560008,817,0,Personal,1622717,240,Rural,0.65,7.33,64.52,Rejected
45,Female,No,0,Not Graduate,Self Employed,196222,8352,26980,1440106,863,0,Home,2856803,120,Rural,0.18,7.34,85.48,Approved
28,Male,Yes,3,Graduate,Private,111725,56463,25341,1207933,328,0,Education,2171134,300,Rural,0.73,10.81,47.08,Rejected
38,Male,Yes,1,Graduate,Private,91349,22819,7059,1008743,729,1,Home,2395391,300,Urban,0.33,11.04,76.24,Approved
39,Male,No,0,Graduate,Government,246748,118812,32350,1269330,521,0,Personal,2205921,300,Urban,0.61,5.14,54.94,Rejected
27,Female,Yes,2,Graduate,Government,32467,18900,2552,1386061,465,0,Home,4542915,300,Semiurban,0.66,42.69,52.14,Rejected
47,Male,No,4,Graduate,Government,249682,15369,16151,622322,447,0,Home,2262725,300,Rural,0.13,2.49,61.05,Rejected
42,Female,No,1,Graduate,Private,103689,17942,2447,902269,362,1,Personal,4174040,300,Urban,0.2,8.7,61.74,Approved
34,Female,Yes,0,Not Graduate,Self Employed,45921,7831,8118,253282,508,0,Personal,4990279,180,Urban,0.35,5.52,55.03,Rejected
29,Female,No,0,Graduate,Government,95845,11030,3906,287914,846,1,Vehicle,2760143,120,Semiurban,0.16,3.0,72.77,Approved
25,Male,No,3,Not Graduate,Self Employed,119762,43609,28186,909055,492,0,Home,4748192,60,Urban,0.6,7.59,53.85,Rejected
52,Female,Yes,3,Graduate,Business,64386,21351,10508,328246,421,1,Vehicle,501689,60,Rural,0.49,5.1,46.64,Approved
36,Male,No,1,Not Graduate,Government,127731,61799,31647,1398083,489,1,Personal,3510136,300,Semiurban,0.73,10.95,54.9,Rejected
43,Female,Yes,2,Graduate,Self Employed,213880,45879,4918,14229,442,1,Vehicle,4181551,60,Rural,0.24,0.07,51.21,Approved
50,Female,No,3,Not Graduate,Business,152824,79738,14477,132377,331,1,Personal,2958276,240,Semiurban,0.62,0.87,34.06,Rejected
43,Female,Yes,2,Not Graduate,Business,58179,32909,3018,950058,388,1,Home,3369177,240,Urban,0.62,16.33,51.05,Rejected
44,Female,No,0,Not Graduate,Self Employed,249104,7095,31222,57301,343,0,Vehicle,2402290,60,Urban,0.15,0.23,51.05,Rejected
21,Female,No,1,Not Graduate,Government,226426,96807,33551,943399,405,0,Personal,3554848,240,Rural,0.58,4.17,48.12,Rejected
59,Male,No,0,Not Graduate,Private,160587,23444,505,999252,717,0,Home,4306905,60,Urban,0.15,6.22,76.26,Approved
43,Male,Yes,1,Graduate,Private,67443,16468,5079,605399,313,1,Education,2840911,120,Rural,0.32,8.98,54.98,Approved
33,Female,No,0,Graduate,Business,44187,6278,9080,571987,763,0,Home,3229166,60,Rural,0.35,12.94,75.25,Rejected
28,Male,No,0,Not Graduate,Private,103541,56102,14516,315384,468,0,Personal,3763142,180,Urban,0.68,3.05,40.57,Rejected
44,Female,Yes,4,Not Graduate,Private,27657,7091,4427,46057,374,0,Vehicle,958378,300,Semiurban,0.42,1.67,38.57,Rejected
42,Male,No,0,Not Graduate,Private,226213,104891,33458,210502,568,1,Education,4761299,240,Semiurban,0.61,0.93,47.81,Rejected
39,Male,Yes,1,Graduate,Private,25917,11316,1818,732160,809,0,Home,3997843,300,Rural,0.51,28.25,71.79,Rejected
28,Male,Yes,1,Not Graduate,Business,82796,31378,19538,1217349,314,1,Vehicle,4735121,180,Semiurban,0.61,14.7,48.82,Rejected
52,Female,No,0,Not Graduate,Private,170972,101543,43,888920,740,0,Vehicle,3113910,120,Rural,0.59,5.2,62.3,Approved
59,Female,Yes,3,Graduate,Government,121844,48458,13774,974056,546,0,Education,2393180,180,Semiurban,0.51,7.99,59.81,Rejected
23,Male,No,2,Graduate,Self Employed,128625,17220,30357,476974,728,0,Vehicle,4729144,60,Urban,0.37,3.71,63.82,Approved
43,Male,Yes,4,Not Graduate,Private,145543,57228,10533,1352487,707,1,Vehicle,2627437,240,Semiurban,0.47,9.29,71.86,Approved
32,Female,Yes,4,Not Graduate,Private,83016,14229,8209,375132,517,1,Personal,367678,180,Urban,0.27,4.52,57.23,Approved
50,Male,No,0,Not Graduate,Business,84644,31104,19672,236518,635,1,Vehicle,3946477,180,Rural,0.6,2.79,49.2,Approved
22,Female,Yes,3,Not Graduate,Government,62507,14094,2695,783686,763,0,Home,1885892,120,Rural,0.27,12.54,78.35,Approved
30,Female,No,2,Graduate,Private,242382,26644,21112,1352252,850,0,Education,1998843,60,Semiurban,0.2,5.58,82.72,Approved
22,Male,No,3,Graduate,Government,136030,25700,6501,1027900,602,0,Home,1199091,60,Semiurban,0.24,7.56,70.21,Approved
26,Female,No,4,Graduate,Government,114157,49859,7888,1248033,480,1,Education,1860903,240,Urban,0.51,10.93,60.72,Approved
46,Male,Yes,2,Graduate,Private,51748,12557,9607,339025,812,0,Vehicle,4559709,180,Urban,0.43,6.55,68.41,Rejected
32,Male,Yes,3,Graduate,Government,47850,23889,3921,1358441,549,0,Vehicle,1993249,240,Rural,0.58,28.39,58.88,Rejected
52,Male,Yes,0,Graduate,Government,68183,27386,14099,218561,685,0,Home,2956421,240,Rural,0.61,3.21,51.33,Rejected
38,Female,Yes,4,Not Graduate,Business,177208,45514,161,952663,893,0,Home,103946,180,Semiurban,0.26,5.38,79.8,Approved
34,Male,Yes,0,Not Graduate,Self Employed,142021,75054,4945,607402,639,1,Vehicle,3800149,180,Urban,0.56,4.28,55.74,Approved
49,Male,Yes,4,Not Graduate,Business,71330,11842,2630,1415259,762,1,Education,3629256,240,Semiurban,0.2,19.84,80.63,Approved
24,Female,Yes,3,Not Graduate,Government,52773,5868,12841,1216908,463,0,Vehicle,4099605,300,Urban,0.35,23.06,62.05,Rejected
47,Male,Yes,1,Graduate,Private,38152,8731,6402,1013404,860,1,Personal,3341207,240,Rural,0.4,26.56,77.85,Approved
48,Male,No,1,Graduate,Private,72015,36869,4033,1140681,664,0,Personal,1258126,240,Rural,0.57,15.84,65.35,Rejected
54,Female,No,3,Graduate,Self Employed,41964,7723,4686,329232,619,0,Personal,435899,60,Rural,0.3,7.85,66.01,Rejected
36,Female,No,1,Graduate,Private,204297,96395,4793,444486,446,1,Education,2990543,300,Rural,0.5,2.18,47.49,Approved
53,Female,No,4,Graduate,Private,145500,75172,16898,226597,802,0,Education,3562268,180,Rural,0.63,1.56,55.6,Rejected
25,Female,Yes,4,Graduate,Government,44706,8223,4502,1409427,331,1,Vehicle,1472942,240,Semiurban,0.28,31.53,57.96,Rejected
39,Male,No,3,Graduate,Business,36675,9734,7992,393943,586,1,Vehicle,1950588,120,Semiurban,0.48,10.74,63.01,Rejected
44,Female,No,3,Not Graduate,Self Employed,88204,39664,14460,1082293,600,1,Home,1481492,180,Rural,0.61,12.27,61.79,Approved
39,Female,Yes,0,Not Graduate,Self Employed,183964,23099,20637,22191,723,0,Education,2842999,240,Rural,0.24,0.12,62.6,Approved
42,Male,Yes,0,Not Graduate,Private,216789,63629,27386,1042197,483,0,Vehicle,282745,300,Semiurban,0.42,4.81,57.16,Rejected
58,Male,No,2,Graduate,Government,54338,23858,1806,641582,747,1,Personal,1660670,120,Urban,0.47,11.81,71.2,Approved
39,Female,No,4,Graduate,Business,110410,37292,23692,1199583,774,0,Vehicle,1074902,300,Semiurban,0.55,10.86,72.25,Approved
24,Female,Yes,1,Graduate,Private,44538,14588,7418,1174969,447,0,Home,3830475,120,Rural,0.49,26.38,56.83,Rejected
24,Female,No,0,Not Graduate,Self Employed,124910,63362,385,839264,501,1,Home,1279646,300,Semiurban,0.51,6.72,55.39,Approved
33,Male,Yes,0,Graduate,Private,27095,5802,5898,1427442,830,1,Vehicle,1161160,240,Semiurban,0.43,52.68,75.02,Approved
55,Male,Yes,1,Not Graduate,Self Employed,197129,80531,24970,58110,821,0,Education,4283946,60,Rural,0.54,0.29,58.91,Rejected
34,Female,Yes,2,Not Graduate,Business,133997,22443,1574,1189210,679,1,Vehicle,4866904,60,Urban,0.18,8.87,77.91,Approved
33,Male,No,4,Not Graduate,Government,167829,33200,24523,114686,300,0,Personal,2883359,180,Semiurban,0.34,0.68,41.1,Rejected
28,Female,No,4,Graduate,Government,76816,39335,16697,1220218,336,1,Vehicle,671580,60,Semiurban,0.73,15.88,46.12,Rejected
24,Female,Yes,0,Not Graduate,Self Employed,120915,71711,11138,169064,518,1,Home,4482550,60,Semiurban,0.69,1.4,40.1,Rejected
53,Male,No,2,Not Graduate,Business,112343,38140,1636,423317,343,0,Personal,3483258,300,Semiurban,0.35,3.77,46.65,Rejected
45,Female,No,0,Not Graduate,Self Employed,163894,39375,2365,201282,338,0,Education,961572,240,Rural,0.25,1.23,46.39,Rejected
54,Male,No,0,Not Graduate,Government,47971,16986,8453,826342,734,1,Personal,814604,300,Rural,0.53,17.23,68.63,Approved
51,Female,No,2,Graduate,Private,61898,18560,1075,1009272,342,1,Personal,2892059,300,Urban,0.32,16.31,58.16,Approved
44,Male,No,2,Graduate,Business,130620,47880,14409,1489727,453,1,Home,3159711,120,Urban,0.48,11.41,61.05,Approved
58,Male,No,1,Not Graduate,Self Employed,192872,23615,6177,991728,793,1,Personal,658143,180,Rural,0.15,5.14,78.61,Approved
38,Female,No,4,Not Graduate,Private,21127,11674,1658,23547,455,1,Home,1421963,240,Urban,0.63,1.11,34.37,Rejected
51,Female,No,4,Graduate,Business,103009,9563,20905,787991,362,0,Vehicle,1155135,300,Semiurban,0.3,7.65,56.64,Approved
40,Female,Yes,1,Graduate,Self Employed,234482,54923,501,1132334,877,1,Home,166880,240,Urban,0.24,4.83,80.92,Approved
56,Male,No,3,Not Graduate,Self Employed,215794,104046,7599,263483,813,1,Home,2776296,120,Rural,0.52,1.22,61.69,Approved
51,Female,Yes,0,Graduate,Government,136021,15871,9596,163476,349,0,Vehicle,1281219,120,Semiurban,0.19,1.2,47.74,Rejected
39,Female,Yes,0,Not Graduate,Self Employed,242498,122187,30779,206997,737,0,Education,1008791,240,Semiurban,0.63,0.85,55.24,Rejected
60,Female,No,3,Not Graduate,Self Employed,126619,43796,1333,1283507,686,0,Home,2512329,180,Urban,0.36,10.14,74.86,Approved
22,Female,Yes,1,Not Graduate,Private,196806,54789,44705,774473,500,1,Home,1629234,120,Urban,0.51,3.94,52.8,Approved
58,Male,No,1,Graduate,Self Employed,25570,10928,5679,606668,789,0,Education,520007,60,Semiurban,0.65,23.73,66.61,Rejected
52,Male,Yes,2,Graduate,Government,31496,6134,3251,1496543,455,1,Personal,357781,300,Urban,0.3,47.52,62.54,Approved
29,Female,No,4,Graduate,Business,241431,127873,59620,715196,766,0,Home,2772983,180,Rural,0.78,2.96,56.33,Rejected
53,Male,No,3,Graduate,Private,48258,14295,9346,854983,783,0,Vehicle,3324613,120,Rural,0.49,17.72,72.03,Rejected
53,Female,No,2,Graduate,Private,26015,8402,750,1047786,442,1,Education,3160727,120,Rural,0.35,40.28,60.13,Rejected
30,Female,No,4,Not Graduate,Business,245001,48632,47225,1054507,431,1,Personal,430491,60,Rural,0.39,4.3,55.83,Approved
30,Male,No,0,Graduate,Business,194729,102816,24706,46633,627,0,Personal,4793244,180,Semiurban,0.65,0.24,46.49,Rejected
34,Male,No,0,Not Graduate,Private,211268,12473,42268,1469772,502,0,Vehicle,3629998,120,Semiurban,0.26,6.96,66.9,Approved
59,Male,Yes,0,Graduate,Government,209368,9943,38622,119922,838,0,Personal,4739272,240,Rural,0.23,0.57,69.81,Approved
28,Male,No,4,Graduate,Private,158078,89370,15115,714480,585,0,Vehicle,4661348,300,Urban,0.66,4.52,51.53,Rejected
60,Male,Yes,0,Not Graduate,Private,186030,63128,27338,900655,390,0,Education,3404340,120,Rural,0.49,4.84,49.87,Rejected
22,Male,Yes,1,Not Graduate,Government,111433,60905,24937,1209735,610,1,Vehicle,3941970,60,Semiurban,0.77,10.86,58.46,Approved
35,Male,Yes,0,Not Graduate,Private,196775,107204,48606,522768,308,1,Education,1801234,300,Semiurban,0.79,2.66,33.12,Rejected
60,Female,Yes,0,Graduate,Business,56682,26864,6917,1281721,538,1,Education,3086162,60,Rural,0.6,22.61,58.3,Rejected
27,Female,No,3,Not Graduate,Government,153454,69912,31373,844935,428,0,Education,2081284,240,Rural,0.66,5.51,46.37,Rejected
54,Female,Yes,0,Not Graduate,Private,140557,57627,11265,1251775,462,0,Education,3726021,240,Semiurban,0.49,8.91,59.26,Rejected
53,Male,Yes,3,Not Graduate,Government,123592,47580,5538,402715,863,0,Education,2544724,300,Rural,0.43,3.26,66.92,Approved
36,Female,Yes,1,Not Graduate,Business,183181,67471,31475,984867,455,1,Vehicle,4260796,240,Semiurban,0.54,5.38,52.1,Approved
22,Male,No,4,Graduate,Business,27687,6186,5821,620079,427,1,Personal,3350850,180,Semiurban,0.43,22.4,57.08,Rejected
56,Male,Yes,1,Not Graduate,Self Employed,111991,57522,3041,1130682,845,1,Personal,1057565,180,Rural,0.54,10.1,75.81,Approved
48,Male,Yes,2,Graduate,Government,208324,84097,12034,559223,576,0,Education,4807503,240,Semiurban,0.46,2.68,55.46,Rejected
50,Male,Yes,0,Graduate,Private,24723,7023,832,324416,648,0,Personal,4354498,240,Rural,0.32,13.12,70.26,Rejected
23,Female,No,1,Graduate,Self Employed,193425,89296,39369,732740,452,0,Home,2004733,120,Semiurban,0.67,3.79,45.45,Rejected
59,Male,Yes,4,Graduate,Self Employed,64079,7742,223,1055377,500,0,Home,2295124,120,Semiurban,0.12,16.47,71.06,Rejected
48,Male,No,4,Not Graduate,Business,82709,35773,9446,62182,634,1,Personal,2424394,180,Semiurban,0.55,0.75,46.59,Rejected
59,Female,No,3,Not Graduate,Government,208838,54863,35569,1043784,513,1,Vehicle,2223593,180,Urban,0.43,5.0,58.16,Approved
37,Female,Yes,2,Not Graduate,Self Employed,163909,75314,27448,752257,826,0,Vehicle,4350310,120,Semiurban,0.63,4.59,63.64,Rejected
56,Male,No,4,Not Graduate,Private,244048,114180,54534,1047090,521,1,Education,2614179,300,Semiurban,0.69,4.29,50.76,Rejected
36,Male,Yes,3,Not Graduate,Business,157501,66734,299,1075127,597,0,Home,3526857,300,Rural,0.43,6.83,63.72,Rejected
34,Female,No,1,Not Graduate,Business,247153,145396,2075,756651,324,1,Vehicle,599737,180,Rural,0.6,3.06,42.51,Approved
23,Male,No,3,Not Graduate,Private,212103,112837,536,117241,768,0,Vehicle,1544646,300,Urban,0.53,0.55,57.69,Rejected
57,Male,No,3,Graduate,Self Employed,57192,32673,9671,670041,576,1,Personal,2127435,300,Urban,0.74,11.72,55.68,Rejected
25,Female,Yes,2,Not Graduate,Government,112890,7519,22170,288198,304,1,Vehicle,294277,120,Rural,0.26,2.55,45.24,Approved
27,Female,Yes,2,Graduate,Government,56508,20204,9775,565374,538,0,Education,2873372,120,Urban,0.53,10.01,60.26,Rejected
27,Male,Yes,1,Not Graduate,Government,92029,15935,13143,760716,489,1,Vehicle,1349794,300,Semiurban,0.32,8.27,62.47,Approved
45,Male,No,0,Graduate,Business,149999,34287,34637,413573,867,1,Vehicle,2554134,180,Urban,0.46,2.76,66.26,Approved
37,Female,Yes,4,Graduate,Private,104981,11145,2568,1009579,611,1,Vehicle,2722819,120,Rural,0.13,9.62,76.67,Approved
50,Male,No,1,Not Graduate,Private,162558,19110,27245,965520,504,0,Education,2198660,240,Urban,0.29,5.94,62.23,Approved
29,Male,No,3,Not Graduate,Self Employed,208518,99622,49970,359775,735,1,Personal,1557938,240,Urban,0.72,1.73,52.94,Approved
53,Female,Yes,4,Not Graduate,Self Employed,61886,5462,9652,1313246,360,1,Home,803269,300,Semiurban,0.24,21.22,61.15,Approved
36,Male,Yes,4,Not Graduate,Government,134249,69758,3887,661720,643,0,Vehicle,4628614,120,Urban,0.55,4.93,57.35,Rejected
47,Female,Yes,0,Graduate,Private,93504,20017,17400,1176128,843,0,Vehicle,4311767,180,Urban,0.4,12.58,79.2,Approved
39,Male,Yes,1,Not Graduate,Private,125051,44030,12001,106884,448,0,Home,998142,120,Semiurban,0.45,0.85,43.18,Rejected
29,Female,No,2,Not Graduate,Self Employed,142305,29222,4189,241104,639,1,Personal,2492746,180,Urban,0.23,1.69,60.44,Approved
26,Male,No,1,Not Graduate,Business,78988,10541,1249,1447966,460,1,Education,1095747,60,Semiurban,0.15,18.33,69.13,Approved
22,Female,Yes,4,Graduate,Self Employed,178585,21581,25547,722469,365,1,Home,1456636,300,Urban,0.26,4.05,53.54,Approved
48,Male,Yes,0,Not Graduate,Private,234983,45794,10271,215416,863,0,Education,4858019,60,Semiurban,0.24,0.92,72.43,Approved
49,Male,No,3,Not Graduate,Government,222604,8526,23526,297118,878,1,Education,108210,240,Rural,0.14,1.33,76.28,Approved
39,Female,Yes,2,Graduate,Government,86662,22967,10413,117203,310,0,Personal,1198338,240,Rural,0.39,1.35,38.39,Rejected
54,Male,No,4,Graduate,Private,215238,128224,20295,1347880,654,0,Home,2752548,300,Semiurban,0.69,6.26,59.5,Rejected
49,Female,Yes,1,Graduate,Business,22230,8370,2237,865820,770,1,Vehicle,677198,300,Rural,0.48,38.95,70.8,Approved
30,Male,No,4,Graduate,Government,39796,12981,9002,1404670,435,1,Home,701219,60,Semiurban,0.55,35.3,54.35,Rejected
27,Male,Yes,2,Not Graduate,Government,46358,22874,5087,344879,452,0,Personal,2071502,300,Rural,0.6,7.44,48.73,Rejected
56,Male,No,1,Graduate,Government,222099,77112,48511,423111,378,1,Personal,3548344,120,Semiurban,0.57,1.91,42.53,Rejected
21,Male,Yes,3,Graduate,Self Employed,177347,6655,30530,1080136,613,1,Education,4144506,120,Urban,0.21,6.09,70.23,Approved
23,Male,No,1,Graduate,Business,203172,99014,6535,115600,785,0,Education,1057474,240,Urban,0.52,0.57,58.57,Rejected
38,Female,Yes,4,Not Graduate,Government,67265,19201,15033,23463,841,1,Personal,1023830,300,Urban,0.51,0.35,55.5,Approved
60,Female,No,2,Not Graduate,Business,130183,66946,4645,1303597,704,1,Vehicle,3367239,60,Rural,0.55,10.01,70.0,Approved
32,Female,No,3,Graduate,Private,135131,63477,7623,1453047,813,1,Home,3670670,120,Rural,0.53,10.75,75.75,Approved
43,Female,Yes,1,Not Graduate,Self Employed,223518,62752,35645,468770,325,1,Vehicle,4247486,120,Semiurban,0.44,2.1,44.37,Approved
27,Male,No,2,Graduate,Private,211217,23322,14248,1451562,595,1,Personal,2632738,180,Semiurban,0.18,6.87,73.3,Approved
45,Male,No,3,Graduate,Private,20222,7431,904,160194,768,1,Personal,2601401,120,Rural,0.41,7.92,68.42,Approved
27,Female,Yes,2,Graduate,Government,177539,57007,34856,893945,512,1,Vehicle,4119802,60,Semiurban,0.52,5.04,54.4,Approved
45,Female,No,4,Not Graduate,Self Employed,25727,8546,3091,1165963,872,0,Personal,337454,180,Rural,0.45,45.32,76.21,Rejected
35,Female,Yes,3,Graduate,Government,220673,50156,37791,389846,448,0,Home,4147958,60,Semiurban,0.4,1.77,50.32,Rejected
42,Male,No,0,Graduate,Business,33075,11178,2378,1224270,396,0,Education,1528906,120,Rural,0.41,37.01,56.63,Rejected
31,Female,No,0,Graduate,Government,42938,22579,1871,946063,897,1,Personal,4130377,180,Rural,0.57,22.03,74.5,Approved
49,Female,No,2,Not Graduate,Government,102765,15566,4417,233253,802,0,Personal,2441758,300,Semiurban,0.19,2.27,68.46,Approved
42,Female,No,4,Graduate,Government,22467,12088,630,1042880,516,1,Education,2140562,60,Semiurban,0.57,46.42,56.85,Rejected
33,Male,Yes,4,Not Graduate,Business,238314,97379,29401,383310,724,0,Education,2659266,300,Semiurban,0.53,1.61,58.97,Rejected
34,Female,Yes,0,Graduate,Government,122750,26848,22862,109323,416,0,Personal,4290873,60,Semiurban,0.4,0.89,43.03,Rejected
52,Female,Yes,1,Graduate,Self Employed,78144,17744,13814,262778,547,0,Education,4519818,180,Semiurban,0.4,3.36,52.05,Rejected
58,Male,Yes,2,Graduate,Private,144838,26409,23413,630449,680,1,Home,2966776,240,Urban,0.34,4.35,64.4,Approved
59,Male,Yes,3,Not Graduate,Private,178271,87852,10100,315135,629,1,Personal,3773751,180,Urban,0.55,1.77,52.14,Approved
59,Male,No,4,Graduate,Business,238122,134376,56862,892841,483,0,Home,1675964,240,Urban,0.8,3.75,44.4,Rejected
28,Female,Yes,4,Not Graduate,Business,87687,11400,6812,1173623,557,1,Home,886985,180,Semiurban,0.21,13.38,72.03,Approved
34,Male,Yes,0,Not Graduate,Self Employed,156659,91701,22129,1313930,347,1,Vehicle,3139716,300,Rural,0.73,8.39,46.66,Approved
50,Male,No,0,Graduate,Government,140822,68367,12332,699170,395,1,Education,4363277,60,Urban,0.57,4.96,45.93,Rejected
34,Male,No,1,Not Graduate,Self Employed,27545,12835,5672,295391,423,1,Home,2564021,60,Rural,0.67,10.72,49.75,Rejected
32,Female,Yes,1,Graduate,Business,44656,25208,8605,491367,362,1,Home,1650445,120,Semiurban,0.76,11.0,45.16,Rejected
41,Female,Yes,0,Graduate,Business,96071,22593,5511,631870,866,1,Home,358514,120,Rural,0.29,6.58,76.71,Approved
38,Male,No,0,Not Graduate,Self Employed,127833,51011,22988,200550,420,1,Personal,2921617,240,Semiurban,0.58,1.57,39.55,Rejected
21,Female,Yes,2,Not Graduate,Business,70437,40333,2128,413744,778,0,Vehicle,2709243,120,Semiurban,0.6,5.87,61.06,Rejected
41,Male,Yes,4,Graduate,Self Employed,245464,24947,43738,158057,327,0,Vehicle,3315612,180,Rural,0.28,0.64,47.25,Rejected
38,Male,Yes,0,Graduate,Private,145903,55099,25008,917610,897,1,Home,1508287,300,Semiurban,0.55,6.29,71.81,Approved
35,Male,No,0,Not Graduate,Government,238828,22150,40967,1146165,496,0,Home,2663086,120,Semiurban,0.26,4.8,63.27,Rejected
30,Female,Yes,3,Not Graduate,Private,154319,29618,17705,870066,495,0,Vehicle,4440201,300,Rural,0.31,5.64,60.25,Rejected
35,Male,No,1,Not Graduate,Business,46876,22262,6246,924735,560,0,Education,3136435,180,Urban,0.61,19.73,58.52,Rejected
39,Male,Yes,3,Graduate,Business,110053,6364,14737,574109,509,1,Personal,4945408,180,Urban,0.19,5.22,61.71,Approved
56,Female,No,3,Graduate,Private,169243,60957,39652,894892,590,1,Home,2807137,300,Urban,0.59,5.29,55.73,Approved
51,Female,No,0,Not Graduate,Self Employed,52663,31298,9002,1106881,506,0,Personal,2953997,180,Urban,0.77,21.02,51.64,Rejected
56,Female,Yes,2,Not Graduate,Self Employed,194840,54452,33839,919405,740,1,Vehicle,3933469,60,Semiurban,0.45,4.72,66.53,Approved
27,Female,Yes,3,Graduate,Government,241847,73383,40712,933406,384,0,Personal,1902651,300,Semiurban,0.47,3.86,50.31,Rejected
49,Male,No,3,Not Graduate,Business,129794,61640,23851,693236,300,1,Personal,4653500,300,Semiurban,0.66,5.34,39.45,Rejected
22,Male,No,3,Not Graduate,Business,167580,99791,11842,438679,590,0,Vehicle,3748518,300,Rural,0.67,2.62,48.18,Rejected
41,Male,No,2,Graduate,Business,224875,58603,26773,1493545,890,0,Education,2978598,180,Urban,0.38,6.64,80.44,Approved
29,Female,Yes,4,Not Graduate,Government,143634,75393,10998,704436,756,0,Vehicle,379277,120,Semiurban,0.6,4.9,61.11,Rejected
24,Male,No,3,Not Graduate,Private,218068,54334,54455,640937,826,0,Education,2191851,300,Rural,0.5,2.94,66.35,Approved
39,Male,No,4,Graduate,Self Employed,71344,26173,16782,745668,526,0,Personal,282331,60,Urban,0.6,10.45,58.17,Rejected
49,Female,No,0,Graduate,Government,218991,43528,42120,1066367,677,0,Education,3955961,180,Rural,0.39,4.87,66.85,Approved
45,Female,Yes,1,Not Graduate,Business,128777,24225,1691,417482,732,0,Vehicle,2650510,180,Urban,0.2,3.24,68.13,Approved
59,Female,No,4,Not Graduate,Private,80982,11878,17603,160867,454,0,Home,3210359,240,Rural,0.36,1.99,46.47,Rejected
47,Male,No,0,Not Graduate,Private,239728,37514,58058,946379,608,1,Vehicle,3967014,240,Semiurban,0.4,3.95,62.55,Approved
32,Female,Yes,3,Graduate,Self Employed,136522,75540,20523,1470918,342,1,Education,2322696,240,Semiurban,0.7,10.77,49.55,Approved
60,Female,No,1,Not Graduate,Business,56264,24249,5802,409000,756,1,Vehicle,330656,120,Semiurban,0.53,7.27,64.37,Approved
45,Female,No,4,Not Graduate,Business,26559,9344,1231,57243,791,1,Education,3075367,60,Semiurban,0.4,2.16,58.58,Approved
59,Female,No,1,Not Graduate,Government,39931,15390,7719,445572,512,0,Personal,371104,60,Rural,0.58,11.16,56.99,Rejected
38,Male,No,2,Not Graduate,Business,210309,71353,9831,517863,597,1,Vehicle,2148214,300,Semiurban,0.39,2.46,58.29,Approved
48,Female,Yes,2,Graduate,Private,246733,39113,26975,911434,332,0,Personal,2282954,240,Urban,0.27,3.69,53.98,Rejected
57,Male,Yes,0,Graduate,Business,173331,103758,23702,893771,379,0,Education,2737027,60,Urban,0.74,5.16,42.03,Rejected
56,Male,No,4,Graduate,Self Employed,226452,126785,18132,852621,736,0,Vehicle,2670375,240,Semiurban,0.64,3.77,60.1,Rejected
48,Male,No,4,Not Graduate,Government,93574,52221,15124,1233793,721,1,Education,4693266,120,Rural,0.72,13.19,64.2,Approved
60,Male,No,1,Not Graduate,Self Employed,109939,44347,19207,796279,317,0,Vehicle,1476329,120,Rural,0.58,7.24,45.63,Rejected
35,Male,Yes,4,Graduate,Self Employed,130837,42456,28028,46383,623,1,Education,2129784,300,Rural,0.54,0.35,47.47,Approved
48,Male,Yes,0,Not Graduate,Government,112944,9406,7087,195051,844,1,Education,370377,180,Semiurban,0.15,1.73,71.1,Approved
40,Female,Yes,1,Graduate,Business,138956,70580,22254,361607,567,1,Vehicle,2637097,120,Urban,0.67,2.6,45.92,Rejected
33,Female,No,2,Graduate,Government,215639,119525,44053,359141,531,1,Home,3097658,60,Rural,0.76,1.67,42.8,Rejected
47,Female,No,3,Not Graduate,Business,45037,11677,1477,436887,675,0,Home,172667,120,Semiurban,0.29,9.7,72.44,Rejected
53,Female,Yes,2,Not Graduate,Business,160119,15293,22889,450480,839,1,Home,1097635,240,Rural,0.24,2.81,72.17,Approved
59,Female,No,4,Graduate,Business,205042,121155,44395,169333,474,1,Vehicle,3128337,300,Urban,0.81,0.83,36.7,Rejected
45,Female,No,4,Graduate,Private,161043,31939,6363,1242279,525,1,Personal,4694706,60,Rural,0.24,7.71,68.07,Approved
24,Male,Yes,2,Not Graduate,Private,87925,13331,19880,372910,619,0,Personal,3203578,300,Semiurban,0.38,4.24,58.18,Rejected
36,Male,Yes,1,Graduate,Business,60563,20472,14821,415152,602,0,Personal,2580703,240,Urban,0.58,6.85,55.41,Rejected
33,Male,Yes,2,Not Graduate,Business,71321,8537,2056,682614,528,0,Home,593972,180,Semiurban,0.15,9.57,71.01,Rejected
21,Female,No,4,Graduate,Government,32439,15103,7274,864101,669,1,Vehicle,2782397,240,Semiurban,0.69,26.64,60.34,Rejected
48,Male,No,2,Not Graduate,Government,225281,78185,48626,395376,400,0,Education,2338925,180,Urban,0.56,1.76,43.41,Rejected
24,Female,No,0,Graduate,Government,129930,18715,30071,1467047,691,1,Personal,244865,60,Rural,0.38,11.29,74.64,Approved
54,Male,Yes,2,Graduate,Government,126036,75195,4633,885358,815,0,Home,802283,240,Semiurban,0.63,7.02,66.31,Approved
46,Male,No,4,Not Graduate,Private,27989,13668,1585,1334198,577,1,Personal,132566,60,Semiurban,0.54,47.67,60.42,Rejected
57,Male,Yes,2,Not Graduate,Private,219246,22389,36127,1325537,766,0,Home,1424566,120,Urban,0.27,6.05,76.9,Approved
23,Female,No,4,Not Graduate,Self Employed,212680,21884,16651,411341,869,1,Personal,1314234,300,Semiurban,0.18,1.93,75.56,Approved
26,Female,No,1,Graduate,Business,197443,72072,42108,58377,450,1,Personal,3288537,60,Semiurban,0.58,0.3,41.14,Rejected
56,Male,Yes,1,Not Graduate,Government,129709,52004,27760,640059,788,1,Education,3448223,300,Semiurban,0.61,4.93,61.63,Approved
23,Male,No,0,Not Graduate,Self Employed,122797,39024,6692,83981,396,1,Vehicle,3073083,240,Urban,0.37,0.68,42.71,Rejected
35,Female,No,3,Not Graduate,Self Employed,202781,85392,40857,508398,375,0,Education,540123,240,Rural,0.62,2.51,41.11,Rejected
29,Male,Yes,0,Graduate,Private,165755,55094,597,596032,793,1,Education,768081,300,Rural,0.34,3.6,68.99,Approved
21,Male,Yes,1,Not Graduate,Government,219210,99506,47859,547606,833,1,Home,4798622,120,Rural,0.67,2.5,60.62,Approved
57,Female,No,0,Graduate,Business,140481,78840,3131,768513,538,1,Education,1174964,300,Urban,0.58,5.47,52.97,Approved
58,Female,Yes,3,Not Graduate,Private,187668,12378,36988,704956,526,0,Education,4239143,60,Rural,0.26,3.76,60.51,Rejected
37,Female,No,2,Not Graduate,Private,175451,26862,24088,1401529,847,0,Home,4508525,120,Rural,0.29,7.99,81.93,Approved
55,Male,Yes,4,Graduate,Private,84348,29478,6870,97523,747,1,Education,4589397,180,Rural,0.43,1.16,55.96,Approved
48,Female,No,3,Graduate,Self Employed,93018,26230,18076,468879,791,1,Vehicle,4919524,180,Rural,0.48,5.04,64.67,Approved
51,Female,Yes,0,Graduate,Business,186770,31301,5318,1011549,630,1,Vehicle,1430774,300,Rural,0.2,5.42,70.42,Approved
60,Female,No,4,Not Graduate,Business,42802,7109,10422,620549,839,1,Home,3694873,240,Semiurban,0.41,14.5,76.71,Approved
28,Male,No,3,Not Graduate,Business,78725,22578,13312,755731,625,0,Vehicle,3756009,180,Urban,0.46,9.6,66.45,Rejected
60,Female,No,4,Not Graduate,Private,209431,6040,3265,1196410,511,1,Home,611919,60,Semiurban,0.04,5.71,71.18,Approved
33,Male,Yes,2,Not Graduate,Private,65233,23401,2368,274771,836,1,Home,2661122,300,Urban,0.4,4.21,66.34,Approved
51,Female,No,4,Graduate,Business,134266,11463,5427,1339108,818,0,Vehicle,168003,120,Urban,0.13,9.97,87.9,Approved
40,Male,Yes,2,Graduate,Self Employed,216018,36720,24558,1115164,708,1,Education,975157,180,Semiurban,0.28,5.16,71.92,Approved
37,Female,No,0,Not Graduate,Private,173556,25216,25752,95779,747,1,Vehicle,3479775,120,Semiurban,0.29,0.55,62.44,Approved
29,Male,No,1,Not Graduate,Business,183591,80154,4126,234574,456,1,Education,3828295,120,Rural,0.46,1.28,46.39,Rejected
44,Male,Yes,0,Not Graduate,Business,209439,121138,51423,1371068,522,0,Personal,4270207,240,Semiurban,0.82,6.55,49.95,Rejected
41,Male,Yes,1,Not Graduate,Private,129257,39055,7128,1283684,679,1,Education,4394954,180,Semiurban,0.36,9.93,74.49,Approved
46,Male,No,4,Graduate,Self Employed,237615,95018,5386,1407340,876,0,Personal,3925916,240,Semiurban,0.42,5.92,77.61,Approved
44,Male,Yes,4,Not Graduate,Business,45159,15053,9896,356473,647,0,Personal,3702437,180,Rural,0.55,7.89,59.78,Rejected
55,Male,Yes,4,Not Graduate,Self Employed,91332,33834,14579,920946,658,1,Vehicle,4985096,60,Semiurban,0.53,10.08,67.0,Approved
22,Female,No,2,Not Graduate,Private,187417,45097,14591,915779,849,1,Education,954367,180,Semiurban,0.32,4.89,75.45,Approved
57,Male,Yes,0,Not Graduate,Government,147631,58073,15793,635912,415,1,Home,3119412,300,Semiurban,0.5,4.31,47.95,Approved
50,Male,Yes,0,Graduate,Government,107300,47169,8266,979604,765,0,Vehicle,2304783,120,Rural,0.52,9.13,71.05,Approved
25,Female,No,1,Graduate,Business,115756,35690,16399,716250,710,1,Personal,1972763,180,Semiurban,0.45,6.19,65.06,Approved
52,Female,Yes,3,Not Graduate,Business,142576,33048,20583,328030,543,0,Vehicle,3227938,180,Rural,0.38,2.3,53.15,Rejected
22,Female,No,4,Not Graduate,Self Employed,114928,65815,16435,214935,718,1,Personal,1403455,300,Semiurban,0.72,1.87,48.78,Approved
28,Male,No,1,Graduate,Private,214422,101477,42939,1348158,609,1,Personal,2621473,60,Semiurban,0.67,6.29,58.01,Approved
27,Female,No,4,Not Graduate,Government,86711,37289,19328,1035800,551,1,Personal,4763822,180,Rural,0.65,11.95,58.37,Rejected
41,Female,Yes,4,Graduate,Self Employed,94291,29435,23392,853940,337,0,Education,313056,120,Rural,0.56,9.06,50.05,Rejected
45,Male,Yes,0,Not Graduate,Business,181421,93841,2047,1392135,340,0,Education,395831,240,Semiurban,0.53,7.67,51.86,Rejected
57,Female,Yes,3,Not Graduate,Private,158674,45973,20566,1435862,400,1,Home,1021421,180,Rural,0.42,9.05,59.64,Approved
36,Female,No,3,Graduate,Business,71889,33078,15951,513636,676,1,Education,481475,240,Urban,0.68,7.14,56.75,Approved
50,Male,Yes,4,Graduate,Business,224233,16190,14000,493359,653,0,Home,161248,60,Semiurban,0.13,2.2,68.35,Approved
33,Male,No,2,Graduate,Self Employed,186527,45600,40270,485447,742,1,Home,2731072,240,Rural,0.46,2.6,61.83,Approved
57,Female,No,0,Not Graduate,Government,71384,5721,1689,966882,533,1,Education,3159807,300,Urban,0.1,13.54,73.43,Approved
45,Male,Yes,2,Graduate,Self Employed,82202,35859,19375,564521,369,0,Education,3700090,300,Urban,0.67,6.87,43.27,Rejected
26,Male,Yes,1,Graduate,Government,89167,46066,21550,358947,630,0,Education,792969,60,Rural,0.76,4.03,46.87,Rejected
52,Male,No,4,Not Graduate,Self Employed,218763,104454,20871,956874,570,1,Education,3223091,120,Urban,0.57,4.37,55.65,Approved
44,Female,No,2,Graduate,Government,156517,17786,34886,1406142,650,0,Home,3304838,240,Urban,0.34,8.98,73.02,Approved
53,Male,No,1,Graduate,Private,164865,89943,35381,220275,521,1,Education,4403280,180,Urban,0.76,1.34,39.62,Rejected
55,Female,No,0,Not Graduate,Self Employed,195835,22639,10866,68513,376,1,Home,1763681,120,Semiurban,0.17,0.35,50.11,Approved
38,Male,Yes,0,Graduate,Self Employed,64298,18569,14932,826143,311,0,Personal,4362740,240,Semiurban,0.52,12.85,50.76,Rejected
39,Female,No,0,Graduate,Self Employed,193382,92164,31664,923289,411,0,Education,3264320,120,Rural,0.64,4.77,46.34,Rejected
59,Female,Yes,3,Not Graduate,Self Employed,200628,114882,4304,1344855,726,0,Personal,4285811,120,Urban,0.59,6.7,65.88,Approved
39,Female,Yes,2,Graduate,Self Employed,233364,63293,2930,484351,465,1,Vehicle,2855712,240,Semiurban,0.28,2.08,55.64,Approved
60,Female,No,2,Graduate,Government,125192,9850,10580,1445891,536,0,Education,2198600,300,Urban,0.16,11.55,73.93,Approved
57,Female,Yes,1,Not Graduate,Private,108157,58369,21692,250108,761,0,Personal,4733123,60,Rural,0.74,2.31,50.57,Rejected
44,Male,Yes,3,Graduate,Self Employed,141778,6412,30301,591481,479,0,Vehicle,2168654,60,Rural,0.26,4.17,57.54,Rejected
36,Female,Yes,2,Graduate,Self Employed,228637,5903,9214,375391,415,1,Personal,4717114,300,Semiurban,0.07,1.64,58.89,Approved
44,Female,Yes,1,Graduate,Private,222559,53241,35732,494002,815,1,Home,793594,60,Semiurban,0.4,2.22,67.57,Approved
44,Female,Yes,2,Graduate,Self Employed,101657,27155,8313,801426,887,0,Vehicle,1124397,60,Urban,0.35,7.88,78.79,Approved
26,Female,Yes,0,Graduate,Private,69649,10687,10827,781003,825,1,Personal,1950082,180,Rural,0.31,11.21,80.19,Approved
50,Male,No,3,Graduate,Self Employed,203306,8516,12599,78489,653,1,Education,578015,300,Semiurban,0.1,0.39,64.81,Approved
25,Male,No,3,Graduate,Business,44437,17850,4151,1144287,537,1,Home,2105446,240,Semiurban,0.5,25.75,60.79,Rejected
56,Female,Yes,4,Not Graduate,Self Employed,139932,65920,28546,137173,309,1,Vehicle,1982744,180,Semiurban,0.68,0.98,31.04,Rejected
58,Female,Yes,0,Not Graduate,Private,31693,8729,1849,381294,570,1,Education,2896183,240,Semiurban,0.33,12.03,66.59,Rejected
42,Male,Yes,2,Not Graduate,Government,173786,44776,28756,465536,419,0,Vehicle,3346531,60,Semiurban,0.42,2.68,48.24,Rejected
39,Male,No,0,Not Graduate,Business,234336,83353,52608,1011010,723,0,Personal,1001796,60,Semiurban,0.58,4.31,62.73,Approved
57,Female,No,2,Not Graduate,Business,96003,49145,11504,887296,649,1,Home,4392753,300,Semiurban,0.63,9.24,62.22,Approved
30,Male,No,4,Graduate,Business,152883,49283,17587,1436693,325,0,Personal,4356972,180,Rural,0.44,9.4,56.23,Rejected
45,Female,No,0,Not Graduate,Self Employed,209678,82349,47770,1262962,486,1,Personal,1932775,300,Urban,0.62,6.02,53.42,Approved
47,Female,Yes,4,Not Graduate,Self Employed,139594,62544,24548,992279,341,0,Education,1310602,240,Urban,0.62,7.11,46.24,Rejected
52,Female,Yes,3,Graduate,Government,34463,20505,7172,509883,666,0,Home,4746438,300,Semiurban,0.8,14.8,56.89,Rejected
32,Male,Yes,3,Graduate,Business,72878,15745,7596,413895,547,0,Home,1909214,300,Rural,0.32,5.68,58.98,Rejected
35,Female,No,3,Graduate,Self Employed,233488,12216,54691,802400,879,1,Home,119345,240,Rural,0.29,3.44,76.68,Approved
43,Male,Yes,2,Not Graduate,Self Employed,104703,56021,4606,1265744,612,0,Home,4343363,180,Urban,0.58,12.09,64.02,Rejected
51,Male,Yes,3,Not Graduate,Business,159214,77834,22041,612445,844,1,Vehicle,2158639,60,Urban,0.63,3.85,62.75,Approved
58,Male,No,1,Not Graduate,Business,101531,14382,17347,23550,631,0,Education,3540982,180,Urban,0.31,0.23,53.19,Rejected
44,Female,Yes,3,Not Graduate,Self Employed,162699,57020,1796,1433411,484,0,Home,1191033,120,Urban,0.36,8.81,64.79,Approved
36,Male,No,0,Graduate,Business,166848,57597,27178,447984,890,0,Education,4846780,300,Semiurban,0.51,2.68,66.36,Rejected
31,Female,Yes,0,Not Graduate,Private,231174,86189,37184,769783,718,0,Personal,4075272,300,Semiurban,0.53,3.33,61.81,Approved
40,Female,Yes,3,Graduate,Private,71038,16976,17757,1177501,818,0,Education,137657,60,Semiurban,0.49,16.58,74.53,Approved
26,Male,Yes,4,Not Graduate,Business,108729,49877,2598,324704,321,0,Home,130420,60,Rural,0.48,2.99,40.11,Rejected
52,Female,No,2,Not Graduate,Government,124424,41100,17361,1054988,440,0,Personal,2357040,240,Semiurban,0.47,8.48,57.39,Rejected
29,Female,No,0,Graduate,Business,64857,31591,11156,1437208,884,1,Vehicle,2413367,120,Urban,0.66,22.16,72.11,Approved
35,Female,Yes,3,Not Graduate,Business,212661,76152,52757,405605,506,0,Vehicle,4358800,240,Urban,0.61,1.91,46.62,Rejected
36,Male,No,4,Graduate,Self Employed,32838,18035,1440,554453,643,1,Home,2021997,120,Semiurban,0.59,16.88,62.1,Rejected
52,Male,No,4,Not Graduate,Government,182781,88134,30166,24611,397,1,Personal,996385,300,Semiurban,0.65,0.13,35.81,Rejected
52,Female,Yes,0,Graduate,Business,39297,9282,757,259892,875,0,Vehicle,1159714,120,Urban,0.26,6.61,76.02,Rejected
30,Female,Yes,2,Graduate,Self Employed,173482,49625,33129,348743,405,1,Vehicle,2807120,60,Urban,0.48,2.01,44.65,Approved
48,Male,No,0,Not Graduate,Private,25084,12645,2738,973621,609,0,Vehicle,1639464,180,Rural,0.61,38.81,59.67,Rejected
50,Male,No,1,Not Graduate,Private,110656,44406,2612,1094503,858,0,Personal,1591639,180,Rural,0.42,9.89,79.59,Approved
57,Female,No,1,Not Graduate,Self Employed,145833,27524,16900,632994,495,1,Home,2974002,180,Rural,0.3,4.34,57.38,Approved
50,Female,Yes,4,Not Graduate,Business,144925,19459,22122,861654,614,0,Personal,1414425,300,Rural,0.29,5.95,66.37,Approved
24,Male,No,4,Graduate,Business,52862,14601,7715,1228827,728,0,Personal,518082,300,Semiurban,0.42,23.25,71.81,Approved
21,Male,No,2,Not Graduate,Private,145273,59421,8352,613945,471,1,Education,1261159,120,Semiurban,0.47,4.23,51.2,Approved
37,Male,Yes,1,Not Graduate,Private,33907,14755,1384,572938,360,0,Vehicle,1344101,240,Urban,0.48,16.9,53.08,Rejected
27,Male,No,1,Graduate,Self Employed,101458,9314,8474,1040419,636,1,Personal,196682,60,Rural,0.18,10.25,77.07,Approved
38,Male,Yes,1,Not Graduate,Business,137538,45130,10720,341170,889,0,Vehicle,3600199,240,Rural,0.41,2.48,67.79,Rejected
51,Female,Yes,2,Graduate,Government,227000,49252,10889,914451,467,1,Education,2082040,240,Semiurban,0.26,4.03,59.94,Approved
21,Male,Yes,1,Graduate,Government,204332,88382,3643,916649,607,1,Education,666681,180,Semiurban,0.45,4.49,60.61,Approved
30,Female,No,1,Not Graduate,Business,88107,48165,1720,605885,480,0,Personal,3460076,300,Semiurban,0.57,6.88,51.63,Rejected
59,Male,Yes,3,Not Graduate,Business,232710,75160,37414,481091,501,1,Home,4919830,240,Rural,0.48,2.07,51.2,Approved
22,Female,No,1,Graduate,Business,65748,38645,15361,1180076,527,1,Education,1762018,120,Rural,0.82,17.95,51.41,Rejected
27,Male,Yes,0,Not Graduate,Private,92675,27307,8144,1329258,513,0,Home,2029403,240,Semiurban,0.38,14.34,65.03,Approved
27,Male,Yes,2,Not Graduate,Business,25672,15379,4669,1139806,683,0,Education,1419381,60,Urban,0.78,44.4,57.95,Rejected
35,Female,Yes,2,Graduate,Self Employed,32634,7056,2036,286968,634,0,Personal,4189225,60,Semiurban,0.28,8.79,68.71,Rejected
43,Female,No,0,Not Graduate,Government,91665,14953,4990,1368179,606,1,Education,2663125,60,Urban,0.22,14.93,74.07,Approved
58,Male,No,2,Graduate,Private,104080,20241,16734,84644,797,0,Personal,2192674,180,Urban,0.36,0.81,60.55,Approved
43,Male,No,4,Not Graduate,Government,181604,98447,30831,240844,641,1,Vehicle,3102637,240,Urban,0.71,1.33,47.05,Rejected
46,Female,Yes,1,Graduate,Business,127368,37247,571,912998,423,1,Home,724393,300,Rural,0.3,7.17,59.32,Approved
44,Female,Yes,2,Graduate,Government,249114,5203,30028,923977,374,1,Personal,2525664,120,Urban,0.14,3.71,59.76,Approved
41,Female,No,3,Not Graduate,Self Employed,249969,25275,20058,408138,520,1,Personal,4337810,60,Rural,0.18,1.63,60.93,Approved
58,Male,Yes,0,Graduate,Business,220616,103868,27367,211425,351,0,Home,4173442,300,Rural,0.59,0.96,38.5,Rejected
53,Male,Yes,0,Not Graduate,Self Employed,192082,20018,25288,519761,868,0,Education,4363561,240,Rural,0.24,2.71,74.6,Approved
55,Female,Yes,4,Not Graduate,Self Employed,176207,10996,22971,1326404,336,1,Vehicle,3457622,300,Rural,0.19,7.53,61.25,Approved
31,Female,No,1,Graduate,Government,145610,25458,31999,338399,301,0,Vehicle,3853303,120,Rural,0.39,2.32,42.01,Rejected
33,Female,Yes,2,Not Graduate,Business,24651,12636,4225,478243,329,0,Personal,3458314,300,Semiurban,0.68,19.4,45.09,Rejected
54,Female,Yes,2,Not Graduate,Business,179269,76909,13396,873305,772,0,Vehicle,3350822,240,Semiurban,0.5,4.87,66.11,Approved
57,Male,No,3,Not Graduate,Self Employed,117668,13962,28455,1186893,645,1,Personal,804652,240,Semiurban,0.36,10.09,72.56,Approved
43,Female,Yes,2,Not Graduate,Self Employed,74323,24901,8157,197495,815,0,Education,1857489,300,Urban,0.44,2.66,61.17,Rejected
22,Male,Yes,2,Not Graduate,Self Employed,106842,54703,25919,458639,545,1,Education,4144239,120,Urban,0.75,4.29,44.44,Rejected
33,Male,No,3,Not Graduate,Government,175163,26087,27242,235928,680,1,Education,1389320,60,Urban,0.3,1.35,60.79,Approved
30,Female,Yes,1,Not Graduate,Business,108346,26053,779,1390312,359,1,Vehicle,362988,300,Rural,0.25,12.83,62.86,Approved
23,Male,No,3,Not Graduate,Private,156427,71846,31346,293334,617,1,Personal,3386050,120,Urban,0.66,1.88,47.64,Rejected
33,Female,Yes,4,Graduate,Government,27208,5490,4753,176656,598,0,Vehicle,1420270,300,Semiurban,0.38,6.49,59.36,Rejected
60,Male,Yes,3,Not Graduate,Government,134735,79467,27051,668698,577,1,Education,1380134,300,Rural,0.79,4.96,47.24,Rejected
52,Male,No,0,Not Graduate,Private,58082,16037,2542,958629,635,1,Personal,135044,120,Urban,0.32,16.5,70.95,Approved
36,Male,Yes,1,Not Graduate,Government,117591,55101,24364,991672,762,0,Home,3115081,60,Rural,0.68,8.43,65.16,Rejected
44,Male,No,0,Graduate,Government,108293,9551,13527,854202,741,0,Personal,1607372,120,Rural,0.21,7.89,76.65,Approved
29,Female,No,2,Not Graduate,Government,173014,77990,25009,416220,726,0,Vehicle,1278893,240,Semiurban,0.6,2.41,56.14,Approved
60,Female,No,2,Not Graduate,Private,23883,7371,1311,554256,868,0,Vehicle,4602091,300,Semiurban,0.36,23.21,78.63,Rejected
33,Male,Yes,3,Graduate,Self Employed,40135,14837,6012,97141,531,0,Personal,4571241,60,Rural,0.52,2.42,44.46,Rejected
30,Female,No,4,Graduate,Business,226565,20928,39602,531218,887,1,Personal,3314806,60,Urban,0.27,2.34,75.16,Approved
37,Female,Yes,4,Graduate,Government,233537,37819,48079,671291,687,0,Vehicle,4178557,240,Rural,0.37,2.87,64.59,Approved
56,Male,No,0,Graduate,Private,88638,10144,9204,205530,502,0,Personal,1029997,300,Rural,0.22,2.32,53.95,Rejected
27,Female,Yes,2,Graduate,Private,61044,15317,10423,252942,755,0,Vehicle,2715728,240,Urban,0.42,4.14,61.63,Rejected
53,Female,No,0,Not Graduate,Government,231464,106290,29703,219898,603,1,Home,680566,60,Urban,0.59,0.95,50.33,Approved
27,Female,No,3,Not Graduate,Business,144204,21402,9992,969918,635,1,Vehicle,558459,240,Rural,0.22,6.73,70.91,Approved
38,Male,Yes,1,Not Graduate,Business,87704,45516,20558,1227657,837,1,Personal,2026615,120,Rural,0.75,14.0,68.11,Approved
27,Male,No,4,Not Graduate,Government,68712,31510,9845,158495,304,1,Personal,1980284,120,Semiurban,0.6,2.31,32.82,Rejected
49,Female,Yes,0,Graduate,Business,148164,56980,15822,193687,337,0,Personal,4577968,300,Semiurban,0.49,1.31,38.78,Rejected
42,Female,No,0,Graduate,Business,79207,30963,1227,824738,595,0,Personal,2456350,240,Semiurban,0.41,10.41,67.42,Rejected
54,Female,No,4,Not Graduate,Self Employed,223134,88306,41690,1234481,831,1,Vehicle,4434934,60,Semiurban,0.58,5.53,69.45,Approved
21,Male,No,0,Graduate,Government,139536,66411,257,160609,755,1,Home,4130487,180,Rural,0.48,1.15,57.11,Approved
40,Male,Yes,0,Not Graduate,Government,49005,7421,7247,233592,887,1,Personal,406298,180,Rural,0.3,4.77,71.94,Approved
22,Male,Yes,2,Not Graduate,Business,42578,16687,5475,1251342,733,1,Vehicle,2007985,120,Urban,0.52,29.39,68.67,Approved
54,Female,No,2,Not Graduate,Private,79981,42194,3568,1016727,327,0,Home,3121518,120,Urban,0.57,12.71,50.57,Rejected
24,Female,Yes,3,Not Graduate,Business,76214,30291,3659,1296442,789,1,Home,970449,240,Urban,0.45,17.01,74.75,Approved
57,Female,No,1,Not Graduate,Self Employed,208129,99735,9976,421201,873,1,Education,2864629,120,Rural,0.53,2.02,65.36,Approved
30,Female,No,4,Not Graduate,Government,88360,50960,2563,516307,580,0,Personal,4139995,300,Semiurban,0.61,5.84,52.83,Rejected
49,Male,No,0,Not Graduate,Business,166594,89028,6636,1011790,534,1,Education,1151053,60,Rural,0.57,6.07,55.32,Approved
28,Female,Yes,2,Graduate,Self Employed,202841,111360,38498,1178726,492,1,Vehicle,3397938,180,Semiurban,0.74,5.81,49.44,Approved
34,Female,Yes,0,Not Graduate,Business,114534,36850,160,493973,543,1,Home,4088247,60,Rural,0.32,4.31,57.65,Approved
55,Female,No,4,Graduate,Business,104450,13266,19802,1369892,356,1,Personal,1556552,240,Urban,0.32,13.12,60.5,Approved
21,Male,Yes,0,Graduate,Government,234427,90643,27795,164768,725,0,Education,1715028,300,Semiurban,0.51,0.7,57.85,Rejected
37,Male,Yes,0,Graduate,Government,32288,16019,6060,1176102,824,0,Home,4553141,180,Rural,0.68,36.43,67.4,Rejected
45,Male,No,3,Graduate,Private,196646,33580,4821,138684,570,1,Personal,4242212,240,Rural,0.2,0.71,58.75,Approved
36,Female,No,2,Not Graduate,Government,178835,23153,8286,160621,843,0,Home,276087,240,Urban,0.18,0.9,71.14,Approved
26,Female,No,0,Not Graduate,Self Employed,36549,12318,476,336192,494,1,Vehicle,1076169,240,Rural,0.35,9.2,61.31,Rejected
36,Female,Yes,2,Graduate,Self Employed,242197,126226,28478,584441,315,0,Home,1990189,300,Rural,0.64,2.41,39.35,Rejected
25,Male,Yes,2,Graduate,Private,186478,110518,26366,962555,404,0,Education,2116619,240,Rural,0.73,5.16,43.72,Rejected
37,Female,Yes,1,Not Graduate,Private,181192,59325,16859,551355,608,1,Home,3700429,300,Semiurban,0.42,3.04,57.74,Approved
53,Male,Yes,0,Not Graduate,Private,77877,8036,13961,550024,324,0,Vehicle,4813798,240,Semiurban,0.28,7.06,53.17,Rejected
26,Female,No,2,Graduate,Self Employed,203133,121493,10937,1019740,843,1,Personal,1540579,180,Rural,0.65,5.02,66.07,Approved
27,Male,Yes,2,Not Graduate,Private,142673,27059,7617,874983,482,1,Education,288637,120,Urban,0.24,6.13,62.1,Approved
33,Female,No,0,Graduate,Private,183181,46874,22590,1389703,881,1,Education,2007389,240,Rural,0.38,7.59,80.28,Approved
33,Female,No,4,Not Graduate,Business,37681,9785,4175,956736,575,0,Personal,640147,240,Rural,0.37,25.39,65.95,Rejected
34,Female,No,0,Graduate,Self Employed,58906,16637,6438,1379306,774,1,Personal,967466,120,Semiurban,0.39,23.42,75.0,Approved
56,Female,Yes,1,Graduate,Government,228793,8778,35588,100096,670,1,Home,369050,300,Rural,0.19,0.44,63.99,Approved
30,Male,No,4,Graduate,Self Employed,78503,16225,3625,92450,783,0,Personal,1540867,240,Urban,0.25,1.18,62.71,Rejected
48,Female,No,4,Not Graduate,Private,68206,5174,15464,290461,306,0,Education,288792,300,Semiurban,0.3,4.26,45.77,Rejected
29,Female,No,0,Not Graduate,Private,148465,85356,28172,449019,705,1,Personal,1417096,300,Rural,0.76,3.02,50.38,Approved
41,Female,No,0,Graduate,Government,115271,62999,2646,77866,825,0,Vehicle,4611109,180,Rural,0.57,0.68,55.54,Rejected
29,Male,No,1,Graduate,Government,23372,8437,3427,32513,762,0,Home,2118526,180,Urban,0.51,1.39,52.36,Rejected
30,Male,Yes,1,Not Graduate,Private,249941,76999,12942,968181,638,0,Personal,3746855,300,Urban,0.36,3.87,65.31,Approved
56,Male,Yes,3,Not Graduate,Private,52497,18828,12854,903958,694,1,Vehicle,177592,120,Urban,0.6,17.22,64.84,Approved
21,Female,No,2,Not Graduate,Government,24944,11382,815,924136,700,1,Education,135938,60,Rural,0.49,37.05,67.44,Approved
55,Female,No,2,Graduate,Government,106297,52767,21492,209195,801,1,Vehicle,1297065,300,Semiurban,0.7,1.97,52.83,Approved
31,Male,Yes,2,Graduate,Government,114021,5397,10415,48080,717,1,Personal,1736969,60,Semiurban,0.14,0.42,63.11,Approved
31,Female,No,1,Graduate,Private,54906,26648,12995,1169042,349,1,Home,3925449,240,Rural,0.72,21.29,46.05,Rejected
40,Male,No,2,Graduate,Business,150270,58030,11426,722743,503,1,Personal,993444,60,Urban,0.46,4.81,54.12,Approved
42,Male,No,2,Not Graduate,Private,141374,63369,35278,381548,711,0,Home,791691,240,Semiurban,0.7,2.7,51.72,Rejected
55,Male,Yes,0,Not Graduate,Business,230329,138037,458,1492054,782,0,Education,665450,180,Urban,0.6,6.48,68.89,Approved
32,Male,No,2,Not Graduate,Business,176305,28730,2961,693640,661,1,Education,2794212,240,Semiurban,0.18,3.93,68.91,Approved
59,Male,Yes,1,Not Graduate,Private,24802,10004,2714,990913,721,0,Education,2198109,180,Rural,0.51,39.95,67.65,Rejected
27,Male,No,0,Not Graduate,Self Employed,30217,18074,6197,238651,656,0,Home,1075475,120,Urban,0.8,7.9,52.06,Rejected
45,Female,Yes,0,Graduate,Business,140194,61704,4610,282429,819,0,Personal,4259424,180,Semiurban,0.47,2.01,61.85,Rejected
27,Male,Yes,4,Not Graduate,Private,142301,18779,21519,1469474,703,0,Home,1872040,300,Rural,0.28,10.33,78.44,Approved
52,Female,Yes,4,Not Graduate,Self Employed,154356,90453,6875,1155250,564,0,Education,3421265,120,Urban,0.63,7.48,57.29,Rejected
57,Male,Yes,3,Graduate,Self Employed,173979,42298,40335,1231365,604,1,Vehicle,3980190,180,Semiurban,0.47,7.08,63.71,Approved
38,Male,Yes,3,Not Graduate,Private,214987,60842,8876,818664,651,1,Home,2597441,240,Semiurban,0.32,3.81,65.42,Approved
57,Male,No,0,Not Graduate,Private,109360,42993,21373,1090856,514,1,Personal,3976050,300,Rural,0.59,9.97,59.51,Approved
57,Female,No,4,Not Graduate,Self Employed,153007,34224,32563,701778,726,0,Education,4100957,300,Semiurban,0.44,4.59,64.47,Rejected
34,Female,Yes,3,Graduate,Government,136092,17826,30537,986626,697,0,Home,2753341,60,Rural,0.36,7.25,70.26,Approved
21,Female,Yes,3,Graduate,Private,70003,17934,16418,684332,589,0,Home,1686205,240,Rural,0.49,9.78,63.81,Rejected
58,Female,Yes,4,Not Graduate,Government,210852,29548,14693,192448,441,1,Vehicle,1740538,120,Semiurban,0.21,0.91,53.56,Approved
36,Female,No,0,Not Graduate,Self Employed,60861,13601,9735,1456976,354,0,Home,1173397,120,Semiurban,0.38,23.94,56.66,Rejected
51,Female,Yes,2,Not Graduate,Business,28750,14587,1990,1499735,665,1,Vehicle,2991355,240,Urban,0.58,52.16,63.41,Rejected
30,Male,Yes,3,Graduate,Self Employed,85923,9826,6375,886812,616,1,Vehicle,4827826,180,Semiurban,0.19,10.32,75.16,Approved
46,Male,Yes,0,Graduate,Government,186426,24329,31300,1429773,314,1,Vehicle,348837,240,Rural,0.3,7.67,57.8,Approved
46,Male,Yes,1,Graduate,Private,192022,98072,41439,65395,673,1,Vehicle,2476353,240,Rural,0.73,0.34,46.48,Rejected
43,Male,Yes,2,Not Graduate,Business,104893,58167,11144,1227674,640,0,Home,3521628,120,Rural,0.66,11.7,62.82,Rejected
42,Female,Yes,3,Not Graduate,Self Employed,221368,75639,39696,1419630,619,0,Home,1248387,240,Semiurban,0.52,6.41,63.56,Approved
33,Male,No,3,Graduate,Government,156196,28323,16003,849505,879,1,Home,3657515,300,Urban,0.28,5.44,77.68,Approved
32,Male,Yes,0,Not Graduate,Business,108384,49337,765,849722,406,1,Personal,3721076,240,Urban,0.46,7.84,54.19,Approved
25,Female,Yes,1,Graduate,Government,74317,43274,6841,540267,616,0,Education,3760986,300,Semiurban,0.67,7.27,54.66,Rejected
31,Male,No,1,Graduate,Private,199795,36151,49473,1449186,536,0,Home,4948543,240,Rural,0.43,7.25,63.46,Rejected
60,Male,Yes,0,Not Graduate,Private,26524,12870,696,344737,477,1,Personal,566853,300,Urban,0.51,13.0,56.92,Rejected
30,Male,No,3,Not Graduate,Private,139021,12096,20680,609936,873,1,Education,4642210,300,Semiurban,0.24,4.39,76.06,Approved
31,Male,Yes,3,Graduate,Private,61623,27707,10817,1097484,326,0,Home,3634862,300,Rural,0.63,17.81,48.2,Rejected
24,Female,No,3,Not Graduate,Business,151929,80968,21236,298052,577,1,Education,210234,300,Semiurban,0.67,1.96,45.46,Rejected
22,Female,No,3,Graduate,Business,234058,94821,11592,768722,772,0,Education,4714676,240,Rural,0.45,3.28,66.6,Approved
37,Female,No,4,Not Graduate,Government,135741,5472,17864,883619,625,1,Education,3943225,60,Semiurban,0.17,6.51,71.07,Approved
26,Male,No,1,Not Graduate,Private,124565,73478,2008,1265646,439,0,Education,697275,240,Semiurban,0.61,10.16,56.31,Rejected
28,Female,Yes,0,Not Graduate,Private,246934,134156,4884,1363656,828,1,Personal,2907573,240,Rural,0.56,5.52,70.83,Approved
46,Male,Yes,0,Not Graduate,Self Employed,100114,35929,18914,781085,365,0,Education,4987482,300,Urban,0.55,7.8,49.4,Rejected
28,Male,No,1,Not Graduate,Private,117800,40396,2726,846573,318,0,Personal,4767143,180,Rural,0.37,7.19,52.24,Rejected
22,Female,Yes,0,Not Graduate,Government,201440,72428,47443,1446874,709,1,Personal,3178779,120,Urban,0.6,7.18,66.08,Approved
51,Female,Yes,0,Not Graduate,Business,35260,9669,3704,481723,734,1,Education,3281858,240,Rural,0.38,13.66,72.65,Approved
30,Female,No,0,Graduate,Business,37661,8001,573,1206739,300,0,Education,527787,60,Semiurban,0.23,32.04,58.01,Rejected
56,Female,Yes,1,Graduate,Business,32600,7434,2850,1404865,595,1,Home,2026389,300,Urban,0.32,43.09,68.28,Rejected
23,Male,Yes,1,Not Graduate,Business,183674,108619,39521,1002730,575,1,Vehicle,2029951,300,Semiurban,0.81,5.46,49.62,Approved
41,Female,No,2,Graduate,Business,59674,17569,10864,1432291,564,0,Personal,2459553,60,Semiurban,0.48,24.0,63.16,Rejected
39,Male,No,1,Not Graduate,Business,30315,17998,6446,1435925,675,0,Home,2099470,240,Rural,0.81,47.37,57.02,Rejected
35,Female,No,3,Not Graduate,Self Employed,159873,20101,24688,20063,842,1,Vehicle,4264142,60,Semiurban,0.28,0.13,65.66,Approved
40,Male,No,4,Not Graduate,Self Employed,155321,71733,5166,586784,579,0,Personal,1873677,180,Rural,0.5,3.78,54.65,Rejected
46,Male,No,0,Not Graduate,Self Employed,86975,22401,10836,66222,878,1,Home,1632240,180,Semiurban,0.38,0.76,62.56,Approved
36,Female,Yes,3,Graduate,Government,50555,7966,11329,129021,830,1,Personal,4581463,180,Semiurban,0.38,2.55,62.57,Approved
48,Female,Yes,1,Graduate,Private,113576,59182,18903,874131,420,0,Personal,3908090,120,Rural,0.69,7.7,47.98,Rejected
38,Male,Yes,1,Graduate,Self Employed,89388,15149,11343,1302264,807,0,Personal,2909734,180,Semiurban,0.3,14.57,80.55,Approved
55,Male,No,4,Graduate,Private,36839,14237,7708,1442541,561,1,Education,2658920,240,Urban,0.6,39.16,58.54,Rejected
39,Male,Yes,3,Graduate,Self Employed,209021,76780,16519,1440662,785,0,Personal,2299916,240,Urban,0.45,6.89,73.64,Approved
50,Male,No,2,Graduate,Business,110213,57468,4720,1313368,485,1,Education,3689128,300,Rural,0.56,11.92,59.04,Approved
54,Female,No,3,Not Graduate,Business,93080,26586,16800,551028,762,1,Personal,2076357,180,Urban,0.47,5.92,65.45,Approved
28,Male,Yes,3,Graduate,Business,177828,62011,11927,1468316,764,1,Personal,4977361,120,Semiurban,0.42,8.26,75.11,Approved
45,Male,Yes,0,Graduate,Business,240591,143408,18765,627833,790,0,Education,3031589,240,Urban,0.67,2.61,59.73,Rejected
25,Female,No,4,Not Graduate,Private,204877,22342,45955,513300,363,1,Personal,3613866,180,Rural,0.33,2.51,49.34,Approved
37,Male,No,1,Graduate,Self Employed,29207,7151,5788,283754,760,1,Home,2181010,60,Urban,0.44,9.72,71.09,Approved
49,Male,No,0,Not Graduate,Private,94519,24546,14960,748499,728,0,Personal,981976,120,Rural,0.42,7.92,69.44,Approved
25,Male,Yes,3,Graduate,Self Employed,161449,11224,25892,882827,379,1,Vehicle,3008471,300,Rural,0.23,5.47,57.34,Approved
42,Female,No,1,Not Graduate,Self Employed,105486,51442,9714,177572,835,0,Home,4721916,300,Urban,0.58,1.68,57.3,Rejected
42,Male,Yes,1,Not Graduate,Self Employed,173092,10439,20715,1296503,579,1,Vehicle,1573065,300,Rural,0.18,7.49,72.24,Approved
31,Female,No,0,Not Graduate,Private,31653,8973,649,1414774,525,0,Education,864796,120,Urban,0.3,44.7,65.48,Rejected
31,Male,Yes,3,Not Graduate,Self Employed,96802,13308,14500,1017744,858,1,Home,3685926,300,Rural,0.29,10.51,83.39,Approved
42,Male,No,1,Not Graduate,Self Employed,27617,8984,1225,23195,817,1,Education,4806328,120,Semiurban,0.37,0.84,58.01,Rejected
49,Male,Yes,3,Graduate,Private,235974,63160,17429,1347409,655,1,Education,2136065,180,Semiurban,0.34,5.71,69.72,Approved
32,Male,Yes,3,Not Graduate,Government,34662,9172,5416,456621,647,1,Education,1931434,60,Urban,0.42,13.17,67.52,Rejected
50,Male,Yes,1,Not Graduate,Self Employed,25936,10114,5809,352290,560,0,Home,2877194,180,Semiurban,0.61,13.58,57.51,Rejected
39,Female,Yes,4,Not Graduate,Self Employed,190194,10069,19213,228651,406,1,Education,4780151,300,Urban,0.15,1.2,53.44,Rejected
44,Female,No,3,Not Graduate,Private,158318,56245,22496,807156,310,1,Vehicle,4419288,180,Rural,0.5,5.1,45.39,Approved
48,Female,Yes,1,Graduate,Private,183472,14247,45205,351908,590,1,Vehicle,4585045,240,Rural,0.32,1.92,57.68,Approved
49,Male,Yes,3,Graduate,Private,197573,85604,17155,665959,896,1,Home,3637860,180,Urban,0.52,3.37,68.86,Approved
52,Female,Yes,4,Not Graduate,Private,35507,6394,2109,108982,530,0,Personal,1084220,120,Rural,0.24,3.07,53.93,Rejected
53,Female,Yes,3,Graduate,Private,84946,28321,13903,1162854,354,1,Personal,420368,300,Rural,0.5,13.69,54.22,Approved
22,Male,No,1,Graduate,Self Employed,93453,17958,10684,856620,769,0,Home,3873630,240,Urban,0.31,9.17,77.05,Approved
53,Female,Yes,2,Not Graduate,Business,179423,61556,43257,1312320,676,1,Vehicle,3064980,240,Semiurban,0.58,7.31,64.32,Approved
57,Female,No,2,Graduate,Business,104989,47502,7864,1453530,696,0,Personal,3817079,60,Semiurban,0.53,13.84,69.31,Rejected
53,Female,No,0,Graduate,Business,62061,27599,5127,284688,675,0,Personal,3901138,300,Rural,0.53,4.59,55.84,Rejected
53,Male,Yes,3,Not Graduate,Government,249026,22590,39993,1329428,489,0,Vehicle,3239527,240,Semiurban,0.25,5.34,64.83,Approved
39,Female,Yes,0,Graduate,Government,226960,40522,31036,1332621,694,1,Education,1798535,60,Rural,0.32,5.87,72.21,Approved
56,Male,No,0,Graduate,Business,199097,117491,15857,371345,393,0,Vehicle,2496884,60,Rural,0.67,1.87,39.07,Rejected
32,Male,No,1,Not Graduate,Government,170962,37835,5914,379156,390,0,Vehicle,1482157,180,Semiurban,0.26,2.22,50.93,Rejected
57,Female,Yes,0,Not Graduate,Self Employed,179326,38145,5802,295832,542,0,Vehicle,2637442,240,Urban,0.25,1.65,57.21,Rejected
26,Male,Yes,1,Not Graduate,Private,88678,37921,12022,1001935,370,0,Home,3727278,120,Semiurban,0.56,11.3,53.1,Rejected
48,Female,Yes,1,Not Graduate,Private,96114,13416,3800,254312,454,0,Home,824040,120,Rural,0.18,2.65,53.94,Rejected
26,Male,Yes,0,Not Graduate,Business,166927,9504,10666,1306184,838,0,Personal,4951934,240,Rural,0.12,7.82,85.95,Approved
47,Female,No,1,Graduate,Government,236138,33230,44308,1217361,336,0,Personal,1919977,120,Semiurban,0.33,5.16,54.84,Approved
46,Male,Yes,3,Graduate,Private,219327,61497,41027,846118,800,0,Vehicle,680531,240,Urban,0.47,3.86,68.02,Approved
21,Male,Yes,4,Graduate,Self Employed,96169,7343,10520,73276,414,0,Home,1432850,60,Urban,0.19,0.76,48.2,Rejected
38,Female,No,3,Graduate,Self Employed,40083,13391,8507,1005621,700,1,Personal,4260174,240,Semiurban,0.55,25.09,66.32,Approved
30,Female,No,1,Graduate,Government,236402,103913,49538,448236,420,1,Personal,1742877,240,Rural,0.65,1.9,42.44,Rejected
53,Male,Yes,0,Not Graduate,Self Employed,242005,13120,12318,1212362,688,0,Personal,3661178,240,Semiurban,0.11,5.01,77.12,Approved
22,Male,No,4,Not Graduate,Self Employed,176551,57022,26031,1449524,551,0,Home,1930394,240,Urban,0.47,8.21,63.86,Rejected
22,Female,Yes,2,Graduate,Government,172042,69943,4305,585350,349,1,Home,2194192,120,Urban,0.43,3.4,46.25,Approved
40,Male,Yes,3,Not Graduate,Self Employed,96848,23698,22801,1146051,838,0,Home,2141836,240,Semiurban,0.48,11.83,76.71,Approved
59,Male,No,1,Graduate,Business,162013,95761,9265,1448429,682,1,Vehicle,3086937,180,Urban,0.65,8.94,65.22,Approved
34,Male,No,0,Graduate,Business,156152,26639,15414,908347,807,0,Education,1739570,240,Rural,0.27,5.82,75.67,Approved
33,Male,Yes,4,Graduate,Government,87658,50538,7713,872337,561,1,Vehicle,4452696,180,Semiurban,0.66,9.95,58.41,Rejected
47,Female,No,3,Not Graduate,Government,122995,35262,16092,195255,433,0,Education,2012476,60,Semiurban,0.42,1.59,44.81,Rejected
42,Female,Yes,4,Not Graduate,Self Employed,124762,9891,3992,555570,666,1,Personal,4402273,60,Urban,0.11,4.45,70.16,Approved
38,Female,Yes,2,Not Graduate,Private,162619,19777,20421,459159,688,0,Personal,3573482,300,Semiurban,0.25,2.82,65.31,Approved
28,Male,No,3,Graduate,Private,118317,14978,2927,1092963,470,1,Personal,2892127,180,Semiurban,0.15,9.24,69.56,Approved
38,Female,No,2,Graduate,Self Employed,151275,37348,24888,1072327,561,0,Education,3892296,60,Semiurban,0.41,7.09,62.82,Rejected
22,Male,No,2,Not Graduate,Business,108594,60548,18566,752753,720,1,Personal,174379,120,Urban,0.73,6.93,58.35,Approved
26,Male,No,1,Graduate,Self Employed,223275,24639,14453,1106096,685,1,Vehicle,1154512,60,Rural,0.18,4.95,74.03,Approved
49,Male,No,4,Graduate,Business,192522,108036,3627,1228298,632,1,Personal,1724694,180,Urban,0.58,6.38,61.15,Approved
59,Male,No,2,Graduate,Government,38253,11192,6747,1463689,565,0,Home,2407660,300,Rural,0.47,38.26,62.57,Rejected
37,Female,Yes,3,Not Graduate,Government,24088,11880,1414,1031342,884,1,Vehicle,1141140,180,Urban,0.55,42.82,73.7,Approved
59,Female,No,2,Not Graduate,Self Employed,171015,48162,19246,299801,386,1,Vehicle,3750078,120,Semiurban,0.39,1.75,45.68,Approved
42,Male,Yes,0,Graduate,Self Employed,214638,121522,47084,150167,757,0,Vehicle,2667190,240,Rural,0.79,0.7,50.06,Rejected
39,Female,Yes,1,Not Graduate,Government,233939,112295,46635,456396,864,0,Home,3644712,180,Rural,0.68,1.95,61.28,Rejected
53,Female,Yes,0,Graduate,Government,136642,6672,30482,1176405,405,0,Vehicle,2934014,240,Semiurban,0.27,8.61,62.53,Approved
25,Male,Yes,2,Not Graduate,Business,43556,14450,2846,1321796,551,1,Vehicle,1356207,300,Urban,0.4,30.35,64.32,Rejected
34,Female,Yes,4,Not Graduate,Business,245298,111268,43151,1041678,887,0,Home,504983,120,Semiurban,0.63,4.25,68.84,Rejected
41,Female,No,3,Not Graduate,Government,237039,26702,22390,1095596,873,0,Personal,4501384,240,Urban,0.21,4.62,81.31,Approved
54,Female,Yes,0,Not Graduate,Government,50407,18648,1953,169523,607,1,Vehicle,2235560,240,Rural,0.41,3.36,53.46,Rejected
26,Male,Yes,0,Not Graduate,Business,229779,84542,11302,643284,801,0,Vehicle,1649582,120,Semiurban,0.42,2.8,67.88,Approved
51,Female,No,3,Graduate,Government,142881,78441,7929,1336496,450,1,Home,1547721,180,Urban,0.6,9.35,56.29,Approved
31,Male,Yes,4,Graduate,Private,126477,68317,18735,1237999,361,1,Education,3555559,60,Urban,0.69,9.79,50.03,Rejected
55,Female,No,1,Graduate,Business,140422,13280,26861,654746,712,0,Personal,109763,60,Urban,0.29,4.66,68.01,Approved
51,Male,Yes,3,Graduate,Private,147773,73181,3982,1116729,824,1,Education,4965733,120,Urban,0.52,7.56,71.98,Approved
23,Female,Yes,4,Graduate,Business,152279,40562,10128,1420096,745,1,Vehicle,4636768,240,Semiurban,0.33,9.33,77.87,Approved
32,Female,No,0,Not Graduate,Business,196474,40261,22302,838307,624,1,Home,3682527,240,Semiurban,0.32,4.27,64.57,Approved
44,Female,Yes,4,Graduate,Government,137112,81805,17789,1055245,788,1,Personal,438548,120,Semiurban,0.73,7.7,64.11,Approved
42,Male,Yes,0,Graduate,Self Employed,67068,31031,7397,132363,521,0,Education,2244875,180,Urban,0.57,1.97,42.6,Rejected
44,Female,Yes,1,Graduate,Government,140965,38804,2570,809218,532,1,Personal,3729587,300,Semiurban,0.29,5.74,61.96,Approved
30,Male,No,3,Not Graduate,Self Employed,116494,13006,4100,728480,871,0,Education,4921401,300,Urban,0.15,6.25,81.47,Approved
24,Female,Yes,3,Not Graduate,Private,70888,13913,16140,921161,536,0,Vehicle,1186479,120,Rural,0.42,12.99,63.94,Rejected
43,Female,Yes,4,Graduate,Self Employed,56651,30772,13646,469519,809,0,Home,2927116,300,Urban,0.78,8.29,61.28,Rejected
27,Male,Yes,1,Not Graduate,Government,21810,9450,4784,664718,445,0,Vehicle,385458,120,Rural,0.65,30.48,51.07,Rejected
49,Male,No,1,Graduate,Private,219665,30775,44747,269605,850,0,Vehicle,3179746,240,Rural,0.34,1.23,68.7,Approved
26,Male,No,3,Graduate,Business,141828,33720,28828,221870,836,1,Personal,4105715,240,Rural,0.44,1.56,62.73,Approved
45,Male,No,2,Not Graduate,Business,100520,24821,23852,1459469,447,0,Vehicle,4205951,300,Urban,0.48,14.52,59.36,Rejected
50,Male,No,2,Graduate,Business,74069,14533,14755,425695,738,1,Home,2306824,120,Rural,0.4,5.75,65.39,Approved
56,Male,Yes,1,Not Graduate,Self Employed,197455,93097,33939,466534,516,0,Vehicle,291740,120,Urban,0.64,2.36,46.26,Rejected
27,Female,No,2,Not Graduate,Government,198503,94777,47676,72607,430,1,Personal,3422916,240,Semiurban,0.72,0.37,36.25,Rejected
54,Female,Yes,3,Not Graduate,Private,98030,37388,13682,997824,395,1,Education,2168740,120,Rural,0.52,10.18,55.85,Approved
58,Female,Yes,0,Graduate,Business,68548,25343,4804,995038,690,0,Home,965397,180,Semiurban,0.44,14.52,70.21,Rejected
57,Female,Yes,3,Not Graduate,Private,170145,93691,27173,487840,563,1,Vehicle,160588,120,Rural,0.71,2.87,46.25,Rejected
57,Female,No,2,Not Graduate,Business,134158,53234,13001,166209,781,0,Education,1922009,60,Urban,0.49,1.24,57.74,Rejected
30,Male,Yes,1,Not Graduate,Private,119659,54288,7256,1442137,471,1,Education,3968862,120,Rural,0.51,12.05,60.29,Approved
32,Male,Yes,2,Not Graduate,Business,167922,33026,39216,146968,736,1,Personal,905626,300,Urban,0.43,0.88,58.27,Approved
23,Male,No,4,Not Graduate,Self Employed,208743,100323,1501,937706,512,0,Education,2696624,180,Semiurban,0.49,4.49,55.46,Rejected
56,Male,No,4,Not Graduate,Business,185177,41620,5987,1025742,741,0,Personal,1759497,240,Urban,0.26,5.54,73.71,Approved
47,Female,No,4,Graduate,Government,94858,27942,16083,527838,578,1,Education,4920500,180,Semiurban,0.46,5.56,56.69,Approved
52,Male,Yes,4,Not Graduate,Government,215087,106055,51536,692794,433,0,Vehicle,3363093,240,Semiurban,0.73,3.22,42.31,Rejected
26,Male,No,4,Not Graduate,Self Employed,136009,16871,32929,505744,755,1,Home,2314785,180,Urban,0.37,3.72,65.45,Approved
59,Female,No,4,Graduate,Government,123565,25675,24474,688156,359,0,Home,478148,300,Rural,0.41,5.57,49.86,Rejected
58,Female,No,3,Graduate,Business,78272,24540,7608,761466,557,1,Vehicle,1583140,60,Urban,0.41,9.73,65.02,Approved
27,Female,No,0,Graduate,Self Employed,36645,5167,8537,1154838,346,0,Vehicle,2703332,240,Rural,0.37,31.51,55.62,Rejected
39,Female,No,0,Not Graduate,Government,75558,36256,13184,554330,751,1,Education,3709723,300,Urban,0.65,7.34,61.44,Approved
26,Female,Yes,1,Graduate,Government,232989,93612,2901,508576,888,1,Vehicle,3045641,300,Semiurban,0.41,2.18,70.72,Approved
53,Male,Yes,0,Not Graduate,Government,102275,39153,19732,474751,520,0,Vehicle,1199093,300,Semiurban,0.58,4.64,49.21,Rejected
46,Male,Yes,1,Not Graduate,Business,216400,5042,50228,64341,471,1,Education,1719193,300,Urban,0.26,0.3,52.52,Approved
27,Male,Yes,1,Not Graduate,Business,244434,127079,6204,1146608,394,1,Personal,3327658,60,Rural,0.55,4.69,50.31,Approved
39,Male,Yes,3,Not Graduate,Government,249923,98386,22022,263365,889,0,Home,4935095,240,Rural,0.48,1.05,67.16,Rejected
49,Male,No,3,Graduate,Self Employed,22041,5187,5259,662610,451,0,Home,4785034,180,Urban,0.47,30.06,56.71,Rejected
52,Male,No,0,Graduate,Private,74404,14207,2432,418343,586,1,Home,1230525,60,Rural,0.22,5.62,63.56,Approved
37,Male,Yes,1,Not Graduate,Government,143518,70015,23803,1105028,869,1,Education,1396035,240,Semiurban,0.65,7.7,70.15,Approved
55,Male,No,3,Graduate,Government,201011,28765,27165,285373,333,0,Personal,3357545,300,Semiurban,0.28,1.42,47.33,Rejected
25,Female,No,3,Graduate,Private,48879,8862,9082,915176,349,0,Personal,1118702,120,Rural,0.37,18.72,56.45,Rejected
35,Male,Yes,0,Graduate,Business,113631,43254,24429,1075287,807,0,Personal,3700315,120,Urban,0.6,9.46,71.47,Approved
28,Female,No,4,Not Graduate,Government,241726,10285,57768,1231960,696,0,Education,4693374,60,Semiurban,0.28,5.1,72.35,Approved
43,Male,No,1,Graduate,Government,56957,29724,802,465401,732,0,Personal,3496951,180,Urban,0.54,8.17,65.08,Rejected
56,Male,No,2,Not Graduate,Government,249754,146850,45971,168076,811,0,Vehicle,419950,300,Urban,0.77,0.67,54.22,Rejected
38,Female,No,2,Not Graduate,Business,27821,11618,94,1248625,640,0,Education,1204804,240,Semiurban,0.42,44.88,66.93,Rejected
42,Female,No,4,Graduate,Business,169814,90702,2662,1031547,564,0,Vehicle,755771,180,Urban,0.55,6.07,57.51,Rejected
60,Male,No,4,Not Graduate,Self Employed,245285,121146,59487,914037,483,1,Home,4576614,180,Semiurban,0.74,3.73,46.64,Rejected
46,Female,Yes,4,Not Graduate,Private,31769,6568,3200,609137,807,0,Education,1135680,240,Semiurban,0.31,19.17,77.91,Rejected
45,Female,Yes,1,Not Graduate,Private,179580,63456,25433,187843,423,1,Education,1250124,300,Semiurban,0.49,1.05,43.23,Rejected
48,Male,Yes,2,Graduate,Business,231789,109863,57418,1160060,722,1,Personal,1148038,240,Semiurban,0.72,5.0,59.72,Approved
45,Male,No,3,Not Graduate,Government,61454,7061,14693,773201,809,0,Home,827602,120,Semiurban,0.35,12.58,77.79,Approved
30,Female,Yes,1,Not Graduate,Private,109540,59250,24339,828472,334,0,Vehicle,4482884,300,Semiurban,0.76,7.56,41.46,Rejected
59,Female,Yes,3,Graduate,Government,114887,67638,27827,128626,647,0,Personal,3119735,120,Semiurban,0.83,1.12,40.66,Rejected
33,Male,Yes,0,Not Graduate,Business,128451,7183,10793,1294756,535,1,Home,2131724,120,Urban,0.14,10.08,74.72,Approved
28,Male,Yes,1,Not Graduate,Business,215079,34651,47548,238595,583,0,Vehicle,359785,300,Semiurban,0.38,1.11,55.27,Rejected
53,Male,No,1,Not Graduate,Self Employed,175121,104884,35651,326943,611,0,Home,910917,60,Semiurban,0.8,1.87,43.82,Rejected
54,Male,Yes,0,Graduate,Self Employed,183239,79167,44659,1094321,382,0,Personal,457645,300,Semiurban,0.68,5.97,45.98,Rejected
30,Female,Yes,3,Not Graduate,Self Employed,156136,85812,28522,465175,640,1,Education,3888786,180,Semiurban,0.73,2.98,48.68,Approved
29,Female,Yes,2,Graduate,Private,216342,104247,32374,1323794,452,1,Vehicle,2578226,120,Urban,0.63,6.12,52.04,Approved
41,Male,No,0,Graduate,Self Employed,157989,94071,36510,401257,866,0,Vehicle,486399,120,Semiurban,0.83,2.54,55.09,Rejected
42,Female,Yes,4,Graduate,Self Employed,61638,5233,4292,935642,706,1,Education,3285078,240,Rural,0.15,15.18,79.21,Approved
23,Male,No,2,Not Graduate,Self Employed,40717,9239,911,1322332,783,1,Home,706120,120,Rural,0.25,32.48,78.95,Approved
45,Female,Yes,0,Not Graduate,Private,123843,21828,3122,1387130,335,1,Vehicle,789539,180,Semiurban,0.2,11.2,63.8,Approved
35,Male,Yes,0,Not Graduate,Government,92709,23753,11648,308501,691,1,Vehicle,3970175,180,Semiurban,0.38,3.33,59.62,Approved
34,Male,Yes,4,Not Graduate,Government,232539,37107,44795,770059,532,0,Home,2420519,300,Semiurban,0.35,3.31,59.0,Rejected
31,Female,No,0,Graduate,Government,216609,10991,48910,442059,609,0,Vehicle,2629399,300,Rural,0.28,2.04,61.52,Approved
52,Female,No,4,Not Graduate,Government,212325,74557,34307,1072392,394,1,Education,550362,120,Urban,0.51,5.05,50.72,Approved
44,Male,No,4,Not Graduate,Private,139627,62292,14391,1089968,430,1,Vehicle,4993674,60,Urban,0.55,7.81,53.83,Approved
34,Male,Yes,1,Graduate,Private,248312,89277,17304,1177584,341,1,Personal,2531335,240,Urban,0.43,4.74,51.7,Approved
28,Female,Yes,3,Not Graduate,Business,140542,66813,32530,546531,306,1,Personal,1955392,240,Semiurban,0.71,3.89,35.79,Rejected
47,Female,No,0,Graduate,Self Employed,118992,23251,5310,1162645,458,0,Home,4619497,120,Urban,0.24,9.77,67.46,Rejected
58,Male,No,4,Graduate,Self Employed,165646,39287,28859,290312,736,1,Home,1827973,120,Urban,0.41,1.75,60.5,Approved
40,Female,No,4,Graduate,Government,125459,57545,21631,842763,333,1,Vehicle,2042911,60,Urban,0.63,6.72,44.32,Approved
33,Female,No,1,Not Graduate,Business,171592,78717,6001,245856,833,1,Education,3048462,60,Urban,0.49,1.43,61.94,Approved
37,Male,Yes,0,Not Graduate,Private,142600,78050,5789,1003713,319,1,Home,3256337,180,Rural,0.59,7.04,46.32,Approved
54,Male,Yes,3,Not Graduate,Business,114746,53372,26878,1168644,681,1,Home,714478,300,Urban,0.7,10.18,63.88,Approved
52,Male,Yes,1,Not Graduate,Private,200708,56626,22049,1218380,808,0,Education,3453338,240,Semiurban,0.39,6.07,74.32,Approved
54,Female,No,3,Not Graduate,Private,114602,56662,18317,901594,373,0,Vehicle,849092,240,Semiurban,0.65,7.87,47.27,Rejected
59,Male,No,1,Graduate,Business,66964,33334,16101,283211,496,0,Personal,4210489,240,Urban,0.74,4.23,41.03,Rejected
44,Male,Yes,0,Graduate,Government,78705,44963,3482,711103,615,0,Vehicle,2474469,120,Rural,0.62,9.04,60.09,Rejected
33,Female,No,3,Graduate,Government,88563,43340,19782,36772,389,0,Education,915782,240,Semiurban,0.71,0.42,30.28,Rejected
50,Male,No,4,Graduate,Business,146145,34382,34754,1397225,327,1,Education,4900765,240,Semiurban,0.47,9.56,55.31,Approved
35,Female,No,1,Graduate,Self Employed,50977,6476,2969,416158,769,0,Education,2663161,120,Rural,0.19,8.16,76.99,Approved
32,Male,No,4,Not Graduate,Self Employed,61479,34353,4373,771417,780,0,Vehicle,3135936,240,Rural,0.63,12.55,68.23,Rejected
33,Male,No,3,Graduate,Government,50312,27324,5499,656456,398,1,Education,1824714,120,Rural,0.65,13.05,50.13,Rejected
47,Male,No,4,Not Graduate,Self Employed,153270,77328,35129,1353961,863,1,Personal,393042,300,Semiurban,0.73,8.83,70.14,Approved
59,Female,Yes,2,Not Graduate,Self Employed,245966,81898,54347,455724,499,1,Vehicle,2377858,240,Urban,0.55,1.85,49.1,Rejected
31,Female,Yes,1,Not Graduate,Self Employed,240111,134183,43113,899815,659,1,Vehicle,2908327,300,Semiurban,0.74,3.75,54.24,Approved
45,Female,No,4,Not Graduate,Self Employed,215187,15263,22863,751517,544,1,Education,2220150,180,Rural,0.18,3.49,64.45,Approved
23,Male,No,0,Not Graduate,Private,136046,69900,11118,1269372,305,1,Education,2740906,120,Rural,0.6,9.33,49.79,Approved
60,Female,No,0,Graduate,Self Employed,230955,96592,18327,1171750,333,1,Personal,3242351,120,Rural,0.5,5.07,49.26,Approved
34,Male,No,3,Graduate,Private,209167,84582,7921,529411,716,1,Vehicle,4502858,60,Rural,0.44,2.53,61.98,Approved
38,Male,No,1,Not Graduate,Private,34512,18155,4502,193209,660,0,Education,1932268,120,Rural,0.66,5.6,52.22,Rejected
37,Male,No,0,Graduate,Private,126852,52312,16925,493311,845,1,Education,1827847,120,Semiurban,0.55,3.89,64.03,Approved
46,Female,No,3,Not Graduate,Self Employed,246431,118215,48861,88313,553,0,Home,4174283,120,Rural,0.68,0.36,44.81,Rejected
60,Female,No,0,Not Graduate,Private,225143,12036,46446,1217049,590,0,Personal,844807,60,Urban,0.26,5.41,68.25,Approved
52,Female,Yes,3,Graduate,Business,50142,17836,4899,1095796,568,1,Education,4846118,240,Urban,0.45,21.85,63.65,Rejected
54,Male,Yes,0,Not Graduate,Government,89097,21489,7043,684091,757,1,Vehicle,4068301,300,Rural,0.32,7.68,72.96,Approved
34,Female,Yes,2,Graduate,Self Employed,28311,8042,6230,990087,329,1,Education,2902802,240,Semiurban,0.5,34.97,50.63,Rejected
24,Female,Yes,4,Graduate,Private,177211,28898,15673,847029,397,0,Personal,1168507,120,Semiurban,0.25,4.78,56.75,Rejected
50,Female,No,4,Not Graduate,Government,203470,101523,13572,531059,810,1,Education,175342,180,Rural,0.57,2.61,62.39,Approved
53,Male,No,4,Graduate,Government,184618,110204,26506,1354651,672,0,Personal,3684584,180,Urban,0.74,7.34,59.71,Rejected
52,Male,No,4,Graduate,Business,135701,74587,17622,1084350,500,0,Home,2233266,300,Semiurban,0.68,7.99,53.25,Rejected
50,Male,No,2,Not Graduate,Government,247534,81298,57517,560125,432,1,Home,4412354,60,Rural,0.56,2.26,46.8,Approved
21,Male,Yes,3,Graduate,Self Employed,230655,72195,16102,183449,738,1,Vehicle,4315911,180,Semiurban,0.38,0.8,62.13,Approved
38,Male,No,4,Graduate,Government,72403,17202,1103,977138,680,1,Personal,2971235,120,Semiurban,0.25,13.5,75.53,Approved
60,Male,Yes,2,Graduate,Private,238472,14899,58912,283318,711,1,Home,1936642,60,Rural,0.31,1.19,64.23,Approved
31,Male,No,3,Not Graduate,Business,20843,7005,240,933096,420,1,Vehicle,604334,120,Rural,0.35,44.77,59.07,Rejected
50,Male,Yes,0,Graduate,Private,247116,98659,14090,205911,871,1,Personal,284479,180,Urban,0.46,0.83,66.57,Approved
33,Male,Yes,0,Not Graduate,Private,231746,19540,19723,1118020,427,0,Home,569055,180,Semiurban,0.17,4.82,62.81,Rejected
54,Female,No,1,Not Graduate,Self Employed,218308,113076,31812,1268297,757,0,Home,2372434,180,Rural,0.66,5.81,64.09,Approved
41,Male,Yes,2,Graduate,Private,147407,24049,12307,1090494,441,1,Vehicle,1203136,300,Semiurban,0.25,7.4,62.89,Approved
27,Female,Yes,2,Not Graduate,Self Employed,199715,59893,34594,1112994,381,1,Vehicle,444089,120,Urban,0.47,5.57,51.87,Approved
53,Male,No,4,Not Graduate,Business,88629,37886,14859,823025,405,1,Personal,2567686,300,Rural,0.6,9.29,52.26,Approved
39,Male,No,0,Graduate,Business,95525,31687,23325,619182,342,0,Vehicle,324497,240,Semiurban,0.58,6.48,44.71,Rejected
59,Female,No,2,Graduate,Business,245690,92199,33312,1081182,379,0,Home,1379626,240,Semiurban,0.51,4.4,50.15,Rejected
42,Female,No,3,Not Graduate,Self Employed,91174,29386,18822,387318,678,1,Personal,1158567,120,Rural,0.53,4.25,56.41,Approved
49,Male,No,4,Graduate,Self Employed,176273,66595,40350,90818,317,1,Personal,2490944,180,Semiurban,0.61,0.52,33.97,Rejected
59,Female,No,4,Not Graduate,Self Employed,89507,52161,3457,925148,736,0,Home,4828153,180,Semiurban,0.62,10.34,67.65,Rejected
52,Male,Yes,2,Not Graduate,Private,110048,64089,978,363906,761,1,Education,2310460,300,Rural,0.59,3.31,57.1,Approved
22,Female,No,0,Graduate,Private,148665,24336,31632,843200,669,0,Personal,2474200,180,Urban,0.38,5.67,65.73,Approved
33,Female,Yes,3,Graduate,Government,108862,23541,11945,715460,869,0,Vehicle,3062790,180,Rural,0.33,6.57,76.34,Approved
42,Female,No,1,Graduate,Self Employed,166340,91974,14069,436848,681,1,Education,3579269,300,Urban,0.64,2.63,53.05,Approved
56,Female,Yes,2,Graduate,Government,151790,59706,3330,625940,505,0,Education,844861,180,Semiurban,0.42,4.12,54.3,Rejected
51,Female,Yes,0,Not Graduate,Private,78475,30622,18218,814709,347,0,Personal,3625178,60,Rural,0.62,10.38,49.89,Rejected
57,Female,Yes,0,Graduate,Business,117466,56777,24984,1167350,501,0,Personal,1006195,180,Urban,0.7,9.94,55.96,Rejected
32,Male,Yes,3,Not Graduate,Government,28645,15012,5801,408164,543,0,Education,2138379,240,Rural,0.73,14.25,53.48,Rejected
23,Male,Yes,1,Not Graduate,Private,191673,13229,36673,1126305,516,1,Vehicle,3873151,300,Urban,0.26,5.88,64.54,Approved
47,Female,No,3,Graduate,Business,241072,40419,48440,26571,856,0,Vehicle,4399191,60,Urban,0.37,0.11,66.85,Approved
39,Male,No,3,Not Graduate,Self Employed,92900,14758,13534,653729,581,0,Vehicle,3984764,300,Urban,0.3,7.04,64.48,Rejected
31,Female,No,3,Graduate,Self Employed,175682,90354,21447,1096918,395,1,Education,2636318,180,Rural,0.64,6.24,47.98,Approved
57,Male,No,3,Not Graduate,Government,100204,21858,12583,1288968,522,1,Home,870505,180,Semiurban,0.34,12.86,66.9,Approved
48,Female,No,1,Graduate,Business,22683,7500,5133,804515,897,0,Education,2350403,300,Semiurban,0.56,35.47,74.07,Rejected
45,Female,Yes,0,Graduate,Private,171136,24122,15924,1404583,439,1,Education,4799171,240,Urban,0.23,8.21,65.75,Approved
32,Male,Yes,3,Graduate,Private,147394,78137,17684,121639,696,0,Home,4417458,240,Semiurban,0.65,0.83,48.98,Rejected
40,Female,No,4,Graduate,Government,89598,26607,10743,1234991,694,1,Education,3450363,180,Semiurban,0.42,13.78,71.92,Approved
53,Female,Yes,0,Not Graduate,Business,37590,9317,6481,1346308,790,1,Vehicle,2242855,300,Semiurban,0.42,35.82,74.01,Approved
34,Female,Yes,1,Not Graduate,Government,116375,31940,3518,545528,744,1,Home,2208144,180,Urban,0.3,4.69,67.96,Approved
23,Male,No,1,Graduate,Self Employed,136149,37775,29878,219195,677,0,Personal,2193463,180,Urban,0.5,1.61,53.85,Rejected
57,Male,No,0,Not Graduate,Self Employed,118059,18275,7714,479338,624,1,Personal,4658562,60,Rural,0.22,4.06,63.97,Approved
37,Male,Yes,1,Not Graduate,Self Employed,127677,31845,6100,1037538,348,1,Home,1838180,120,Rural,0.3,8.13,57.91,Approved
27,Male,No,0,Graduate,Self Employed,31329,5625,2978,326882,429,0,Vehicle,3032420,240,Rural,0.27,10.43,62.08,Rejected
39,Female,No,4,Graduate,Business,242100,39787,31003,49731,484,1,Education,902643,60,Semiurban,0.29,0.21,52.83,Approved
34,Female,Yes,0,Not Graduate,Government,184498,68436,31400,778145,426,0,Personal,3691219,60,Urban,0.54,4.22,48.51,Rejected
59,Male,Yes,0,Not Graduate,Self Employed,95366,27226,6591,974483,412,1,Education,2106611,120,Urban,0.35,10.22,61.49,Approved
39,Male,Yes,4,Graduate,Self Employed,93925,21312,2850,386680,723,1,Education,3047673,240,Urban,0.26,4.12,66.41,Approved
32,Male,Yes,3,Graduate,Self Employed,113271,27266,16717,56495,728,0,Vehicle,3905820,180,Semiurban,0.39,0.5,56.23,Rejected
42,Male,No,3,Graduate,Government,196803,36713,26554,1329227,784,0,Home,3914254,180,Urban,0.32,6.75,76.58,Approved
21,Male,No,3,Not Graduate,Government,131743,5359,20919,979639,377,0,Home,798176,300,Urban,0.2,7.44,60.91,Approved
45,Female,Yes,1,Graduate,Business,229567,54184,37640,491582,536,0,Vehicle,2387098,300,Semiurban,0.4,2.14,55.29,Rejected
58,Female,Yes,3,Not Graduate,Self Employed,234355,19697,28990,1229874,603,0,Home,1008259,300,Urban,0.21,5.25,70.44,Approved
23,Male,No,1,Not Graduate,Business,128072,74248,25694,711136,638,0,Personal,1296924,60,Semiurban,0.78,5.55,51.17,Rejected
25,Male,No,2,Graduate,Business,45828,6635,9941,474220,494,1,Education,3162049,120,Urban,0.36,10.35,62.94,Rejected
47,Male,Yes,0,Not Graduate,Self Employed,205773,106219,24137,1477802,609,0,Education,544052,60,Rural,0.63,7.18,60.66,Rejected
55,Female,Yes,3,Not Graduate,Private,138184,63847,2163,1351731,450,0,Education,189959,180,Semiurban,0.48,9.78,60.76,Rejected
24,Male,Yes,2,Graduate,Private,246127,60618,60321,1326143,878,1,Personal,3867162,300,Semiurban,0.49,5.39,74.9,Approved
45,Male,No,3,Not Graduate,Business,29649,10809,4950,207958,805,0,Home,356075,60,Urban,0.53,7.01,65.05,Rejected
43,Female,Yes,3,Graduate,Private,208081,90257,4825,1033674,516,1,Vehicle,4290677,60,Rural,0.46,4.97,57.48,Approved
59,Female,No,0,Not Graduate,Business,204603,99027,41253,630789,663,0,Vehicle,4889340,120,Semiurban,0.69,3.08,53.25,Rejected
50,Male,No,3,Not Graduate,Government,171138,39204,25687,387333,312,1,Vehicle,3668334,120,Rural,0.38,2.26,43.86,Approved
32,Female,Yes,4,Graduate,Self Employed,26833,7108,5173,1389187,692,0,Personal,4806957,240,Rural,0.46,51.77,68.1,Rejected
22,Male,Yes,4,Graduate,Self Employed,239791,5846,38511,1371792,369,1,Personal,4761945,60,Rural,0.18,5.72,61.88,Approved
50,Male,Yes,1,Graduate,Self Employed,200956,58243,43697,362507,840,0,Vehicle,4494647,240,Semiurban,0.51,1.8,63.76,Rejected
52,Female,Yes,0,Not Graduate,Self Employed,55161,27860,6319,1072250,432,0,Personal,4824196,180,Semiurban,0.62,19.44,52.82,Rejected
59,Female,No,3,Graduate,Self Employed,137859,31513,20836,1257021,670,1,Personal,1502899,120,Urban,0.38,9.12,72.14,Approved
43,Male,Yes,2,Not Graduate,Private,244259,125471,52237,602045,843,0,Vehicle,476512,60,Semiurban,0.73,2.46,60.34,Rejected
43,Male,No,3,Not Graduate,Self Employed,187500,66981,12395,771488,854,0,Home,1047960,240,Rural,0.42,4.11,70.98,Approved
52,Female,No,2,Not Graduate,Self Employed,179177,36294,24498,1298110,641,1,Home,4605076,120,Semiurban,0.34,7.24,69.97,Approved
45,Female,Yes,1,Not Graduate,Private,222642,9731,55204,178304,504,0,Education,2232155,240,Rural,0.29,0.8,54.16,Rejected
57,Male,Yes,3,Not Graduate,Government,171343,16671,37263,891283,899,0,Home,3200101,120,Rural,0.31,5.2,77.77,Approved
23,Male,Yes,1,Not Graduate,Private,30382,10258,5254,834841,843,0,Education,3236593,120,Urban,0.51,27.48,73.36,Rejected
42,Female,Yes,3,Graduate,Government,55586,24602,11067,590419,862,1,Vehicle,4126988,300,Urban,0.64,10.62,71.28,Approved
28,Male,Yes,3,Graduate,Business,215561,53285,8009,958033,536,0,Home,1252971,300,Urban,0.28,4.44,62.8,Rejected
26,Female,No,4,Not Graduate,Business,22116,9002,4650,1375293,583,1,Vehicle,565407,180,Semiurban,0.62,62.19,58.28,Rejected
51,Female,No,4,Graduate,Self Employed,98815,18358,2430,273274,608,0,Vehicle,2778187,120,Semiurban,0.21,2.77,60.19,Rejected
36,Male,Yes,2,Not Graduate,Business,28298,14627,1152,973488,461,0,Vehicle,4424908,60,Rural,0.56,34.4,54.89,Rejected
33,Female,No,3,Not Graduate,Self Employed,68877,21815,6457,428313,890,0,Education,4594959,240,Semiurban,0.41,6.22,72.43,Rejected
21,Female,No,0,Not Graduate,Business,79724,42959,8932,567889,408,0,Personal,231210,180,Urban,0.65,7.12,46.04,Rejected
52,Female,No,4,Graduate,Business,92982,43308,4923,250610,301,0,Personal,4335659,300,Rural,0.52,2.7,36.93,Rejected
60,Female,Yes,1,Graduate,Private,116917,34379,10517,450689,841,1,Personal,945114,60,Semiurban,0.38,3.85,68.24,Approved
52,Male,Yes,2,Not Graduate,Business,123709,11974,21070,204004,721,1,Home,3324146,120,Semiurban,0.27,1.65,62.28,Approved
42,Female,No,3,Graduate,Government,66627,13089,7553,726560,556,1,Home,1308681,120,Rural,0.31,10.9,68.08,Approved
39,Male,No,0,Not Graduate,Private,194694,43679,15012,589222,694,1,Personal,2956496,180,Semiurban,0.3,3.03,65.64,Approved
24,Male,No,0,Graduate,Government,33492,12233,5856,237238,700,0,Vehicle,1219557,60,Semiurban,0.54,7.08,60.41,Rejected
26,Male,Yes,1,Graduate,Business,185965,18984,31955,718740,708,0,Education,4416738,60,Rural,0.27,3.86,68.42,Approved
42,Female,No,0,Not Graduate,Business,51941,11283,3577,1423714,501,1,Education,3117017,60,Urban,0.29,27.41,65.76,Approved
54,Female,Yes,2,Not Graduate,Business,164683,20279,28786,1366431,401,1,Education,4703703,120,Rural,0.3,8.3,62.07,Approved
24,Female,Yes,2,Graduate,Private,42451,24165,1902,1358730,405,1,Home,4885104,300,Rural,0.61,32.01,51.28,Rejected
38,Male,No,0,Not Graduate,Government,216891,16021,14181,1086320,670,1,Home,4969484,60,Semiurban,0.14,5.01,74.29,Approved
31,Female,No,1,Graduate,Government,237277,47543,53791,74023,410,1,Vehicle,460361,120,Urban,0.43,0.31,45.53,Rejected
60,Female,No,3,Not Graduate,Self Employed,115417,45910,9741,1150345,375,0,Education,1665463,300,Urban,0.48,9.97,56.75,Rejected
36,Female,No,2,Graduate,Self Employed,101833,22898,22736,1350634,890,0,Vehicle,1705485,120,Rural,0.45,13.26,80.19,Approved
28,Male,Yes,0,Graduate,Government,155628,46241,9004,466609,404,1,Education,4576331,120,Urban,0.35,3.0,49.53,Approved
39,Male,No,0,Graduate,Private,210454,119915,48154,538058,704,0,Education,4098124,60,Rural,0.8,2.56,50.86,Rejected
36,Male,Yes,1,Not Graduate,Private,238898,71358,10415,516968,849,1,Education,430129,240,Semiurban,0.34,2.16,71.35,Approved
45,Male,No,1,Graduate,Self Employed,187717,97547,27958,1495472,704,1,Vehicle,534605,300,Rural,0.67,7.97,64.67,Approved
52,Female,Yes,0,Graduate,Self Employed,190469,49307,11696,622604,353,0,Home,1934277,60,Semiurban,0.32,3.27,50.24,Rejected
25,Male,No,1,Not Graduate,Self Employed,230849,41062,22587,589882,487,1,Vehicle,2527157,60,Semiurban,0.28,2.56,57.72,Approved
55,Male,Yes,3,Not Graduate,Private,172287,77208,20910,1476572,489,0,Personal,4724907,120,Rural,0.57,8.57,58.68,Rejected
57,Male,No,1,Graduate,Self Employed,163990,90316,27949,1092073,321,1,Personal,2400132,120,Rural,0.72,6.66,42.51,Approved
35,Female,No,1,Graduate,Business,171732,35836,4638,179121,736,0,Personal,1703643,180,Urban,0.24,1.04,64.6,Approved
40,Female,Yes,2,Graduate,Self Employed,244047,5864,32480,1015555,683,0,Vehicle,4850824,180,Rural,0.16,4.16,73.73,Approved
57,Female,Yes,2,Not Graduate,Self Employed,152269,59545,27171,272659,372,0,Personal,2829275,300,Semiurban,0.57,1.79,39.12,Rejected
25,Female,No,2,Not Graduate,Private,62698,34498,6074,1232008,640,1,Personal,1745379,120,Rural,0.65,19.65,61.54,Rejected
23,Female,Yes,2,Not Graduate,Government,172524,59194,13642,1392960,662,0,Personal,317346,300,Semiurban,0.42,8.07,69.81,Approved
52,Female,No,0,Graduate,Self Employed,80130,31339,11648,1279628,310,1,Personal,2212325,60,Semiurban,0.54,15.97,50.89,Approved
36,Female,Yes,1,Graduate,Business,55208,18756,11502,1031028,814,1,Personal,1767001,120,Urban,0.55,18.68,71.94,Approved
55,Male,Yes,4,Graduate,Self Employed,36548,12538,5788,654260,753,1,Home,1106676,60,Urban,0.5,17.9,69.89,Approved
49,Female,No,1,Not Graduate,Private,38436,7873,5010,1281556,510,0,Personal,235466,300,Rural,0.34,33.34,64.15,Rejected
46,Male,Yes,0,Not Graduate,Business,224857,132281,38106,554034,326,0,Home,4567329,60,Rural,0.76,2.46,35.68,Rejected
22,Male,No,2,Not Graduate,Government,197605,9906,2918,280509,369,0,Vehicle,735879,180,Urban,0.06,1.42,55.2,Rejected
55,Male,No,0,Graduate,Business,130796,13215,13913,1340448,863,1,Education,1706922,120,Urban,0.21,10.25,87.37,Approved
39,Female,Yes,1,Graduate,Government,93427,17301,21110,663027,807,1,Home,1819084,180,Semiurban,0.41,7.1,71.46,Approved
29,Male,Yes,3,Not Graduate,Government,248272,16792,52742,53643,601,1,Personal,650592,60,Rural,0.28,0.22,58.67,Approved
39,Male,Yes,0,Graduate,Business,116046,26886,24418,964655,884,1,Home,496991,240,Urban,0.44,8.31,77.29,Approved
29,Male,No,3,Not Graduate,Private,192211,16152,32055,802247,378,1,Education,4219700,240,Semiurban,0.25,4.17,55.31,Approved
49,Female,Yes,1,Not Graduate,Self Employed,192040,15021,8440,456867,849,0,Home,3929160,120,Urban,0.12,2.38,76.51,Approved
38,Female,Yes,0,Not Graduate,Business,50647,24232,4143,679170,649,1,Personal,3927260,120,Semiurban,0.56,13.41,64.06,Approved
28,Male,No,4,Not Graduate,Business,210818,93779,2624,530041,409,1,Education,2775951,300,Semiurban,0.46,2.51,47.92,Approved
60,Male,Yes,4,Not Graduate,Private,193454,56288,47205,304039,333,1,Vehicle,2664116,300,Urban,0.53,1.57,39.63,Rejected
36,Male,No,0,Not Graduate,Business,28151,11726,1866,1093309,621,1,Education,170742,120,Urban,0.48,38.84,64.24,Approved
50,Male,No,1,Not Graduate,Business,68735,8615,11349,762964,656,1,Home,2781087,180,Semiurban,0.29,11.1,73.19,Approved
23,Female,No,3,Not Graduate,Private,188911,98822,8875,231990,332,0,Education,1273047,60,Semiurban,0.57,1.23,37.67,Rejected
22,Female,No,0,Graduate,Private,97344,31380,3461,1453013,754,1,Education,4608162,60,Semiurban,0.36,14.93,76.67,Approved
27,Male,No,4,Not Graduate,Self Employed,146740,15724,34197,887529,563,1,Home,3735653,120,Semiurban,0.34,6.05,62.78,Approved
40,Female,Yes,2,Not Graduate,Self Employed,41538,8767,256,256353,814,1,Education,215592,120,Urban,0.22,6.17,73.67,Approved
31,Female,No,0,Not Graduate,Business,78754,6910,15190,522279,437,1,Education,3649594,300,Rural,0.28,6.63,57.42,Approved
60,Female,No,4,Graduate,Private,187532,106685,3738,556899,533,0,Education,3810369,300,Rural,0.59,2.97,49.46,Rejected
53,Male,No,3,Graduate,Business,142451,7927,18514,1116030,424,0,Home,596503,60,Rural,0.19,7.83,64.64,Approved
48,Female,Yes,1,Graduate,Government,233403,74281,23414,1455650,688,1,Personal,4379067,60,Urban,0.42,6.24,69.83,Approved
50,Female,Yes,3,Graduate,Government,84416,22775,7930,975306,577,0,Home,3070403,240,Rural,0.36,11.55,68.11,Rejected
51,Female,Yes,2,Graduate,Self Employed,56194,15328,1497,1371898,458,0,Personal,712699,180,Semiurban,0.3,24.41,63.62,Rejected
27,Male,Yes,4,Graduate,Private,27279,11212,94,1035088,404,0,Education,4991041,120,Urban,0.41,37.94,56.61,Rejected
23,Female,Yes,1,Graduate,Business,89410,15744,21192,898839,748,0,Vehicle,1779117,300,Semiurban,0.41,10.05,74.43,Approved
29,Female,No,0,Graduate,Self Employed,48486,27459,5122,1411055,884,1,Vehicle,1288406,240,Rural,0.67,29.1,71.07,Rejected
26,Female,No,2,Graduate,Self Employed,220065,106446,20757,1132637,457,1,Home,3193248,60,Rural,0.58,5.15,52.07,Approved
27,Female,No,0,Graduate,Private,55013,11384,5690,1174255,679,0,Vehicle,4388055,60,Rural,0.31,21.35,73.07,Rejected
34,Female,Yes,4,Graduate,Business,27344,13123,2589,105569,809,0,Education,1876863,180,Semiurban,0.57,3.86,57.53,Rejected
39,Male,No,1,Not Graduate,Self Employed,149064,69049,31616,540814,592,1,Education,2319150,300,Urban,0.68,3.63,49.27,Rejected
23,Female,No,2,Graduate,Government,133969,6141,25331,1201811,844,0,Education,2596880,300,Semiurban,0.23,8.97,83.76,Approved
29,Female,No,2,Graduate,Self Employed,141277,82816,14933,1189589,660,1,Education,273624,300,Urban,0.69,8.42,61.07,Approved
29,Male,Yes,2,Graduate,Self Employed,61198,33170,5905,541169,662,0,Education,465100,60,Semiurban,0.64,8.84,60.4,Rejected
24,Male,Yes,2,Not Graduate,Government,135437,78880,9392,842860,439,1,Personal,4100729,180,Urban,0.65,6.22,47.82,Rejected
28,Female,Yes,1,Graduate,Business,35392,15634,3786,1436896,898,1,Home,4365737,300,Semiurban,0.55,40.6,74.87,Approved
38,Male,No,4,Not Graduate,Private,199746,36823,28008,200432,811,1,Education,2302541,180,Semiurban,0.32,1.0,66.3,Approved
59,Female,No,3,Graduate,Private,137604,30302,7156,1043920,594,0,Education,993138,300,Urban,0.27,7.59,68.91,Approved
29,Male,No,0,Graduate,Private,177208,32350,25830,1405991,432,1,Education,958675,240,Semiurban,0.33,7.93,62.31,Approved
38,Male,No,0,Not Graduate,Self Employed,108173,48501,12012,218245,382,0,Education,2041176,300,Urban,0.56,2.02,38.56,Rejected
28,Male,No,0,Graduate,Private,159433,84049,10612,89400,788,1,Vehicle,3090598,120,Rural,0.59,0.56,54.71,Approved
29,Female,No,3,Not Graduate,Business,67857,18518,6887,677619,571,0,Home,3931971,120,Rural,0.37,9.99,66.83,Rejected
29,Female,Yes,4,Not Graduate,Private,40922,16295,1961,96118,312,0,Education,111871,240,Semiurban,0.45,2.35,36.82,Rejected
31,Male,No,1,Not Graduate,Self Employed,249954,105311,51778,729881,521,1,Personal,3129899,180,Semiurban,0.63,2.92,50.14,Rejected
36,Male,Yes,2,Graduate,Government,166883,79421,36662,417991,367,1,Home,354352,300,Semiurban,0.7,2.5,37.13,Rejected
24,Female,Yes,1,Not Graduate,Self Employed,242820,64699,6910,283004,787,0,Vehicle,818358,180,Rural,0.29,1.17,68.17,Approved
42,Male,Yes,3,Not Graduate,Government,157752,24579,26999,1151082,318,0,Personal,4060000,120,Urban,0.33,7.3,55.23,Rejected
22,Female,Yes,1,Graduate,Business,111008,16795,8038,1260340,631,1,Personal,1202304,120,Urban,0.22,11.35,75.77,Approved
25,Female,No,2,Graduate,Self Employed,114575,34194,25872,1312446,330,0,Home,1749302,60,Rural,0.52,11.45,53.52,Rejected
54,Male,No,0,Not Graduate,Government,141859,49069,772,365047,586,0,Home,301483,60,Semiurban,0.35,2.57,56.33,Rejected
53,Female,No,2,Not Graduate,Business,109305,49746,17734,719014,305,1,Personal,2647291,180,Urban,0.62,6.58,42.56,Approved
39,Female,Yes,1,Not Graduate,Self Employed,183060,43177,44378,834906,431,1,Home,4308606,240,Semiurban,0.48,4.56,51.25,Approved
27,Male,No,1,Graduate,Business,227940,64235,42683,1170652,576,1,Personal,2274749,240,Urban,0.47,5.14,60.92,Approved
27,Female,No,2,Graduate,Business,178537,31370,37617,610908,409,1,Education,3867596,180,Urban,0.39,3.42,50.57,Approved
49,Female,No,4,Not Graduate,Self Employed,90971,45671,2469,190445,355,1,Education,3939719,120,Semiurban,0.53,2.09,37.73,Rejected
39,Male,No,4,Graduate,Self Employed,161026,85104,20776,464298,765,1,Personal,708000,120,Semiurban,0.66,2.88,56.48,Approved
57,Male,Yes,3,Not Graduate,Business,197153,92817,39166,1103742,450,1,Home,3778738,300,Urban,0.67,5.6,49.0,Approved
38,Female,Yes,2,Graduate,Self Employed,184696,82225,13166,825746,652,0,Education,3231214,240,Rural,0.52,4.47,59.81,Rejected
32,Female,Yes,0,Graduate,Private,143108,32307,22432,1050850,420,0,Vehicle,3366458,240,Urban,0.38,7.34,57.6,Approved
25,Male,Yes,0,Graduate,Business,140018,71315,22867,1240981,417,1,Home,1290020,180,Urban,0.67,8.86,51.68,Approved
42,Female,No,0,Graduate,Government,249497,92462,60088,1039922,850,0,Education,487366,120,Urban,0.61,4.17,67.75,Rejected
33,Female,Yes,1,Not Graduate,Business,191504,29778,8192,1243768,827,1,Education,4597179,180,Rural,0.2,6.49,81.46,Approved
59,Female,No,0,Not Graduate,Government,131723,10764,1631,1055890,578,1,Personal,2432003,120,Urban,0.09,8.02,74.17,Approved
49,Male,Yes,2,Graduate,Self Employed,100968,23593,6454,822686,873,1,Personal,3300896,120,Rural,0.3,8.15,80.21,Approved
50,Female,Yes,0,Not Graduate,Self Employed,205564,69198,19729,23026,632,1,Vehicle,4307668,240,Semiurban,0.43,0.11,53.56,Approved
28,Male,No,4,Not Graduate,Business,37581,13980,2790,1035576,818,1,Home,632843,180,Urban,0.45,27.56,74.47,Approved
59,Female,Yes,3,Graduate,Business,199843,79967,11273,182297,464,0,Home,1935450,300,Rural,0.46,0.91,46.74,Rejected
54,Male,Yes,2,Graduate,Government,140855,21111,13868,300690,306,1,Vehicle,4390406,180,Semiurban,0.25,2.13,46.05,Approved
47,Female,No,0,Not Graduate,Business,48957,29054,7612,1372946,688,1,Personal,2588907,180,Semiurban,0.75,28.04,60.07,Rejected
56,Male,Yes,0,Not Graduate,Business,117146,33847,21394,850269,803,1,Education,3224276,240,Rural,0.47,7.26,70.74,Approved
48,Female,No,2,Not Graduate,Self Employed,32286,14210,2890,273658,308,1,Home,3755674,180,Semiurban,0.53,8.48,46.04,Rejected
41,Male,Yes,3,Not Graduate,Government,95371,42566,20421,1136771,831,1,Home,4783457,300,Semiurban,0.66,11.92,70.93,Approved
30,Female,No,2,Not Graduate,Private,63676,5324,7063,171491,867,1,Personal,3574176,300,Urban,0.19,2.69,70.63,Approved
59,Female,Yes,4,Not Graduate,Business,29096,6010,3112,1014436,443,1,Education,3722136,120,Rural,0.31,34.87,61.45,Rejected
23,Male,Yes,0,Not Graduate,Private,34577,8178,1457,1150820,494,0,Home,266247,60,Urban,0.28,33.28,64.98,Rejected
28,Female,Yes,3,Not Graduate,Business,151535,74701,21193,729612,835,1,Vehicle,3216625,120,Rural,0.63,4.81,63.82,Approved
39,Female,Yes,4,Not Graduate,Government,110073,9903,9059,414451,721,1,Vehicle,3006167,240,Rural,0.17,3.77,68.81,Approved
54,Male,No,0,Not Graduate,Private,190437,70755,29902,196630,547,1,Vehicle,3433772,240,Rural,0.53,1.03,48.14,Rejected
48,Male,Yes,4,Not Graduate,Self Employed,194140,37812,4475,983026,846,0,Vehicle,3347016,60,Rural,0.22,5.06,78.96,Approved
28,Male,No,1,Not Graduate,Self Employed,178009,45176,41538,996766,731,0,Home,3399527,300,Semiurban,0.49,5.6,66.19,Approved
29,Female,No,0,Not Graduate,Self Employed,70132,33449,15774,1194029,349,0,Personal,1199882,240,Urban,0.7,17.03,47.26,Rejected
59,Male,No,1,Graduate,Private,161564,91561,29766,343123,403,0,Personal,3164614,60,Rural,0.75,2.12,36.09,Rejected
23,Female,No,3,Graduate,Business,233780,75952,27333,1454157,487,0,Personal,887274,240,Semiurban,0.44,6.22,60.18,Rejected
48,Female,Yes,1,Graduate,Business,29560,13551,1275,613872,493,0,Education,1175643,180,Urban,0.5,20.77,58.05,Rejected
55,Male,No,0,Graduate,Government,188612,69817,20570,667182,839,1,Personal,2395579,120,Urban,0.48,3.54,67.53,Approved
30,Female,No,1,Not Graduate,Government,147889,41702,24187,40372,517,0,Home,4424255,60,Rural,0.45,0.27,46.07,Rejected
57,Female,Yes,1,Not Graduate,Business,21024,7476,1656,190436,324,0,Education,4161902,60,Rural,0.43,9.06,50.33,Rejected
56,Male,Yes,2,Graduate,Private,218309,119012,32044,1005549,525,1,Education,3074591,180,Semiurban,0.69,4.61,50.52,Rejected
49,Female,Yes,3,Graduate,Self Employed,113576,36183,7380,717900,628,1,Personal,2516762,240,Urban,0.38,6.32,63.59,Approved
32,Female,No,3,Graduate,Business,199133,37383,38017,465408,890,0,Vehicle,1603507,240,Rural,0.38,2.34,70.84,Approved
24,Male,Yes,2,Graduate,Government,74445,21690,7293,1345021,555,0,Education,1422023,240,Rural,0.39,18.07,65.96,Rejected
55,Female,Yes,2,Not Graduate,Self Employed,69530,19104,2289,285979,344,0,Education,1038870,300,Urban,0.31,4.11,47.07,Rejected
30,Female,No,4,Graduate,Business,102590,35274,21887,193572,594,0,Personal,851386,240,Rural,0.56,1.89,47.56,Rejected
32,Male,Yes,3,Not Graduate,Government,32021,5063,5874,589036,557,0,Education,2207097,120,Semiurban,0.34,18.4,65.79,Rejected
38,Female,No,1,Graduate,Self Employed,174203,17177,16572,319024,460,0,Personal,3987184,120,Urban,0.19,1.83,55.26,Rejected
49,Female,Yes,2,Graduate,Self Employed,153329,11154,33244,945408,858,1,Education,992745,60,Rural,0.29,6.17,77.91,Approved
34,Male,No,1,Graduate,Government,31428,14633,355,135822,733,0,Home,2969797,300,Rural,0.48,4.32,58.17,Rejected
48,Female,No,2,Not Graduate,Self Employed,116908,41144,13539,262907,790,0,Vehicle,3979908,60,Urban,0.47,2.25,60.25,Rejected
39,Female,No,1,Graduate,Private,206577,42623,24808,751777,723,1,Personal,2903345,180,Rural,0.33,3.64,67.88,Approved
47,Male,No,0,Not Graduate,Business,149782,31740,20550,152574,827,1,Personal,4291766,240,Rural,0.35,1.02,64.31,Approved
45,Female,No,4,Not Graduate,Business,226849,112961,826,97608,534,0,Education,2740538,120,Urban,0.5,0.43,48.62,Rejected
57,Female,No,4,Not Graduate,Private,43140,5285,9239,345032,488,0,Vehicle,876627,180,Semiurban,0.34,8.0,59.31,Rejected
43,Female,No,1,Not Graduate,Private,80254,36763,12992,876569,346,1,Personal,2488573,120,Semiurban,0.62,10.92,49.99,Rejected
40,Male,Yes,1,Not Graduate,Government,162900,15155,14462,1030662,458,0,Home,1122233,60,Rural,0.18,6.33,64.07,Approved
33,Female,Yes,2,Graduate,Private,63567,29201,539,192345,612,1,Home,4772386,180,Urban,0.47,3.03,51.76,Rejected
50,Female,No,1,Graduate,Self Employed,161163,32842,19271,1056116,712,1,Personal,521925,240,Rural,0.32,6.55,71.5,Approved
30,Female,No,3,Not Graduate,Self Employed,118903,45449,22538,1188616,527,1,Personal,4840129,180,Urban,0.57,10.0,61.02,Approved
54,Female,Yes,2,Graduate,Business,107920,42963,5923,710863,737,0,Education,1646541,240,Semiurban,0.45,6.59,66.66,Approved
57,Male,Yes,1,Not Graduate,Self Employed,212520,111773,10409,1033078,550,1,Education,4632341,300,Rural,0.57,4.86,55.42,Approved
31,Female,Yes,2,Not Graduate,Private,70446,20791,8300,1348053,557,1,Education,3436632,60,Urban,0.41,19.14,65.18,Rejected
43,Male,No,4,Not Graduate,Government,163352,11317,24800,1086262,705,0,Education,4461685,300,Semiurban,0.22,6.65,74.53,Approved
60,Male,No,2,Not Graduate,Government,217633,37218,44576,1373170,668,0,Education,2817987,240,Urban,0.38,6.31,69.74,Approved
35,Female,No,0,Graduate,Private,247757,31606,35681,529200,857,0,Personal,3413852,300,Rural,0.27,2.14,74.12,Approved
33,Female,No,3,Graduate,Private,189188,108545,13335,1045908,805,0,Personal,863857,120,Urban,0.64,5.53,65.08,Approved
22,Male,No,1,Graduate,Business,67285,7036,193,1325298,456,0,Personal,3151879,120,Urban,0.11,19.7,69.73,Rejected
25,Male,Yes,3,Graduate,Government,96307,55333,159,1254968,866,0,Personal,1508963,240,Urban,0.58,13.03,75.06,Approved
32,Male,Yes,4,Not Graduate,Self Employed,69098,7291,3683,393637,656,0,Home,919426,240,Semiurban,0.16,5.7,68.55,Approved
41,Female,Yes,0,Graduate,Government,192007,81262,41867,176057,774,1,Vehicle,1883127,120,Semiurban,0.64,0.92,54.68,Approved
40,Male,No,1,Not Graduate,Government,117705,14532,10243,607013,804,1,Education,1066945,60,Semiurban,0.21,5.16,74.44,Approved
24,Female,Yes,1,Not Graduate,Private,159732,29428,2174,543757,354,0,Home,4459346,60,Rural,0.2,3.4,53.0,Rejected
33,Female,Yes,1,Graduate,Private,49689,17466,10912,1438712,312,0,Vehicle,1900991,120,Semiurban,0.57,28.95,48.72,Rejected
25,Male,Yes,2,Graduate,Self Employed,120763,25994,11827,319446,343,0,Personal,1947528,60,Urban,0.31,2.65,45.97,Rejected
48,Female,No,2,Graduate,Private,63900,30315,8095,1435294,327,0,Personal,3462920,240,Rural,0.6,22.46,49.06,Rejected
28,Male,No,3,Not Graduate,Private,176710,5925,11764,680792,398,1,Home,4354710,240,Semiurban,0.1,3.85,59.46,Approved
31,Female,No,1,Graduate,Private,64857,7673,10072,1212448,606,0,Education,2935422,120,Rural,0.27,18.69,71.32,Rejected
22,Female,Yes,2,Graduate,Government,179471,73407,18416,165734,362,1,Personal,3852716,180,Semiurban,0.51,0.92,39.77,Rejected
21,Female,No,1,Not Graduate,Self Employed,148290,63534,4081,497975,808,1,Education,3892357,300,Semiurban,0.46,3.36,64.88,Approved
24,Male,Yes,0,Not Graduate,Self Employed,91460,48245,9637,94593,647,0,Vehicle,2848721,60,Urban,0.63,1.03,45.5,Rejected
52,Male,No,1,Not Graduate,Self Employed,83537,14014,17973,403002,878,0,Personal,4689772,120,Urban,0.38,4.82,70.52,Approved
21,Female,Yes,0,Graduate,Government,236640,55666,16752,68066,737,0,Education,4580888,60,Urban,0.31,0.29,63.62,Approved
60,Male,No,0,Graduate,Business,30867,11573,2578,144670,367,1,Vehicle,4081389,60,Rural,0.46,4.69,43.17,Rejected
26,Female,Yes,3,Not Graduate,Business,232860,120325,37141,923582,822,1,Home,851324,120,Semiurban,0.68,3.97,63.49,Approved
24,Female,Yes,2,Not Graduate,Government,84606,40547,17079,262644,891,0,Personal,937169,180,Semiurban,0.68,3.1,58.76,Rejected
47,Female,No,3,Not Graduate,Self Employed,38671,16086,2117,571982,878,1,Personal,908941,240,Urban,0.47,14.79,76.45,Approved
57,Male,Yes,3,Not Graduate,Business,106797,9921,15832,988743,341,0,Home,1824997,300,Urban,0.24,9.26,60.71,Approved
37,Female,Yes,2,Not Graduate,Private,135455,65351,8911,686531,494,0,Personal,3063806,300,Rural,0.55,5.07,51.06,Rejected
32,Female,No,1,Not Graduate,Self Employed,65783,35053,5616,1308974,494,0,Vehicle,4064437,60,Urban,0.62,19.9,56.04,Rejected
37,Male,Yes,4,Not Graduate,Self Employed,71235,39636,10103,815566,593,1,Vehicle,1235105,240,Urban,0.7,11.45,58.26,Rejected
58,Male,No,3,Not Graduate,Private,206151,36424,39505,172405,866,1,Education,3499577,120,Urban,0.37,0.84,67.36,Approved
51,Male,No,1,Graduate,Business,20779,8198,5167,341428,357,0,Education,3657833,120,Urban,0.64,16.43,47.4,Rejected
38,Male,Yes,2,Graduate,Government,118146,57213,22600,421555,561,1,Home,3586325,120,Semiurban,0.68,3.57,46.53,Rejected
31,Female,Yes,1,Graduate,Business,140421,9214,18567,588683,572,1,Vehicle,1083088,180,Urban,0.2,4.19,63.49,Approved
38,Female,Yes,0,Graduate,Government,142470,49503,17376,1217673,571,1,Vehicle,4110184,180,Urban,0.47,8.55,64.09,Approved
26,Female,Yes,2,Not Graduate,Private,152557,19373,24057,166435,465,0,Personal,3521465,180,Semiurban,0.28,1.09,50.41,Rejected
60,Male,No,3,Not Graduate,Private,173783,83149,32840,937275,477,1,Education,1813771,180,Urban,0.67,5.39,48.91,Approved
60,Female,No,4,Graduate,Business,82879,5137,2003,984583,623,0,Vehicle,3191906,60,Rural,0.09,11.88,78.42,Approved
35,Female,No,4,Graduate,Private,32770,10564,7627,1179592,475,1,Vehicle,1748947,60,Urban,0.56,36.0,55.77,Rejected
53,Male,Yes,2,Not Graduate,Business,82550,36352,17533,1352077,693,0,Vehicle,1824597,60,Rural,0.65,16.38,64.52,Rejected
25,Female,No,0,Not Graduate,Self Employed,213037,102444,38688,826329,416,0,Education,3566343,120,Rural,0.66,3.88,44.89,Rejected
49,Female,Yes,1,Graduate,Self Employed,176689,96757,41210,87540,695,1,Personal,3662982,60,Semiurban,0.78,0.5,45.52,Rejected
49,Male,No,4,Graduate,Government,48175,10396,5217,14667,442,0,Personal,3583913,60,Urban,0.32,0.3,42.46,Rejected
37,Male,Yes,3,Graduate,Self Employed,226884,64463,41869,290314,415,0,Personal,4748833,240,Urban,0.47,1.28,46.02,Rejected
37,Female,Yes,2,Graduate,Self Employed,182130,56777,24951,1305801,763,1,Home,371961,60,Rural,0.45,7.17,72.07,Approved
25,Female,Yes,2,Not Graduate,Private,87472,30706,453,1355613,787,0,Education,1522539,120,Rural,0.36,15.5,77.79,Approved
55,Female,Yes,2,Not Graduate,Private,156005,47212,17908,968308,631,1,Education,1889626,240,Rural,0.42,6.21,64.18,Approved
59,Male,Yes,0,Not Graduate,Business,150786,67634,37668,994044,847,0,Education,3821002,240,Urban,0.7,6.59,65.91,Rejected
51,Female,Yes,0,Not Graduate,Private,178661,40729,44082,1132994,405,1,Personal,2455029,120,Rural,0.47,6.34,53.59,Approved
24,Male,No,3,Graduate,Private,159130,51604,36145,1336812,719,1,Education,226486,300,Semiurban,0.55,8.4,68.58,Approved
34,Female,No,3,Not Graduate,Government,147446,47815,5366,369479,389,0,Personal,4297732,180,Urban,0.36,2.51,47.38,Rejected
45,Male,Yes,3,Not Graduate,Business,47206,22248,382,284004,584,1,Vehicle,610742,300,Semiurban,0.48,6.02,55.49,Rejected
59,Male,No,3,Not Graduate,Private,108176,15320,26250,589694,550,1,Education,2875386,60,Semiurban,0.38,5.45,58.15,Approved
47,Female,No,3,Graduate,Self Employed,249502,71062,36708,749497,458,1,Personal,1529950,120,Semiurban,0.43,3.0,53.39,Approved
56,Female,No,3,Graduate,Government,192928,69457,21274,366300,461,1,Home,2396390,300,Rural,0.47,1.9,47.89,Rejected
48,Female,Yes,1,Not Graduate,Self Employed,86793,49475,19162,1192247,354,0,Personal,1979639,300,Semiurban,0.79,13.74,45.48,Rejected
38,Male,No,0,Graduate,Business,219126,16754,22445,1206110,384,0,Vehicle,1303783,240,Rural,0.18,5.5,61.47,Approved
41,Female,No,1,Not Graduate,Government,205379,31439,44283,1285638,793,1,Home,2899357,120,Rural,0.37,6.26,74.92,Approved
39,Female,Yes,2,Graduate,Self Employed,216041,26964,1426,578578,360,1,Home,288089,240,Urban,0.13,2.68,56.06,Approved
34,Female,No,0,Graduate,Self Employed,157776,70015,12376,951251,447,0,Education,3030378,300,Urban,0.52,6.03,52.57,Rejected
34,Male,No,0,Graduate,Self Employed,42289,17602,790,524240,507,0,Personal,4332920,180,Semiurban,0.43,12.4,61.18,Rejected
39,Male,No,1,Not Graduate,Self Employed,34213,15894,2961,1429737,316,0,Personal,1966617,240,Rural,0.55,41.79,48.88,Rejected
55,Male,Yes,0,Graduate,Private,128921,68638,23752,876533,810,1,Education,3916140,120,Semiurban,0.72,6.8,63.26,Approved
42,Female,No,2,Not Graduate,Business,98327,26680,20233,131996,513,1,Personal,2875149,180,Urban,0.48,1.34,45.1,Rejected
43,Male,Yes,0,Graduate,Self Employed,183646,31780,37630,670884,680,0,Home,513694,300,Rural,0.38,3.65,63.54,Approved
29,Male,Yes,1,Graduate,Private,115741,49480,24418,156450,618,1,Vehicle,339007,240,Urban,0.64,1.35,45.65,Rejected
30,Female,No,0,Not Graduate,Private,229788,115778,930,818467,750,1,Personal,2782896,60,Rural,0.51,3.56,64.41,Approved
40,Female,No,3,Graduate,Government,130117,42440,18431,523138,561,0,Education,4956155,240,Urban,0.47,4.02,54.14,Rejected
24,Male,No,0,Not Graduate,Business,236282,130301,11067,733258,471,0,Home,2020066,180,Rural,0.6,3.1,48.64,Rejected
60,Male,No,3,Graduate,Private,118104,28689,17596,564628,843,0,Vehicle,3105105,60,Semiurban,0.39,4.78,70.0,Approved
42,Male,No,2,Not Graduate,Business,98257,33348,8238,684086,447,0,Personal,353103,180,Urban,0.42,6.96,55.02,Rejected
44,Male,No,1,Not Graduate,Self Employed,161123,52903,21642,546128,805,0,Personal,4311974,300,Semiurban,0.46,3.39,65.12,Rejected
52,Female,Yes,0,Not Graduate,Self Employed,138338,10700,14975,898183,801,0,Vehicle,472966,120,Rural,0.19,6.49,78.55,Approved
22,Male,No,0,Not Graduate,Self Employed,206406,9253,41631,1048692,547,1,Education,459811,120,Urban,0.25,5.08,65.33,Approved
47,Male,Yes,2,Graduate,Self Employed,173984,86013,8356,1447034,389,1,Vehicle,3036434,240,Semiurban,0.54,8.32,54.61,Approved
32,Female,No,2,Graduate,Private,247856,37899,49825,1187652,709,1,Vehicle,857573,180,Rural,0.35,4.79,70.39,Approved
24,Female,No,4,Graduate,Business,113997,53674,15338,240291,632,1,Education,3593017,60,Semiurban,0.61,2.11,48.7,Rejected
47,Female,Yes,4,Graduate,Self Employed,215629,36324,25428,536142,717,0,Vehicle,4870385,180,Semiurban,0.29,2.49,66.87,Approved
28,Female,Yes,0,Graduate,Private,173881,48807,27218,404012,491,0,Vehicle,3215949,60,Rural,0.44,2.32,50.31,Rejected
30,Female,No,4,Not Graduate,Government,175571,21863,5342,314767,739,1,Vehicle,4781203,240,Rural,0.15,1.79,68.8,Approved
52,Female,No,4,Not Graduate,Private,42354,23731,6960,480741,359,1,Home,4249514,60,Semiurban,0.72,11.35,45.91,Rejected
34,Female,Yes,1,Not Graduate,Government,130613,37825,4362,502957,304,0,Home,4148986,180,Semiurban,0.32,3.85,46.75,Rejected
58,Male,Yes,3,Not Graduate,Private,48290,24855,1482,1206777,814,1,Home,4014887,60,Rural,0.55,24.99,71.75,Approved
44,Female,Yes,3,Graduate,Self Employed,226600,24648,11388,414012,312,1,Home,3021735,240,Semiurban,0.16,1.83,51.81,Approved
34,Female,No,3,Not Graduate,Self Employed,182618,100867,18961,358549,833,1,Personal,115662,180,Urban,0.66,1.96,58.57,Approved
23,Male,Yes,3,Graduate,Government,77147,13353,10110,1108406,478,1,Vehicle,3295531,120,Rural,0.3,14.37,65.21,Approved
41,Male,Yes,2,Not Graduate,Government,50391,23244,8435,1458087,454,0,Home,4630207,60,Rural,0.63,28.94,53.33,Rejected
48,Female,No,1,Graduate,Business,72394,9199,3374,206895,467,0,Education,4163665,300,Urban,0.17,2.86,54.16,Rejected
34,Female,No,3,Not Graduate,Private,122834,44808,15733,377393,819,0,Home,1428465,240,Semiurban,0.49,3.07,62.67,Approved
58,Female,No,0,Graduate,Private,199272,69400,40049,113281,477,1,Personal,1986722,240,Semiurban,0.55,0.57,43.83,Rejected
34,Female,Yes,0,Graduate,Private,206251,37890,48473,729218,429,1,Vehicle,3577505,240,Urban,0.42,3.54,51.83,Approved
58,Female,Yes,1,Graduate,Business,125593,70709,14902,1174860,363,1,Personal,1155300,240,Semiurban,0.68,9.35,49.42,Approved
30,Female,No,4,Graduate,Business,61936,31192,11849,1267018,817,0,Home,133367,60,Semiurban,0.69,20.46,67.94,Rejected
28,Female,No,3,Not Graduate,Self Employed,90319,42640,2924,526092,709,0,Education,3053199,240,Semiurban,0.5,5.82,61.64,Approved
43,Male,Yes,1,Not Graduate,Government,240117,90928,43027,573910,877,0,Home,4820464,180,Rural,0.56,2.39,66.63,Approved
37,Female,Yes,2,Not Graduate,Self Employed,145896,58645,25892,171112,543,1,Vehicle,2951593,60,Rural,0.58,1.17,44.93,Rejected
23,Male,No,4,Not Graduate,Self Employed,215248,63143,33788,403232,445,0,Vehicle,1679318,240,Urban,0.45,1.87,48.62,Rejected
28,Female,Yes,1,Not Graduate,Government,128807,55182,3475,1188433,635,0,Education,388045,300,Semiurban,0.46,9.23,68.17,Approved
55,Male,No,1,Graduate,Private,27619,8661,5192,460183,863,0,Personal,1424924,60,Rural,0.5,16.66,74.41,Rejected
60,Female,No,3,Not Graduate,Private,136097,26481,1143,428048,754,0,Vehicle,2199004,300,Urban,0.2,3.15,69.16,Approved
45,Female,No,3,Graduate,Self Employed,187929,18191,37965,1328954,302,1,Education,2834490,240,Semiurban,0.3,7.07,56.12,Approved
33,Female,No,3,Graduate,Business,88325,30630,14764,432003,549,0,Education,2207701,300,Urban,0.51,4.89,52.3,Rejected
58,Female,No,3,Not Graduate,Private,208398,91649,3281,751944,829,1,Personal,587657,120,Semiurban,0.46,3.61,68.73,Approved
34,Male,Yes,4,Graduate,Self Employed,239970,114988,8374,673196,578,1,Personal,374016,300,Semiurban,0.51,2.81,55.48,Approved
54,Male,No,0,Graduate,Business,121215,21010,27262,671617,778,0,Personal,314541,60,Rural,0.4,5.54,68.56,Approved
24,Male,No,1,Not Graduate,Business,122888,62806,30070,1497077,537,1,Education,2474456,120,Semiurban,0.76,12.18,56.11,Approved
57,Male,Yes,4,Not Graduate,Government,75225,12032,17404,676803,889,1,Education,667770,300,Urban,0.39,9.0,78.78,Approved
30,Male,Yes,0,Not Graduate,Business,52991,26636,8872,1346726,559,0,Vehicle,668445,60,Urban,0.67,25.41,56.86,Rejected
58,Male,Yes,2,Not Graduate,Government,171472,43509,10882,1397961,891,1,Personal,1622039,180,Rural,0.32,8.15,83.25,Approved
49,Male,Yes,1,Graduate,Self Employed,198095,59884,30687,826188,740,0,Education,1486793,300,Rural,0.46,4.17,65.44,Approved
41,Male,Yes,2,Graduate,Private,167895,85202,30827,1163671,523,1,Vehicle,2534345,120,Urban,0.69,6.93,53.09,Approved
54,Male,Yes,3,Graduate,Private,201031,104120,37255,1403577,509,1,Personal,1612973,240,Semiurban,0.7,6.98,53.53,Approved
36,Male,Yes,3,Graduate,Business,100980,41650,2616,1165386,633,0,Home,1972865,60,Urban,0.44,11.54,69.02,Approved
51,Female,Yes,2,Not Graduate,Self Employed,126428,64286,16164,159895,439,0,Personal,2009824,60,Urban,0.64,1.26,38.01,Rejected
54,Female,No,3,Not Graduate,Government,113722,37996,20455,399440,543,0,Home,3603466,60,Semiurban,0.51,3.51,50.29,Rejected
49,Female,No,0,Graduate,Business,219130,83262,30942,1399133,479,1,Vehicle,2965579,240,Urban,0.52,6.38,57.19,Approved
33,Female,No,4,Not Graduate,Self Employed,87833,50745,11910,208694,616,1,Home,3896747,180,Urban,0.71,2.38,44.24,Rejected
43,Female,No,2,Graduate,Business,56568,28602,6869,1382995,887,0,Personal,4467324,180,Urban,0.63,24.45,72.87,Rejected
27,Male,No,3,Not Graduate,Private,226398,35437,35615,732089,376,1,Education,3688855,180,Rural,0.31,3.23,52.82,Approved
47,Female,Yes,2,Graduate,Self Employed,216845,118463,34868,29389,857,0,Home,668000,300,Urban,0.71,0.14,55.82,Rejected
37,Female,No,0,Graduate,Self Employed,103896,38367,14035,118256,554,1,Vehicle,3261015,120,Rural,0.5,1.14,45.92,Rejected
36,Male,Yes,1,Not Graduate,Business,56282,14138,12604,683234,762,0,Vehicle,747016,180,Semiurban,0.48,12.14,71.86,Approved
51,Male,No,1,Graduate,Private,230789,48565,17651,1430260,448,1,Personal,3267002,60,Rural,0.29,6.2,62.93,Approved
54,Female,Yes,4,Not Graduate,Self Employed,212895,37890,31549,886539,484,0,Education,306237,120,Rural,0.33,4.16,58.57,Rejected
56,Female,No,3,Not Graduate,Private,128320,74023,3145,1207049,493,0,Home,1600328,300,Semiurban,0.6,9.41,57.82,Rejected
26,Male,Yes,1,Graduate,Self Employed,68609,27840,7885,1446975,893,1,Personal,4309404,180,Semiurban,0.52,21.09,76.81,Approved
42,Female,No,0,Graduate,Business,161235,74446,15665,189386,567,0,Personal,2048190,180,Semiurban,0.56,1.17,47.23,Rejected
35,Male,Yes,1,Graduate,Self Employed,144477,30006,21389,1410347,610,0,Vehicle,3847838,300,Rural,0.36,9.76,71.74,Approved
45,Female,No,0,Not Graduate,Self Employed,191506,23255,6054,418313,451,1,Personal,4499900,240,Urban,0.15,2.18,57.48,Approved
55,Female,No,3,Not Graduate,Private,98133,33721,12668,115987,836,0,Home,270160,300,Urban,0.47,1.18,59.26,Rejected
44,Female,Yes,4,Not Graduate,Self Employed,142376,32979,25751,449011,379,1,Home,2147550,60,Rural,0.41,3.15,46.47,Approved
39,Female,Yes,0,Not Graduate,Private,215092,56659,9977,1088249,314,0,Home,3499279,180,Rural,0.31,5.06,53.38,Approved
24,Female,No,2,Graduate,Government,133536,36397,16654,1377338,527,0,Home,897062,60,Rural,0.4,10.31,66.85,Approved
27,Female,No,1,Not Graduate,Self Employed,66903,14416,8982,770916,625,1,Personal,2533571,60,Rural,0.35,11.52,69.96,Approved
42,Female,No,1,Graduate,Business,39910,8410,30,1082588,619,1,Personal,405220,240,Rural,0.21,27.13,72.76,Approved
47,Male,Yes,1,Not Graduate,Government,97645,32449,19370,46883,406,1,Vehicle,2914381,120,Rural,0.53,0.48,36.99,Rejected
60,Male,No,1,Not Graduate,Business,39029,5783,6822,825501,803,1,Vehicle,4048000,120,Urban,0.32,21.15,77.56,Approved
25,Female,No,0,Graduate,Business,60075,34389,3464,1110652,885,0,Vehicle,2332013,180,Urban,0.63,18.49,72.83,Rejected
50,Male,Yes,0,Not Graduate,Private,181623,72608,24566,60285,472,0,Personal,3002935,60,Semiurban,0.54,0.33,42.86,Rejected
48,Female,Yes,2,Not Graduate,Private,78294,18054,3999,1057770,382,1,Education,4922703,180,Semiurban,0.28,13.51,61.66,Approved
37,Male,Yes,4,Graduate,Business,217589,104409,37944,382817,460,0,Home,4358437,300,Urban,0.65,1.76,43.04,Rejected
43,Male,Yes,4,Not Graduate,Private,49009,19433,6430,1158281,303,0,Home,3598514,300,Semiurban,0.53,23.63,49.6,Rejected
31,Female,Yes,2,Graduate,Self Employed,213113,34880,46691,294942,585,0,Home,2577544,120,Urban,0.38,1.38,55.81,Rejected
36,Male,No,0,Graduate,Self Employed,85693,44344,13023,328682,545,0,Vehicle,2580409,60,Rural,0.67,3.84,45.24,Rejected
35,Female,No,2,Not Graduate,Private,176270,81550,38788,567878,458,1,Personal,1702872,120,Urban,0.68,3.22,43.37,Rejected
54,Female,No,0,Not Graduate,Self Employed,191798,37216,8391,1248961,347,1,Personal,2890889,60,Semiurban,0.24,6.51,58.98,Approved
53,Female,Yes,2,Graduate,Business,50911,23254,2052,453345,777,1,Home,978896,60,Rural,0.5,8.9,69.47,Approved
24,Female,No,2,Not Graduate,Self Employed,170048,95554,15171,1201182,409,0,Education,1147520,240,Semiurban,0.65,7.06,49.57,Rejected
21,Male,Yes,2,Not Graduate,Self Employed,158378,94076,33038,1452433,583,1,Vehicle,4183266,120,Semiurban,0.8,9.17,56.51,Rejected
39,Female,No,3,Not Graduate,Government,135994,22707,14360,835770,687,0,Vehicle,4042339,180,Urban,0.27,6.15,70.09,Approved
30,Male,Yes,4,Graduate,Private,134388,72732,13808,1060821,457,1,Home,4575141,300,Rural,0.64,7.89,52.16,Rejected
39,Male,No,1,Graduate,Business,50662,18177,298,296748,705,1,Education,3800692,180,Urban,0.36,5.86,64.13,Approved
48,Female,No,4,Graduate,Private,194703,102067,6464,906225,501,1,Education,4489253,60,Semiurban,0.56,4.65,52.64,Approved
41,Male,No,4,Graduate,Private,108684,20997,15973,818396,574,0,Home,1947285,60,Urban,0.34,7.53,64.71,Approved
60,Female,Yes,4,Not Graduate,Private,214116,96512,26026,97591,834,1,Home,1616999,300,Rural,0.57,0.46,59.37,Approved
50,Male,No,0,Graduate,Government,86573,45593,19739,1035161,611,1,Vehicle,2384508,240,Urban,0.75,11.96,57.98,Approved
49,Female,Yes,2,Graduate,Self Employed,140277,74993,4446,1274906,617,1,Education,2921860,300,Semiurban,0.57,9.09,64.22,Approved
49,Male,No,0,Graduate,Private,222719,95068,16437,54537,651,1,Home,3467739,300,Rural,0.5,0.24,53.31,Approved
58,Male,Yes,4,Graduate,Business,232430,33706,46252,1424378,808,1,Education,2431309,120,Urban,0.34,6.13,77.14,Approved
51,Male,Yes,4,Not Graduate,Self Employed,230207,22918,44396,899912,890,0,Education,2786658,300,Semiurban,0.29,3.91,77.81,Approved
32,Male,No,1,Not Graduate,Government,51120,6050,4320,1138327,639,1,Education,3868613,60,Urban,0.2,22.27,74.36,Approved
45,Female,No,1,Graduate,Private,240467,35846,10895,1038745,875,1,Home,2266396,300,Rural,0.19,4.32,81.32,Approved
58,Male,No,0,Not Graduate,Government,208492,96185,22785,1430583,873,1,Vehicle,1721526,240,Rural,0.57,6.86,73.74,Approved
35,Male,No,1,Not Graduate,Self Employed,73268,13125,17354,682902,677,1,Education,282859,240,Urban,0.42,9.32,69.18,Approved
48,Female,No,4,Graduate,Business,216538,45032,148,20020,360,1,Personal,3829262,180,Semiurban,0.21,0.09,48.59,Approved
23,Male,Yes,0,Graduate,Self Employed,101880,55823,1322,942253,797,0,Education,4496088,120,Urban,0.56,9.25,71.17,Approved
56,Female,No,1,Not Graduate,Private,214678,40045,16949,1244573,797,0,Vehicle,1063913,300,Semiurban,0.27,5.8,77.64,Approved
33,Female,No,2,Not Graduate,Self Employed,212089,53001,33340,977713,873,0,Education,661422,60,Rural,0.41,4.61,74.29,Approved
41,Male,Yes,2,Graduate,Self Employed,201718,110720,32477,973831,423,1,Home,3466366,60,Rural,0.71,4.83,45.23,Rejected
27,Female,No,1,Graduate,Business,36060,10170,5737,800669,360,0,Vehicle,1114329,120,Urban,0.44,22.2,54.21,Rejected
47,Female,No,3,Not Graduate,Private,145906,5078,28692,241733,459,1,Education,960552,240,Semiurban,0.23,1.66,52.61,Approved
34,Female,Yes,3,Not Graduate,Private,202531,65099,10307,1204264,324,1,Home,4392625,300,Rural,0.37,5.95,53.22,Approved
27,Female,No,3,Not Graduate,Private,246652,49027,55586,929398,335,0,Vehicle,2717336,120,Urban,0.42,3.77,49.57,Rejected
46,Male,Yes,2,Not Graduate,Self Employed,91489,36620,4132,713517,728,0,Vehicle,3320806,240,Rural,0.45,7.8,68.25,Approved
31,Male,Yes,3,Graduate,Self Employed,201850,19090,20989,1499039,659,0,Home,3395640,60,Urban,0.2,7.43,76.26,Approved
37,Male,No,1,Graduate,Private,60561,30983,12628,1419317,356,1,Education,3783040,240,Semiurban,0.72,23.44,46.64,Rejected
41,Female,Yes,2,Graduate,Private,92801,15274,20552,1377194,416,1,Vehicle,1956018,180,Urban,0.39,14.84,60.62,Approved
31,Female,Yes,3,Graduate,Business,165233,13884,15712,1099038,332,1,Education,1981995,120,Urban,0.18,6.65,59.29,Approved
35,Female,No,4,Not Graduate,Business,113558,26774,27268,790748,436,1,Personal,2744952,60,Urban,0.48,6.96,53.57,Approved
49,Male,No,2,Not Graduate,Government,115465,68177,5126,1316304,682,0,Education,4559405,240,Semiurban,0.63,11.4,65.88,Rejected
39,Male,Yes,1,Not Graduate,Self Employed,191914,27719,20838,1187165,706,0,Education,2167868,180,Semiurban,0.25,6.19,73.84,Approved
22,Male,No,1,Not Graduate,Business,36491,16999,1431,1022019,757,1,Personal,1784064,240,Rural,0.51,28.01,69.95,Approved
37,Female,Yes,0,Graduate,Self Employed,230400,56874,17505,536758,642,0,Personal,4231498,240,Rural,0.32,2.33,62.72,Approved
31,Male,Yes,2,Not Graduate,Government,123995,41337,22388,800011,378,1,Home,3719941,180,Urban,0.51,6.45,49.25,Approved
30,Male,Yes,2,Not Graduate,Government,214369,93671,33427,208768,302,0,Vehicle,4529398,60,Urban,0.59,0.97,36.16,Rejected
58,Female,Yes,4,Not Graduate,Government,223002,115109,36408,1270578,557,0,Education,2633701,300,Rural,0.68,5.7,54.69,Rejected
28,Male,No,4,Graduate,Self Employed,217676,126366,39418,533740,308,0,Personal,2814809,300,Rural,0.76,2.45,34.45,Rejected
58,Male,No,4,Graduate,Government,90194,6053,6310,464306,589,0,Vehicle,379603,300,Rural,0.14,5.15,65.97,Approved
28,Male,No,3,Graduate,Business,188184,72923,43076,916214,338,0,Personal,2078987,60,Urban,0.62,4.87,43.79,Rejected
47,Female,No,3,Graduate,Private,186820,14841,10535,619457,740,1,Education,2266599,120,Rural,0.14,3.32,72.92,Approved
28,Male,No,4,Graduate,Self Employed,223771,25800,3379,968476,573,1,Vehicle,727901,120,Semiurban,0.13,4.33,69.16,Approved
21,Male,Yes,1,Graduate,Government,209790,115549,17020,917512,678,1,Vehicle,4256020,60,Semiurban,0.63,4.37,58.31,Approved
46,Female,No,4,Graduate,Private,25950,9676,4707,1317829,653,0,Vehicle,2072336,300,Rural,0.55,50.78,63.43,Rejected
46,Female,Yes,3,Not Graduate,Business,30345,13656,3158,312342,877,1,Home,1192058,120,Urban,0.55,10.29,73.57,Approved
22,Female,Yes,2,Not Graduate,Self Employed,86761,11162,6106,876586,401,0,Vehicle,3145389,240,Semiurban,0.2,10.1,65.32,Rejected
41,Female,Yes,4,Graduate,Business,244196,137120,13112,1219236,551,1,Personal,4445954,120,Semiurban,0.62,4.99,55.79,Rejected
38,Female,Yes,3,Not Graduate,Government,174536,27542,994,918844,692,1,Education,1745379,120,Semiurban,0.16,5.26,73.36,Approved
59,Female,Yes,3,Not Graduate,Private,56400,12864,6788,1140097,541,0,Home,4042737,180,Urban,0.35,20.21,65.85,Rejected
37,Male,Yes,4,Not Graduate,Business,186403,66643,36767,78610,464,0,Personal,837614,240,Semiurban,0.55,0.42,42.28,Rejected
26,Male,No,1,Not Graduate,Business,247422,9647,8750,820705,885,1,Vehicle,3915401,120,Semiurban,0.07,3.32,83.63,Approved
34,Female,Yes,2,Graduate,Government,28034,8554,1525,509821,426,1,Education,4031407,300,Rural,0.36,18.19,59.27,Rejected
24,Female,No,3,Not Graduate,Self Employed,146371,22792,3390,214667,381,0,Vehicle,112891,300,Urban,0.18,1.47,50.36,Rejected
53,Female,Yes,3,Graduate,Self Employed,24677,6391,5262,1155584,757,1,Education,3000717,120,Urban,0.47,46.83,70.46,Approved
39,Male,Yes,2,Graduate,Private,181471,21996,8777,562972,431,1,Education,4100469,240,Urban,0.17,3.1,57.53,Approved
50,Female,No,2,Not Graduate,Business,32557,7700,873,1390700,833,1,Home,882107,60,Semiurban,0.26,42.72,80.42,Approved
54,Female,No,0,Graduate,Self Employed,69703,39815,7546,1231456,705,1,Vehicle,1579297,60,Rural,0.68,17.67,63.74,Approved
39,Female,No,4,Graduate,Business,193902,70925,38932,662368,757,1,Personal,3315510,300,Rural,0.57,3.42,61.24,Approved
36,Male,No,1,Graduate,Government,59377,35595,5197,661137,717,0,Education,4077884,300,Semiurban,0.69,11.13,63.63,Rejected
47,Female,No,4,Graduate,Self Employed,76426,32149,2569,481492,887,1,Vehicle,2851711,300,Urban,0.45,6.3,71.45,Approved
25,Male,No,3,Graduate,Private,185821,48540,41311,118336,389,1,Education,1893183,240,Semiurban,0.48,0.64,41.49,Rejected
57,Female,Yes,3,Graduate,Self Employed,237745,97557,19140,1190119,805,1,Personal,4115549,300,Rural,0.49,5.01,70.57,Approved
30,Male,Yes,0,Graduate,Government,226830,12905,6384,545869,482,1,Education,584095,240,Urban,0.09,2.41,62.76,Approved
41,Male,No,3,Not Graduate,Business,48227,13302,9546,99641,878,1,Education,923383,60,Rural,0.47,2.07,60.87,Approved
53,Male,Yes,2,Not Graduate,Self Employed,68075,22884,5132,1391935,478,1,Vehicle,3405761,240,Semiurban,0.41,20.45,61.62,Rejected
29,Female,Yes,0,Not Graduate,Government,139704,21291,30457,335663,639,0,Home,1921530,180,Urban,0.37,2.4,57.68,Approved
36,Female,Yes,3,Not Graduate,Business,197081,63654,44554,1025150,809,1,Home,2202946,120,Semiurban,0.55,5.2,67.77,Approved
42,Female,No,0,Graduate,Government,22378,9907,5300,1247925,748,0,Vehicle,108468,240,Semiurban,0.68,55.77,63.75,Rejected
25,Male,Yes,3,Graduate,Government,146188,39629,25842,834257,722,1,Vehicle,4080959,120,Rural,0.45,5.71,65.91,Approved
26,Female,Yes,1,Not Graduate,Private,116535,30562,13867,1059523,550,0,Home,1388821,180,Urban,0.38,9.09,65.85,Approved
45,Female,Yes,2,Not Graduate,Self Employed,210748,101459,24887,1036808,511,1,Personal,4080803,300,Urban,0.6,4.92,52.99,Approved
24,Female,Yes,4,Graduate,Business,232780,125914,55124,819515,574,1,Personal,1638587,240,Urban,0.78,3.52,48.53,Rejected
37,Male,No,1,Graduate,Self Employed,66151,33927,10936,837248,605,1,Home,4966183,60,Rural,0.68,12.66,59.19,Rejected
41,Male,No,3,Not Graduate,Private,24327,6010,5340,835996,505,1,Home,1090864,60,Semiurban,0.47,34.36,59.42,Rejected
25,Female,No,0,Not Graduate,Self Employed,248098,19541,57088,640110,813,0,Personal,1815316,180,Urban,0.31,2.58,71.95,Approved
51,Male,No,2,Graduate,Self Employed,184785,26389,39039,674593,894,1,Education,3965561,240,Rural,0.35,3.65,73.8,Approved
24,Female,No,2,Graduate,Self Employed,43375,10968,9630,1279103,693,0,Vehicle,2553175,300,Urban,0.47,29.49,68.29,Rejected
51,Male,Yes,1,Graduate,Private,223405,96149,54091,229926,517,0,Education,4372439,300,Urban,0.67,1.03,43.8,Rejected
51,Female,No,0,Graduate,Government,85460,33479,17859,1133537,594,0,Vehicle,4291973,240,Urban,0.6,13.26,61.8,Rejected
29,Male,No,1,Not Graduate,Government,209381,82389,23146,877541,387,1,Education,3158381,180,Rural,0.5,4.19,48.84,Approved
59,Male,Yes,1,Not Graduate,Business,53985,27636,8958,687722,869,1,Personal,3767324,120,Urban,0.68,12.74,70.45,Approved
30,Male,Yes,4,Graduate,Private,113536,67293,4709,1149105,749,1,Personal,3242073,120,Semiurban,0.63,10.12,68.8,Approved
59,Female,No,3,Graduate,Self Employed,157952,92056,20303,1056136,572,1,Vehicle,3119363,180,Urban,0.71,6.69,53.77,Approved
50,Male,Yes,0,Graduate,Government,164343,51323,3229,1113805,859,0,Education,2751571,240,Rural,0.33,6.78,78.35,Approved
40,Female,Yes,2,Graduate,Government,103901,39719,345,238321,301,1,Education,4225705,180,Semiurban,0.39,2.29,40.55,Approved
52,Female,Yes,4,Graduate,Self Employed,159300,76834,27968,800474,498,1,Vehicle,3360333,180,Urban,0.66,5.02,48.82,Approved
35,Male,No,3,Not Graduate,Business,214970,80245,26766,489976,503,1,Home,1410442,240,Urban,0.5,2.28,50.58,Approved
53,Male,Yes,2,Graduate,Private,77298,36779,9508,443556,862,1,Home,2518430,180,Urban,0.6,5.74,64.92,Approved
41,Male,Yes,4,Not Graduate,Government,103752,46510,127,539527,784,0,Education,321632,300,Semiurban,0.45,5.2,65.91,Approved
57,Female,Yes,4,Graduate,Business,113166,67224,19251,1030918,761,0,Education,3267950,60,Rural,0.76,9.11,63.64,Rejected
55,Female,Yes,4,Graduate,Self Employed,216968,44064,31764,496216,698,1,Vehicle,1819545,300,Semiurban,0.35,2.29,63.79,Approved
54,Female,No,2,Not Graduate,Business,138668,20265,16039,247463,848,1,Vehicle,2314139,300,Semiurban,0.26,1.78,68.95,Approved
25,Female,Yes,4,Not Graduate,Private,108853,36384,8223,1011330,788,1,Vehicle,2088126,240,Rural,0.41,9.29,75.66,Approved
31,Male,Yes,1,Not Graduate,Self Employed,136490,53390,25132,162479,383,1,Vehicle,3231574,240,Rural,0.58,1.19,37.6,Rejected
55,Male,Yes,1,Graduate,Government,35659,15606,201,680436,593,1,Personal,3775469,120,Semiurban,0.44,19.08,64.48,Rejected
41,Female,No,0,Not Graduate,Government,169855,34375,18169,645262,489,1,Education,1154322,240,Urban,0.31,3.8,56.84,Approved
29,Male,Yes,1,Graduate,Self Employed,108141,20515,6624,789845,499,1,Education,2732080,300,Rural,0.25,7.3,63.58,Approved
55,Male,No,1,Graduate,Government,175821,57866,6,1111733,801,1,Vehicle,4048429,300,Rural,0.33,6.32,75.4,Approved
56,Male,No,1,Not Graduate,Self Employed,84893,8106,19267,993276,766,0,Home,3768713,240,Semiurban,0.32,11.7,77.77,Approved
22,Female,No,4,Not Graduate,Business,22919,5905,5620,1357601,599,1,Vehicle,488974,240,Rural,0.5,59.23,62.45,Rejected
29,Female,Yes,4,Graduate,Government,24513,12232,5014,495119,486,0,Education,3083764,120,Semiurban,0.7,20.2,51.47,Rejected
54,Male,No,2,Not Graduate,Private,24115,10448,5088,648141,380,1,Education,4293257,60,Urban,0.64,26.88,48.53,Rejected
50,Female,No,1,Not Graduate,Private,92865,46779,10345,1171016,392,1,Personal,4344809,300,Semiurban,0.62,12.61,52.68,Rejected
21,Female,No,2,Graduate,Government,115568,17831,24302,831836,646,1,Home,3768998,300,Urban,0.36,7.2,66.79,Approved
60,Female,Yes,3,Graduate,Business,41514,11222,744,867202,725,1,Home,643798,120,Rural,0.29,20.89,75.24,Approved
27,Female,No,4,Graduate,Self Employed,224836,8682,54260,394117,795,1,Home,3873158,300,Rural,0.28,1.75,69.43,Approved
30,Male,No,4,Graduate,Business,42143,12297,7751,226897,790,0,Personal,3674417,120,Rural,0.48,5.38,63.29,Rejected
23,Female,Yes,0,Not Graduate,Business,199167,70779,13381,901398,828,0,Education,3816534,120,Urban,0.42,4.53,71.14,Approved
55,Female,No,2,Not Graduate,Government,124619,67233,15753,788868,658,1,Education,2142741,180,Semiurban,0.67,6.33,56.91,Approved
27,Male,No,3,Not Graduate,Private,112744,5782,9622,91997,483,1,Personal,316350,300,Semiurban,0.14,0.82,53.51,Approved
41,Female,Yes,1,Not Graduate,Self Employed,152081,43267,23579,1001178,452,0,Personal,1382752,180,Urban,0.44,6.58,56.15,Rejected
22,Female,Yes,2,Graduate,Self Employed,212713,104971,19855,1226041,550,0,Education,3279073,60,Rural,0.59,5.76,56.88,Rejected
28,Female,Yes,0,Not Graduate,Business,185068,55122,28621,197343,536,1,Personal,2410999,240,Rural,0.45,1.07,49.78,Rejected
43,Male,Yes,0,Not Graduate,Business,164702,44435,2222,1353690,867,0,Home,4106044,60,Semiurban,0.28,8.22,83.06,Approved
57,Male,No,2,Not Graduate,Private,107040,33645,21270,740404,818,0,Home,3402942,120,Rural,0.51,6.92,69.08,Approved
34,Female,No,3,Graduate,Private,99796,28777,10656,1079520,399,1,Personal,4495442,120,Urban,0.4,10.82,59.87,Approved
43,Male,No,1,Not Graduate,Business,189581,88368,40145,1332615,716,1,Home,395429,60,Rural,0.68,7.03,63.13,Approved
23,Female,No,1,Graduate,Business,203887,119423,47465,1163721,856,1,Education,1490133,180,Urban,0.82,5.71,63.06,Approved
40,Male,No,0,Not Graduate,Government,168014,80962,32896,949140,515,0,Education,216699,300,Rural,0.68,5.65,50.58,Rejected
28,Female,No,4,Graduate,Private,24670,8765,5133,1154150,601,1,Personal,1615260,300,Urban,0.56,46.78,60.8,Rejected
44,Male,Yes,3,Not Graduate,Business,88448,31794,12617,331838,678,1,Home,1037030,120,Semiurban,0.5,3.75,56.11,Approved
35,Female,Yes,1,Not Graduate,Self Employed,175583,70611,29650,837666,476,0,Vehicle,4278965,300,Semiurban,0.57,4.77,50.59,Rejected
52,Female,No,0,Graduate,Self Employed,51387,20277,3793,1377403,525,0,Vehicle,4261050,60,Semiurban,0.47,26.8,61.34,Rejected
23,Female,Yes,3,Graduate,Business,238700,71184,29346,193633,727,1,Personal,2322218,180,Urban,0.42,0.81,60.85,Approved
44,Male,No,2,Not Graduate,Business,198831,91454,32782,1337229,446,1,Vehicle,3196323,180,Urban,0.62,6.73,52.48,Approved
57,Male,Yes,3,Graduate,Business,175959,71320,31791,908779,438,0,Home,4693442,120,Semiurban,0.59,5.16,49.25,Rejected
36,Female,No,1,Not Graduate,Private,234106,129576,43916,884293,302,1,Vehicle,1115568,180,Semiurban,0.74,3.78,38.11,Rejected
37,Female,Yes,1,Not Graduate,Government,69895,28088,6267,602266,458,1,Vehicle,2964597,240,Urban,0.49,8.62,55.64,Rejected
56,Male,Yes,3,Graduate,Government,74479,39954,8383,267700,668,1,Personal,174606,300,Rural,0.65,3.59,50.39,Rejected
43,Female,Yes,2,Graduate,Self Employed,108937,5434,12051,852977,854,0,Vehicle,4508982,120,Rural,0.16,7.83,83.16,Approved
21,Female,Yes,3,Graduate,Private,122574,29660,6734,653517,333,0,Home,4199620,300,Urban,0.3,5.33,51.46,Rejected
36,Male,No,3,Graduate,Self Employed,84869,20980,5067,868629,428,1,Education,3703281,240,Semiurban,0.31,10.23,63.21,Approved
48,Female,Yes,4,Not Graduate,Self Employed,160883,63503,30002,627029,897,0,Vehicle,2352226,300,Rural,0.58,3.9,66.66,Approved
33,Male,Yes,3,Not Graduate,Business,187039,69868,10288,855752,718,1,Personal,2871043,120,Semiurban,0.43,4.58,65.69,Approved
48,Female,Yes,1,Graduate,Private,39829,18003,2022,442837,409,1,Education,224267,180,Urban,0.5,11.12,54.69,Rejected
40,Male,Yes,4,Graduate,Private,72351,11672,10449,1404075,398,0,Personal,3438775,240,Semiurban,0.31,19.41,61.41,Rejected
55,Male,Yes,1,Not Graduate,Private,160966,12644,7814,1261982,527,1,Home,703666,60,Semiurban,0.13,7.84,71.73,Approved
38,Male,No,4,Graduate,Business,147057,37252,17045,191585,625,0,Personal,3267370,240,Urban,0.37,1.3,55.19,Rejected
53,Female,Yes,1,Not Graduate,Business,35624,9746,6507,89426,444,1,Home,1304197,180,Semiurban,0.46,2.51,42.49,Rejected
56,Male,Yes,2,Graduate,Private,247757,116741,42023,218245,550,1,Personal,3588076,120,Urban,0.64,0.88,46.89,Rejected
24,Female,Yes,0,Not Graduate,Self Employed,241341,135133,42703,47038,704,0,Personal,411806,300,Rural,0.74,0.19,49.23,Rejected
51,Female,Yes,3,Not Graduate,Self Employed,118086,11503,17478,459679,728,0,Education,4773738,120,Urban,0.25,3.89,67.5,Approved
39,Male,No,1,Not Graduate,Private,34133,13609,7428,183554,587,0,Personal,1735870,300,Urban,0.62,5.38,49.72,Rejected
59,Male,Yes,0,Not Graduate,Self Employed,66421,31070,1296,1021615,307,0,Vehicle,4230866,180,Rural,0.49,15.38,51.68,Rejected
41,Female,Yes,0,Graduate,Private,141070,34938,34927,255795,638,0,Home,1838229,120,Urban,0.5,1.81,52.77,Rejected
57,Female,Yes,2,Not Graduate,Government,49395,14722,9710,1416699,554,1,Education,3185565,180,Urban,0.49,28.68,61.76,Rejected
26,Female,No,2,Not Graduate,Self Employed,163151,11830,3763,1007304,887,0,Vehicle,3694547,120,Semiurban,0.1,6.17,85.43,Approved
47,Male,No,2,Not Graduate,Business,189954,7237,18359,715024,857,0,Education,3127198,60,Urban,0.13,3.76,79.17,Approved
52,Female,Yes,4,Graduate,Private,50295,19542,2372,209208,379,0,Vehicle,4297023,60,Semiurban,0.44,4.16,44.1,Rejected
33,Male,Yes,0,Not Graduate,Self Employed,172223,60118,17343,48559,418,0,Personal,2720453,240,Urban,0.45,0.28,42.54,Rejected
26,Male,Yes,2,Graduate,Government,242614,118974,10903,375217,692,0,Home,748119,240,Rural,0.54,1.55,57.49,Rejected
38,Male,No,3,Graduate,Private,50663,17423,1548,624119,353,0,Home,984191,60,Urban,0.37,12.32,56.48,Rejected
51,Male,No,0,Not Graduate,Business,141925,37774,3027,711390,412,1,Personal,4747956,60,Rural,0.29,5.01,55.39,Approved
21,Male,No,3,Not Graduate,Private,187165,51938,10308,884922,531,1,Vehicle,830046,240,Semiurban,0.33,4.73,60.57,Approved
36,Female,Yes,2,Graduate,Private,190959,8687,9835,1487499,490,1,Education,920529,60,Semiurban,0.1,7.79,72.09,Approved
47,Female,No,0,Graduate,Business,172336,26968,12666,778254,756,1,Education,2512131,60,Rural,0.23,4.52,72.63,Approved
40,Male,No,3,Graduate,Self Employed,108376,17559,4953,279494,807,1,Vehicle,1469143,240,Urban,0.21,2.58,69.13,Approved
41,Female,Yes,3,Graduate,Government,145134,18879,20791,247661,395,0,Vehicle,1462997,180,Urban,0.27,1.71,48.57,Rejected
31,Female,No,2,Not Graduate,Self Employed,135238,33420,4873,1420953,508,1,Personal,4042335,180,Urban,0.28,10.51,69.49,Approved
57,Male,No,3,Not Graduate,Business,103225,47903,1753,1148226,660,1,Personal,1711084,180,Urban,0.48,11.12,69.03,Approved
28,Male,No,3,Graduate,Self Employed,27583,11339,854,442634,337,0,Personal,1154636,240,Urban,0.44,16.05,52.82,Rejected
55,Male,Yes,4,Graduate,Self Employed,62554,5970,15360,522524,625,1,Education,3100236,240,Semiurban,0.34,8.35,66.76,Approved
21,Male,Yes,4,Graduate,Business,96223,13511,13068,130063,748,0,Vehicle,730157,60,Semiurban,0.28,1.35,61.51,Approved
38,Male,No,1,Not Graduate,Government,239208,37008,16611,1002008,624,1,Education,3761611,120,Semiurban,0.22,4.19,68.95,Approved
54,Male,Yes,1,Graduate,Self Employed,97031,13276,2401,176166,732,1,Education,559814,120,Rural,0.16,1.82,65.2,Approved
59,Female,Yes,2,Graduate,Private,93158,50183,13846,829798,626,0,Personal,4254429,180,Semiurban,0.69,8.91,58.74,Rejected
37,Female,Yes,1,Graduate,Self Employed,217148,118533,17716,1227371,622,0,Education,382970,180,Rural,0.63,5.65,58.81,Rejected
39,Male,Yes,1,Not Graduate,Government,78658,47064,9522,1353786,735,0,Personal,199671,240,Rural,0.72,17.21,64.23,Rejected
59,Male,No,4,Not Graduate,Business,138716,54249,3507,243781,870,0,Personal,2400906,60,Rural,0.42,1.76,65.24,Rejected
41,Female,No,3,Not Graduate,Self Employed,83031,20605,8764,1482482,528,1,Education,2185486,240,Rural,0.35,17.85,66.18,Approved
51,Male,Yes,3,Not Graduate,Private,239178,100109,54832,516293,378,1,Vehicle,509208,180,Urban,0.65,2.16,41.25,Rejected
57,Male,No,0,Graduate,Government,155879,47922,26072,1178132,886,1,Vehicle,249732,300,Semiurban,0.47,7.56,76.49,Approved
31,Male,No,2,Graduate,Business,146639,79778,10037,1063169,369,1,Education,1386133,240,Semiurban,0.61,7.25,48.39,Approved
53,Male,No,1,Graduate,Business,40175,18959,1554,199551,654,1,Personal,3297984,120,Rural,0.51,4.97,55.29,Rejected
52,Male,Yes,3,Graduate,Government,219789,21087,9836,1410357,420,1,Vehicle,1270582,300,Urban,0.14,6.42,66.07,Approved
31,Male,Yes,0,Graduate,Business,122281,68706,16330,297316,654,0,Home,4454553,180,Semiurban,0.7,2.43,47.96,Rejected
28,Female,Yes,3,Graduate,Business,44098,11208,4575,375887,808,1,Home,1307741,120,Semiurban,0.36,8.52,73.99,Approved
52,Male,No,2,Graduate,Government,197270,45569,47345,326798,312,1,Home,390968,240,Rural,0.47,1.66,40.94,Rejected
36,Female,No,0,Not Graduate,Self Employed,37171,14420,2350,728021,351,1,Home,2868302,120,Rural,0.45,19.59,53.55,Rejected
21,Female,No,4,Not Graduate,Self Employed,179329,97554,39772,479211,704,1,Home,4198367,120,Semiurban,0.77,2.67,50.83,Approved
58,Female,No,1,Graduate,Government,130696,14364,4183,1232629,452,0,Home,2789551,60,Urban,0.14,9.43,69.92,Approved
25,Male,Yes,0,Graduate,Government,144629,48014,12302,792144,345,0,Vehicle,3497433,300,Semiurban,0.42,5.48,49.56,Rejected
54,Female,Yes,1,Graduate,Private,235685,38056,11885,488459,474,0,Education,2191037,300,Semiurban,0.21,2.07,58.28,Rejected
51,Male,No,1,Graduate,Private,145839,6564,34523,750836,875,1,Home,4124224,300,Urban,0.28,5.15,76.57,Approved
28,Male,Yes,3,Graduate,Private,118509,12088,16903,23681,514,1,Personal,3223719,60,Rural,0.24,0.2,50.65,Rejected
35,Male,No,4,Not Graduate,Business,207267,83455,35682,1182542,552,0,Home,3826747,180,Rural,0.57,5.71,56.99,Rejected
49,Male,Yes,0,Graduate,Private,136755,13021,16397,1215574,572,1,Home,2668583,180,Semiurban,0.22,8.89,72.22,Approved
40,Male,No,3,Graduate,Government,104114,20246,11667,685093,819,0,Home,2312922,300,Rural,0.31,6.58,74.53,Approved
27,Male,Yes,4,Graduate,Private,155652,47206,3798,295802,847,1,Education,4136973,300,Rural,0.33,1.9,67.84,Approved
31,Female,No,2,Graduate,Self Employed,38389,17160,6982,628213,402,1,Home,1914999,60,Semiurban,0.63,16.36,50.54,Rejected
22,Female,No,3,Not Graduate,Government,188986,91835,45750,852193,518,0,Personal,937763,300,Urban,0.73,4.51,47.76,Rejected
48,Male,Yes,4,Not Graduate,Business,214920,33864,1675,1257742,550,1,Home,1057047,120,Semiurban,0.17,5.85,69.78,Approved
24,Male,No,3,Graduate,Self Employed,22207,8521,3978,1210066,516,0,Education,918079,300,Rural,0.56,54.49,56.94,Rejected
29,Male,Yes,2,Not Graduate,Private,31818,12812,1178,212375,700,0,Vehicle,3864521,180,Urban,0.44,6.67,62.54,Rejected
40,Female,No,3,Graduate,Private,114420,62611,25865,683748,362,1,Vehicle,1227442,300,Rural,0.77,5.98,39.42,Approved
59,Male,No,1,Not Graduate,Self Employed,183649,88327,7841,281341,324,1,Home,386940,300,Semiurban,0.52,1.53,39.1,Rejected
51,Male,Yes,2,Not Graduate,Government,160800,17938,37248,1277708,724,1,Vehicle,2799733,240,Semiurban,0.34,7.95,74.21,Approved
49,Male,No,2,Not Graduate,Private,28812,10154,2132,126458,670,0,Vehicle,2833266,240,Semiurban,0.43,4.39,56.92,Rejected
38,Male,Yes,0,Graduate,Self Employed,189342,70328,20706,1271265,548,0,Personal,700241,120,Semiurban,0.48,6.71,60.93,Rejected
26,Female,Yes,2,Graduate,Self Employed,185171,67751,1252,1207287,373,1,Vehicle,3735566,180,Semiurban,0.37,6.52,55.84,Approved
54,Female,Yes,0,Graduate,Government,97017,7451,737,624232,722,1,Vehicle,2213252,300,Semiurban,0.08,6.43,76.31,Approved
45,Male,No,4,Not Graduate,Business,64668,28676,6656,49692,588,0,Vehicle,3424534,240,Urban,0.55,0.77,43.87,Rejected
41,Female,No,0,Graduate,Private,159026,10180,30835,1273404,639,0,Personal,4354221,60,Urban,0.26,8.01,73.04,Approved
27,Female,No,1,Not Graduate,Government,165980,93478,7700,782036,879,1,Personal,2686002,120,Urban,0.61,4.71,66.84,Approved
42,Male,No,0,Not Graduate,Business,38653,19183,4497,1018787,795,1,Home,951635,60,Rural,0.61,26.36,68.5,Approved
35,Male,Yes,0,Not Graduate,Self Employed,143682,12590,10627,769633,614,1,Personal,3566968,300,Semiurban,0.16,5.36,68.9,Approved
39,Female,No,4,Not Graduate,Business,115806,54878,21090,1069221,484,1,Vehicle,804622,300,Urban,0.66,9.23,54.93,Approved
32,Male,Yes,1,Not Graduate,Private,91265,53882,22375,1437523,585,1,Home,4950934,240,Rural,0.84,15.75,54.58,Rejected
41,Male,No,2,Not Graduate,Government,21301,9705,2535,816331,647,1,Education,2068198,300,Urban,0.57,38.32,62.37,Rejected
39,Female,Yes,3,Graduate,Self Employed,124149,67566,13699,544025,885,1,Home,3898062,300,Urban,0.65,4.38,63.43,Approved
41,Male,No,1,Not Graduate,Government,167561,18056,35259,963320,425,1,Home,4614990,300,Semiurban,0.32,5.75,57.54,Approved
40,Female,No,3,Not Graduate,Self Employed,201980,57465,49384,130317,383,0,Home,3160004,120,Semiurban,0.53,0.65,40.52,Rejected
37,Male,No,4,Graduate,Government,137525,62046,32520,42496,843,1,Education,3853899,180,Rural,0.69,0.31,52.96,Rejected
28,Male,No,3,Graduate,Self Employed,147123,11082,19858,591902,756,1,Education,1030993,180,Urban,0.21,4.02,71.22,Approved
43,Female,No,0,Graduate,Business,216573,7394,45692,189415,668,1,Vehicle,2247881,300,Semiurban,0.25,0.87,62.75,Approved
23,Female,No,2,Graduate,Business,122090,33373,16076,551771,573,1,Vehicle,2923874,180,Rural,0.41,4.52,57.24,Approved
51,Female,No,1,Graduate,Business,200839,40584,12041,16761,641,0,Vehicle,1910398,60,Rural,0.26,0.08,58.83,Rejected
49,Male,No,3,Graduate,Private,144466,55996,21429,1419813,819,1,Personal,4758383,300,Semiurban,0.54,9.83,75.76,Approved
31,Female,No,0,Graduate,Self Employed,131062,75819,1019,1344252,491,1,Education,2668860,180,Rural,0.59,10.26,59.48,Approved
32,Female,Yes,2,Graduate,Government,146339,84057,26090,225189,742,1,Home,4111423,240,Semiurban,0.75,1.54,49.33,Rejected
54,Female,Yes,2,Not Graduate,Government,130120,42739,18489,145538,900,0,Education,1719376,240,Rural,0.47,1.12,63.33,Rejected
42,Male,No,1,Not Graduate,Private,110247,7364,3247,824108,375,1,Education,4096600,300,Urban,0.1,7.48,63.14,Approved
51,Male,Yes,0,Not Graduate,Government,25540,13583,518,422460,520,1,Personal,1286309,120,Semiurban,0.55,16.54,57.57,Rejected
40,Male,Yes,3,Graduate,Business,183451,41884,6400,1168048,303,0,Education,4942058,180,Rural,0.26,6.37,55.64,Rejected
60,Male,Yes,1,Not Graduate,Self Employed,88902,7583,8102,152965,409,0,Education,892152,180,Semiurban,0.18,1.72,49.88,Rejected
43,Female,Yes,0,Graduate,Government,232263,54431,54158,493368,876,0,Vehicle,3327699,240,Rural,0.47,2.12,68.45,Approved
48,Female,Yes,1,Not Graduate,Private,166177,93560,13618,1020137,665,1,Home,4545133,300,Semiurban,0.64,6.14,59.13,Approved
45,Male,No,3,Graduate,Business,184576,77075,41282,690533,354,0,Personal,1604166,240,Semiurban,0.64,3.74,41.36,Rejected
29,Male,No,4,Graduate,Government,125127,25759,11722,107691,637,1,Home,1424900,240,Semiurban,0.3,0.86,56.05,Approved
60,Male,No,2,Graduate,Self Employed,57639,17929,9148,977556,799,0,Vehicle,764865,120,Rural,0.47,16.96,73.72,Approved
48,Female,Yes,4,Not Graduate,Self Employed,87400,37627,17641,814362,385,0,Vehicle,251095,240,Semiurban,0.63,9.32,50.27,Rejected
31,Female,No,2,Graduate,Business,46301,15379,7963,472215,376,0,Home,253088,180,Urban,0.5,10.2,53.44,Rejected
37,Male,Yes,3,Graduate,Government,55297,24501,12707,596846,555,0,Education,571683,120,Semiurban,0.67,10.79,56.69,Rejected
44,Female,Yes,2,Not Graduate,Private,229810,98743,20830,72839,380,0,Vehicle,1853439,60,Rural,0.52,0.32,41.11,Rejected
26,Male,Yes,2,Not Graduate,Business,123721,63054,27634,482379,393,0,Education,582653,60,Rural,0.73,3.9,38.22,Rejected
25,Female,No,4,Graduate,Government,138229,52115,27187,68235,811,0,Personal,1650930,60,Rural,0.57,0.49,55.35,Rejected
49,Male,No,1,Graduate,Self Employed,232673,16610,5467,21937,400,1,Home,3570630,120,Urban,0.09,0.09,54.43,Approved
56,Male,Yes,2,Graduate,Government,129033,15137,6839,1109365,690,1,Vehicle,3676534,240,Urban,0.17,8.6,77.91,Approved
31,Female,Yes,2,Graduate,Business,162209,10429,18136,997676,385,0,Personal,372994,180,Semiurban,0.18,6.15,60.62,Approved
24,Male,No,1,Graduate,Government,169992,47988,40058,1325203,716,0,Home,4142629,240,Rural,0.52,7.8,68.67,Approved
33,Female,No,3,Not Graduate,Self Employed,33024,18882,5363,548272,814,1,Education,1355515,180,Semiurban,0.73,16.6,65.47,Rejected
43,Male,No,1,Graduate,Business,125044,39201,24809,129320,696,1,Education,1019636,240,Semiurban,0.51,1.03,52.65,Approved
37,Male,Yes,3,Not Graduate,Government,227967,35358,19667,1188089,871,0,Education,565707,180,Rural,0.24,5.21,81.01,Approved
22,Male,No,2,Not Graduate,Self Employed,31020,14120,1395,851992,803,1,Vehicle,491230,180,Semiurban,0.5,27.47,71.92,Approved
39,Male,No,2,Graduate,Business,220737,23998,49068,858097,805,0,Personal,3007060,60,Urban,0.33,3.89,72.45,Approved
42,Male,Yes,3,Not Graduate,Private,127664,71826,8259,1304831,754,0,Vehicle,1299399,180,Urban,0.63,10.22,69.8,Approved
47,Male,No,1,Graduate,Self Employed,120178,15301,14389,1380239,310,0,Education,4586854,60,Semiurban,0.25,11.48,61.17,Rejected
35,Female,No,4,Not Graduate,Private,196080,34573,39057,1374317,778,1,Education,978895,60,Semiurban,0.38,7.01,75.17,Approved
37,Male,No,0,Not Graduate,Government,27679,13098,3542,39155,382,1,Vehicle,1030145,300,Urban,0.6,1.41,32.88,Rejected
21,Female,No,4,Not Graduate,Private,152881,42217,24099,770405,767,1,Personal,4541550,240,Semiurban,0.43,5.04,67.27,Approved
51,Male,No,3,Not Graduate,Private,200370,17103,39591,344122,481,0,Vehicle,1084153,180,Urban,0.28,1.72,54.34,Rejected
21,Male,Yes,2,Graduate,Self Employed,66322,28825,15901,1131423,527,0,Education,3991198,180,Rural,0.67,17.06,55.84,Rejected
24,Male,Yes,0,Not Graduate,Business,231847,80123,45093,985855,700,0,Personal,1579466,120,Semiurban,0.54,4.25,62.69,Approved
46,Male,Yes,4,Graduate,Self Employed,45175,5477,9164,1141868,339,0,Vehicle,4217876,60,Urban,0.32,25.28,57.15,Rejected
46,Male,Yes,3,Graduate,Self Employed,36323,12421,6089,716847,660,0,Vehicle,1133893,240,Semiurban,0.51,19.74,65.5,Rejected
45,Male,No,3,Graduate,Self Employed,249627,96021,35500,841662,497,1,Personal,1213618,180,Urban,0.53,3.37,53.01,Approved
45,Female,Yes,1,Graduate,Private,66606,26379,9040,764108,347,0,Education,2350092,60,Rural,0.53,11.47,52.13,Rejected
49,Female,Yes,4,Not Graduate,Government,234230,57452,41680,612947,420,0,Personal,137462,240,Semiurban,0.42,2.62,50.57,Rejected
41,Female,No,1,Graduate,Government,218303,5762,18130,913023,363,0,Vehicle,3573628,60,Rural,0.11,4.18,59.95,Rejected
55,Female,Yes,3,Not Graduate,Private,143289,53885,348,606908,589,1,Personal,2741413,300,Urban,0.38,4.24,59.03,Approved
24,Female,No,0,Graduate,Self Employed,191665,74437,37810,59494,463,1,Education,2305242,180,Urban,0.59,0.31,41.3,Rejected
33,Male,Yes,2,Graduate,Government,183363,76489,21480,1039580,636,1,Education,1859518,300,Rural,0.53,5.67,60.91,Approved
21,Female,Yes,3,Not Graduate,Government,120351,25960,16728,355212,813,1,Personal,3828000,120,Semiurban,0.35,2.95,66.21,Approved
41,Male,Yes,0,Not Graduate,Private,160573,52281,4781,680255,678,0,Personal,1681507,180,Urban,0.36,4.24,64.37,Approved
37,Female,Yes,0,Not Graduate,Self Employed,196288,104715,22644,38224,670,0,Home,1109685,300,Rural,0.65,0.19,48.55,Rejected
38,Male,Yes,2,Graduate,Business,46693,9167,361,16797,804,1,Personal,2405595,180,Urban,0.2,0.36,62.2,Rejected
42,Female,Yes,1,Graduate,Self Employed,126736,24057,25709,812525,875,1,Education,1996884,300,Semiurban,0.39,6.41,75.0,Approved
60,Male,Yes,4,Graduate,Business,66705,18346,1587,797425,352,1,Education,1766773,240,Urban,0.3,11.95,59.35,Approved
49,Male,Yes,2,Graduate,Private,145090,31893,19469,1301111,388,0,Vehicle,4589601,60,Rural,0.35,8.97,60.36,Rejected
35,Female,No,4,Not Graduate,Private,132899,43991,13602,906578,658,0,Personal,2668872,180,Rural,0.43,6.82,65.2,Approved
59,Female,No,3,Graduate,Business,28317,13897,4781,680280,411,1,Education,2052117,60,Rural,0.66,24.02,49.61,Rejected
49,Female,No,1,Graduate,Government,53745,11503,128,599700,459,0,Home,1962426,300,Rural,0.22,11.16,66.06,Rejected
36,Male,No,0,Graduate,Business,27102,15003,5949,1391945,457,1,Personal,2268502,60,Urban,0.77,51.36,48.2,Rejected
40,Male,No,3,Not Graduate,Business,142500,10256,32744,1378008,456,1,Personal,1443789,240,Semiurban,0.3,9.67,66.25,Approved
51,Female,No,1,Not Graduate,Government,113565,18445,15909,415866,842,0,Home,1788185,120,Urban,0.3,3.66,70.21,Approved
57,Female,Yes,0,Graduate,Business,141671,70534,3301,1333102,777,1,Personal,4492594,240,Urban,0.52,9.41,73.38,Approved
27,Male,No,1,Not Graduate,Self Employed,158255,94862,11394,1070081,369,1,Education,194567,60,Semiurban,0.67,6.76,46.11,Approved
46,Male,Yes,3,Graduate,Business,210555,118454,10710,784866,475,1,Education,2805538,300,Urban,0.61,3.73,48.59,Rejected
48,Male,No,4,Graduate,Private,185490,42419,6610,1406339,767,1,Personal,1919856,60,Urban,0.26,7.58,78.74,Approved
56,Male,Yes,2,Graduate,Business,210166,38879,16869,1122974,766,0,Vehicle,4579383,120,Urban,0.27,5.34,75.18,Approved
37,Female,No,4,Not Graduate,Self Employed,212998,88152,8879,821366,361,0,Personal,1916564,60,Rural,0.46,3.86,48.61,Rejected
53,Male,No,3,Not Graduate,Business,34709,10245,7807,1342559,610,0,Personal,4556064,240,Rural,0.52,38.68,62.9,Rejected
56,Male,Yes,3,Graduate,Business,205083,115225,15807,930262,409,0,Education,4511439,300,Semiurban,0.64,4.54,46.29,Rejected
22,Female,Yes,2,Not Graduate,Self Employed,161692,88440,6450,502694,750,0,Personal,2479892,120,Urban,0.59,3.11,58.41,Approved
51,Female,No,1,Not Graduate,Self Employed,175766,83943,18058,538547,552,0,Personal,4267297,300,Urban,0.58,3.06,50.28,Rejected
49,Male,Yes,2,Not Graduate,Self Employed,133954,22676,2098,1117038,616,0,Education,4469236,180,Rural,0.18,8.34,73.87,Approved
46,Female,Yes,0,Not Graduate,Self Employed,137708,43574,26626,819909,442,0,Education,4386561,180,Semiurban,0.51,5.95,51.77,Rejected
42,Male,No,2,Not Graduate,Private,88960,26895,18422,894811,711,1,Home,1598671,300,Rural,0.51,10.06,69.88,Approved
24,Female,Yes,1,Not Graduate,Self Employed,181452,40560,2862,919020,324,0,Vehicle,2279228,60,Urban,0.24,5.06,54.61,Approved
54,Male,No,1,Not Graduate,Private,82022,45379,4422,435488,849,1,Home,1401369,180,Rural,0.61,5.31,63.42,Approved
37,Female,No,1,Not Graduate,Self Employed,42774,6979,3713,765818,711,1,Education,2353894,300,Urban,0.25,17.9,75.81,Approved
56,Female,Yes,3,Graduate,Business,238217,47187,26897,315468,792,0,Vehicle,134117,240,Urban,0.31,1.32,68.05,Approved
24,Male,Yes,3,Not Graduate,Business,244225,107330,41726,86285,899,1,Personal,2488598,300,Urban,0.61,0.35,62.12,Approved
57,Male,Yes,0,Graduate,Self Employed,122820,51611,27345,1406717,630,1,Vehicle,2708704,120,Urban,0.64,11.45,63.63,Approved
24,Male,No,4,Not Graduate,Self Employed,54155,26447,12045,1039523,605,0,Personal,2740660,120,Rural,0.71,19.2,57.73,Rejected
29,Female,No,1,Graduate,Self Employed,222828,130604,12995,341026,411,1,Education,3233282,240,Rural,0.64,1.53,40.91,Rejected
27,Male,No,0,Not Graduate,Government,246631,35918,53330,1047435,395,0,Vehicle,107796,120,Semiurban,0.36,4.25,55.06,Rejected
23,Male,No,2,Graduate,Private,140162,60119,16858,524220,617,1,Education,2938969,120,Semiurban,0.55,3.74,54.03,Approved
43,Male,No,1,Not Graduate,Self Employed,148540,39522,5212,181324,721,0,Home,4364312,180,Rural,0.3,1.22,61.39,Rejected
57,Female,Yes,4,Not Graduate,Business,114149,44289,20949,1186376,805,1,Home,597732,180,Rural,0.57,10.39,73.2,Approved
25,Female,No,1,Graduate,Private,33037,18202,1621,847531,580,0,Personal,2164417,120,Rural,0.6,25.65,59.1,Rejected
52,Female,No,2,Not Graduate,Private,79742,14534,19436,1482669,616,1,Education,4506536,240,Semiurban,0.43,18.59,67.79,Approved
39,Male,No,3,Not Graduate,Private,88636,46699,20855,834903,580,1,Home,4377640,120,Rural,0.76,9.42,55.3,Rejected
39,Male,Yes,3,Not Graduate,Government,25710,5527,4886,1210212,752,1,Vehicle,1557448,300,Rural,0.41,47.07,72.3,Approved
31,Male,Yes,3,Not Graduate,Private,51746,9216,8237,275598,733,1,Vehicle,4041251,60,Urban,0.34,5.33,65.18,Approved
39,Male,Yes,2,Not Graduate,Self Employed,167784,80101,37216,195794,670,1,Home,2318779,180,Semiurban,0.7,1.17,47.85,Rejected
43,Male,Yes,1,Not Graduate,Private,89530,23037,1830,990204,327,0,Education,1915759,60,Rural,0.28,11.06,59.78,Approved
36,Female,No,1,Not Graduate,Self Employed,161525,90959,17660,693978,321,1,Home,1136094,120,Rural,0.67,4.3,39.15,Rejected
31,Male,Yes,0,Graduate,Self Employed,100889,46771,4986,208518,823,0,Vehicle,2247714,180,Semiurban,0.51,2.07,59.36,Approved
56,Male,No,3,Graduate,Self Employed,35267,11060,463,941027,325,1,Personal,3473735,120,Semiurban,0.33,26.68,56.05,Rejected
34,Male,No,3,Graduate,Business,207116,91084,50002,433955,433,1,Vehicle,3900072,120,Urban,0.68,2.1,41.28,Rejected
52,Male,No,3,Graduate,Self Employed,154591,86462,15834,934695,829,1,Education,2858271,120,Rural,0.66,6.05,65.27,Approved
33,Female,Yes,3,Graduate,Business,114882,23160,8772,235715,900,0,Vehicle,3894789,300,Urban,0.28,2.05,70.36,Approved
54,Male,No,1,Graduate,Government,129945,51124,3429,672027,891,1,Home,4140568,180,Semiurban,0.42,5.17,72.55,Approved
55,Female,Yes,2,Not Graduate,Private,70611,18420,2315,1368114,756,0,Personal,1888150,180,Semiurban,0.29,19.38,77.61,Approved
42,Female,Yes,4,Not Graduate,Government,245278,126842,24868,766600,351,0,Personal,271078,60,Urban,0.62,3.13,43.11,Rejected
31,Female,No,2,Not Graduate,Self Employed,34785,17590,81,746173,423,0,Vehicle,2006770,300,Rural,0.51,21.45,54.95,Rejected
24,Female,Yes,0,Graduate,Business,76561,37502,12552,1264269,513,0,Education,4928027,120,Rural,0.65,16.51,56.25,Rejected
52,Female,No,1,Graduate,Self Employed,155165,85087,31177,675341,499,0,Personal,3018508,120,Rural,0.75,4.35,44.61,Rejected
37,Male,No,1,Graduate,Self Employed,105241,34233,19745,414362,399,1,Vehicle,2206344,300,Semiurban,0.51,3.94,44.43,Approved
28,Female,No,2,Not Graduate,Private,185935,39432,43852,434690,866,1,Personal,4920927,120,Semiurban,0.45,2.34,67.16,Approved
49,Male,No,3,Graduate,Self Employed,158396,48438,363,1366976,755,0,Vehicle,1021137,300,Urban,0.31,8.63,77.91,Approved
43,Male,Yes,0,Graduate,Government,191187,74632,28479,959865,433,0,Education,3079031,300,Urban,0.54,5.02,50.75,Rejected
38,Female,No,3,Not Graduate,Government,182330,58501,26373,972843,685,0,Personal,2892518,60,Rural,0.47,5.34,64.44,Approved
38,Male,No,0,Graduate,Government,68593,30703,12190,727571,764,1,Vehicle,3970821,180,Semiurban,0.63,10.61,67.94,Approved
46,Female,No,1,Graduate,Self Employed,145748,44434,5478,133015,645,0,Education,4459157,180,Rural,0.34,0.91,56.05,Rejected
22,Male,Yes,1,Graduate,Business,248707,116732,49856,1483574,490,0,Vehicle,4170405,60,Semiurban,0.67,5.97,53.56,Rejected
27,Female,No,1,Not Graduate,Private,239246,8327,21101,437483,603,0,Personal,4216632,300,Urban,0.12,1.83,66.34,Rejected
47,Male,Yes,0,Not Graduate,Government,112174,61862,1840,1014541,414,0,Education,3439330,60,Semiurban,0.57,9.04,53.94,Rejected
59,Male,Yes,3,Not Graduate,Government,106942,42760,1920,574541,421,0,Education,4916067,240,Semiurban,0.42,5.37,51.2,Rejected
59,Female,Yes,0,Not Graduate,Self Employed,136172,9230,25378,1421592,349,1,Vehicle,3624818,60,Urban,0.25,10.44,63.33,Approved
30,Male,Yes,4,Not Graduate,Business,206685,66484,29643,1191085,852,0,Vehicle,1918618,240,Semiurban,0.47,5.76,73.71,Approved
60,Female,No,4,Not Graduate,Private,137176,38244,32913,402998,539,0,Personal,4880503,240,Urban,0.52,2.94,49.76,Rejected
41,Female,No,2,Not Graduate,Government,50319,11370,12469,463154,693,1,Home,836928,60,Semiurban,0.47,9.2,67.01,Approved
45,Female,Yes,2,Graduate,Private,160170,28922,19252,860845,615,0,Home,3869675,60,Semiurban,0.3,5.37,65.47,Approved
41,Male,No,1,Graduate,Government,117963,58518,20928,504529,780,0,Home,1091215,300,Urban,0.67,4.28,57.73,Rejected
44,Male,Yes,1,Not Graduate,Government,26903,9518,3605,1256004,349,1,Education,2660839,180,Rural,0.49,46.69,51.95,Rejected
37,Male,No,4,Graduate,Business,45753,24819,3649,1302322,561,0,Education,4795310,300,Urban,0.62,28.46,58.1,Rejected
25,Male,No,4,Graduate,Government,183481,70605,27915,1432197,351,1,Personal,2545303,180,Urban,0.54,7.81,52.44,Approved
48,Female,No,0,Graduate,Self Employed,219030,66157,44881,329002,584,0,Personal,3532855,240,Urban,0.51,1.5,52.51,Rejected
56,Male,No,4,Not Graduate,Private,93434,49455,381,544658,791,1,Vehicle,4161450,120,Semiurban,0.53,5.83,64.55,Approved
21,Male,Yes,0,Graduate,Government,115813,9227,24458,1100362,723,0,Education,3015453,300,Rural,0.29,9.5,77.04,Approved
59,Female,Yes,1,Not Graduate,Business,186112,66373,27482,563581,402,1,Vehicle,4345096,120,Urban,0.5,3.03,46.24,Approved
44,Male,Yes,0,Graduate,Private,245674,110779,15230,455124,568,0,Home,3816712,240,Rural,0.51,1.85,53.39,Rejected
51,Male,No,4,Not Graduate,Private,130793,71342,5646,502386,669,1,Vehicle,1765195,180,Semiurban,0.59,3.84,54.99,Approved
55,Male,Yes,1,Graduate,Government,51644,15267,10616,720664,788,1,Vehicle,935956,180,Urban,0.5,13.95,72.05,Approved
34,Female,No,1,Graduate,Private,143352,52397,912,1067468,520,1,Home,1084876,240,Semiurban,0.37,7.45,62.58,Approved
31,Female,Yes,1,Graduate,Business,81532,21457,4743,211333,509,1,Education,4932718,240,Semiurban,0.32,2.59,51.43,Approved
48,Male,Yes,3,Graduate,Private,117985,7491,403,891468,565,1,Vehicle,4488934,60,Semiurban,0.07,7.56,72.93,Approved
54,Male,No,0,Not Graduate,Private,156155,54681,12267,776119,655,1,Home,4936369,120,Rural,0.43,4.97,62.44,Approved
49,Male,No,1,Not Graduate,Self Employed,209778,33519,24938,50830,836,0,Vehicle,3053295,300,Urban,0.28,0.24,67.67,Approved
29,Female,Yes,1,Graduate,Self Employed,140634,53925,1316,143203,386,1,Home,1238156,240,Rural,0.39,1.02,43.03,Approved
22,Male,No,0,Not Graduate,Self Employed,144990,49232,24885,1473735,857,1,Home,4189896,60,Urban,0.51,10.16,78.55,Approved
49,Female,Yes,4,Graduate,Business,85057,38153,6039,1141674,897,0,Home,1358586,120,Rural,0.52,13.42,77.68,Approved
60,Female,No,3,Not Graduate,Private,219089,89562,31897,825626,576,1,Vehicle,1054393,120,Rural,0.55,3.77,55.27,Approved
41,Female,Yes,1,Graduate,Government,161990,91088,13468,598518,717,1,Vehicle,1203190,300,Rural,0.65,3.69,56.37,Approved
45,Male,Yes,4,Graduate,Self Employed,39705,23317,6161,103039,742,0,Vehicle,2951029,60,Urban,0.74,2.6,47.48,Rejected
45,Male,Yes,4,Graduate,Government,119911,24097,19078,1092752,686,0,Vehicle,1656431,240,Rural,0.36,9.11,72.71,Approved
44,Female,Yes,0,Graduate,Self Employed,190636,29988,41548,36144,668,1,Vehicle,3582679,120,Semiurban,0.38,0.19,56.44,Approved
23,Female,No,0,Graduate,Private,103651,16017,17927,1118760,859,0,Education,360484,300,Urban,0.33,10.79,82.5,Approved
26,Male,No,0,Not Graduate,Private,73565,31231,841,522725,723,0,Vehicle,4783788,300,Semiurban,0.44,7.11,66.21,Rejected
37,Female,Yes,3,Graduate,Government,240309,57010,11389,914991,806,1,Education,1881856,300,Urban,0.28,3.81,74.51,Approved
25,Male,Yes,2,Graduate,Business,203088,36547,3057,1249989,780,1,Vehicle,3252441,300,Rural,0.2,6.15,79.25,Approved
37,Male,Yes,4,Graduate,Government,37224,22223,7741,595679,773,0,Personal,2015939,60,Urban,0.8,16.0,61.7,Rejected
31,Female,No,4,Not Graduate,Business,121619,5966,7117,130086,434,0,Personal,1215107,60,Semiurban,0.11,1.07,53.07,Rejected
54,Male,No,0,Not Graduate,Private,204352,37046,9211,1045846,622,0,Personal,4571651,180,Rural,0.23,5.12,69.26,Approved
31,Male,No,1,Graduate,Business,50500,17486,5637,283234,764,0,Education,850200,300,Rural,0.46,5.61,63.46,Approved
27,Male,No,1,Graduate,Government,24876,6137,3765,1272414,485,1,Personal,1991652,240,Rural,0.4,51.15,60.61,Rejected
31,Male,Yes,4,Graduate,Government,76447,34411,1048,380413,330,0,Vehicle,140979,60,Semiurban,0.46,4.98,43.76,Rejected
45,Female,Yes,1,Not Graduate,Government,142008,69924,9360,1039549,460,0,Vehicle,3157324,60,Rural,0.56,7.32,54.02,Rejected
57,Male,No,1,Not Graduate,Private,83170,18553,11875,67089,414,1,Home,3633390,120,Semiurban,0.37,0.81,42.36,Rejected
25,Male,No,4,Not Graduate,Self Employed,51330,20903,4001,84439,671,0,Vehicle,943011,120,Urban,0.49,1.65,50.61,Rejected
29,Male,No,3,Graduate,Government,246741,44276,19229,10252,789,1,Personal,1790609,180,Rural,0.26,0.04,67.3,Approved
47,Female,No,1,Graduate,Government,78273,30158,7382,1396082,829,1,Education,2431617,120,Urban,0.48,17.84,75.59,Approved
59,Male,No,4,Graduate,Government,27252,14054,2444,223850,701,0,Education,4194836,180,Urban,0.61,8.21,60.51,Rejected
26,Female,No,4,Graduate,Government,90251,30646,11885,21406,318,0,Vehicle,3205197,180,Rural,0.47,0.24,34.08,Rejected
39,Female,No,1,Graduate,Government,151597,18834,1393,304533,518,0,Personal,896266,240,Semiurban,0.13,2.01,59.1,Rejected
27,Male,No,0,Graduate,Self Employed,220707,50751,2119,967218,651,0,Home,3370574,240,Semiurban,0.24,4.38,69.34,Approved
43,Male,No,3,Graduate,Self Employed,189739,25904,43376,314856,827,1,Home,3717861,180,Semiurban,0.37,1.66,66.71,Approved
55,Female,Yes,0,Graduate,Government,87394,41418,15930,178470,330,0,Education,2946753,120,Semiurban,0.66,2.04,32.56,Rejected
52,Female,No,0,Not Graduate,Business,225834,23698,47355,993596,417,1,Vehicle,2927932,120,Urban,0.31,4.4,56.93,Approved
39,Female,No,2,Graduate,Government,33039,7378,302,904496,896,1,Vehicle,4046596,120,Semiurban,0.23,27.38,84.17,Approved
48,Female,Yes,3,Graduate,Business,73248,32055,3042,89736,325,0,Vehicle,2812889,60,Rural,0.48,1.23,35.45,Rejected
54,Male,No,3,Not Graduate,Self Employed,30801,7471,6848,425467,728,0,Education,2579686,60,Semiurban,0.46,13.81,69.64,Rejected
24,Female,Yes,1,Graduate,Business,64511,26995,5292,433947,382,0,Vehicle,882710,240,Semiurban,0.5,6.73,48.0,Rejected
32,Male,Yes,4,Not Graduate,Business,38157,21114,6061,567639,332,0,Education,2174705,240,Rural,0.71,14.88,44.92,Rejected
23,Female,No,4,Graduate,Government,136814,29632,13380,453100,715,0,Personal,4656519,120,Rural,0.31,3.31,64.44,Approved
48,Female,No,0,Graduate,Government,224850,115197,25085,607461,695,1,Education,4122416,240,Semiurban,0.62,2.7,56.57,Approved
50,Female,No,1,Not Graduate,Government,165511,39273,23133,131569,379,1,Home,4911643,300,Rural,0.38,0.79,43.74,Rejected
30,Female,No,0,Graduate,Self Employed,51406,5271,2363,1102547,652,1,Personal,2204569,120,Rural,0.15,21.45,76.58,Approved
30,Female,No,1,Graduate,Private,68669,40488,13415,717469,877,0,Personal,4821092,300,Urban,0.78,10.45,68.18,Rejected
43,Male,Yes,4,Graduate,Business,71055,5990,14190,1035478,524,0,Home,545283,120,Rural,0.28,14.57,67.61,Rejected
54,Female,Yes,0,Not Graduate,Self Employed,141613,57671,9327,1469728,366,0,Personal,2854665,60,Semiurban,0.47,10.38,57.74,Rejected
27,Female,Yes,4,Not Graduate,Self Employed,96870,54775,10044,740542,584,0,Education,1076072,180,Urban,0.67,7.64,55.05,Rejected
53,Female,No,3,Graduate,Business,84404,12631,20766,675694,681,1,Education,3661892,300,Semiurban,0.4,8.01,67.78,Approved
59,Female,Yes,4,Not Graduate,Private,213163,58600,14849,354069,787,0,Home,2318544,120,Semiurban,0.34,1.66,66.49,Approved
23,Male,Yes,4,Graduate,Business,127235,58149,25060,683489,411,1,Personal,2059356,180,Urban,0.65,5.37,44.48,Approved
22,Female,No,4,Graduate,Private,171335,71455,29095,816670,860,0,Education,380123,180,Rural,0.59,4.77,67.0,Approved
26,Male,No,0,Graduate,Business,68781,20580,14016,513977,752,1,Home,3979701,120,Rural,0.5,7.47,66.03,Approved
23,Male,Yes,0,Not Graduate,Private,95298,9919,6174,732381,793,0,Education,4810520,120,Semiurban,0.17,7.69,79.36,Approved
28,Male,Yes,2,Not Graduate,Self Employed,64715,6649,7294,439858,561,1,Education,2020621,180,Semiurban,0.22,6.8,64.65,Approved
28,Female,No,2,Not Graduate,Business,138505,30427,4208,1377148,400,1,Vehicle,1577430,240,Semiurban,0.25,9.94,65.7,Approved
35,Female,Yes,0,Not Graduate,Private,163869,30473,2971,271253,605,1,Education,4353883,60,Semiurban,0.2,1.66,60.63,Approved
44,Female,Yes,4,Graduate,Business,37964,21654,618,1417175,432,1,Vehicle,3473451,120,Rural,0.59,37.33,53.12,Rejected
54,Male,No,0,Not Graduate,Private,88761,50382,12371,81270,858,1,Home,3740071,120,Urban,0.71,0.92,52.31,Rejected
37,Male,Yes,4,Graduate,Private,138337,22523,9942,1246213,506,0,Vehicle,2946782,60,Rural,0.23,9.01,69.0,Approved
35,Male,Yes,2,Graduate,Government,125340,42516,16059,874905,561,0,Education,1757492,300,Rural,0.47,6.98,59.89,Rejected
47,Male,Yes,1,Not Graduate,Private,203147,26150,41657,1032114,871,0,Personal,3151596,180,Urban,0.33,5.08,76.98,Approved
58,Male,No,4,Graduate,Government,65850,10791,6556,843670,798,0,Education,530780,120,Urban,0.26,12.81,80.2,Approved
53,Female,Yes,3,Not Graduate,Self Employed,23496,7531,4185,1044141,617,0,Education,1441037,240,Rural,0.5,44.44,63.4,Rejected
37,Male,Yes,2,Graduate,Private,174051,16544,27357,1018252,849,0,Home,4555070,300,Rural,0.25,5.85,78.83,Approved
36,Female,Yes,4,Not Graduate,Private,218399,12584,50927,1176346,458,0,Education,4436008,60,Semiurban,0.29,5.39,61.14,Approved
48,Female,Yes,4,Not Graduate,Private,236933,115557,38670,1093352,452,0,Home,458508,240,Urban,0.65,4.61,49.27,Rejected
40,Female,Yes,0,Not Graduate,Self Employed,229654,46757,15151,119022,698,1,Personal,641215,300,Semiurban,0.27,0.52,63.16,Approved
45,Female,Yes,0,Not Graduate,Government,242497,44430,36789,11835,561,1,Education,982425,120,Urban,0.33,0.05,54.68,Approved
56,Male,No,1,Not Graduate,Self Employed,100627,38016,10804,854511,490,0,Education,4667919,300,Semiurban,0.49,8.49,58.23,Rejected
25,Female,Yes,1,Not Graduate,Self Employed,126752,8320,23052,882446,492,1,Personal,2114765,240,Rural,0.25,6.96,63.44,Approved
57,Male,No,2,Not Graduate,Business,39517,18529,9726,1160875,557,0,Education,3494585,120,Rural,0.72,29.38,54.89,Rejected
36,Female,No,3,Graduate,Business,112679,19511,11228,1020517,763,1,Education,4500500,180,Rural,0.27,9.06,78.35,Approved
29,Female,No,4,Graduate,Self Employed,39322,22554,8405,1473511,496,1,Vehicle,2717704,300,Rural,0.79,37.47,50.0,Rejected
31,Male,No,0,Not Graduate,Private,90431,22496,10629,19115,486,1,Education,4265211,60,Urban,0.37,0.21,44.65,Rejected
28,Female,Yes,4,Not Graduate,Government,124323,19211,23700,17062,539,1,Education,1847540,120,Rural,0.35,0.14,48.85,Approved
39,Male,Yes,4,Graduate,Business,76064,37168,8370,198800,460,1,Personal,4399224,240,Semiurban,0.6,2.61,40.75,Rejected
41,Male,Yes,4,Not Graduate,Government,181144,82802,30311,16461,807,0,Home,771740,120,Urban,0.62,0.09,54.56,Rejected
60,Female,Yes,1,Not Graduate,Business,174154,43132,11902,762805,343,0,Education,3232979,240,Semiurban,0.32,4.38,51.49,Rejected
44,Female,No,2,Not Graduate,Private,186357,24459,36388,159404,311,1,Personal,2959519,240,Urban,0.33,0.86,43.19,Approved
42,Female,No,1,Not Graduate,Government,33315,14375,6631,23903,329,1,Education,1076738,240,Rural,0.63,0.72,28.47,Rejected
25,Female,Yes,0,Not Graduate,Self Employed,126397,7732,26362,1463144,468,1,Vehicle,3241745,240,Rural,0.27,11.58,67.76,Approved
50,Male,Yes,2,Graduate,Private,219005,95501,53535,821736,762,1,Education,2888371,180,Semiurban,0.68,3.75,59.72,Approved
46,Male,No,4,Graduate,Business,223114,28679,27388,54873,681,0,Home,4503103,300,Urban,0.25,0.25,62.14,Rejected
40,Female,No,3,Graduate,Government,154714,66112,20986,1095335,869,0,Vehicle,1005798,180,Rural,0.56,7.08,72.08,Approved
22,Male,No,1,Not Graduate,Self Employed,88183,26865,3450,299645,699,0,Home,3876425,300,Urban,0.34,3.4,61.08,Rejected
31,Male,Yes,0,Not Graduate,Business,76478,9597,5351,187768,502,1,Vehicle,2871251,240,Rural,0.2,2.46,54.42,Rejected
60,Male,Yes,3,Graduate,Business,125139,55772,25612,1178146,796,0,Home,581515,240,Rural,0.65,9.41,69.7,Approved
34,Female,No,3,Graduate,Self Employed,202921,14660,42424,1438182,679,0,Personal,2489228,60,Urban,0.28,7.09,74.03,Approved
46,Female,No,3,Not Graduate,Self Employed,178913,52352,38011,1386628,506,0,Home,2375911,300,Semiurban,0.51,7.75,59.99,Rejected
51,Male,No,0,Not Graduate,Self Employed,102210,26524,25541,956972,896,0,Home,352562,300,Semiurban,0.51,9.36,77.35,Approved
42,Female,Yes,1,Not Graduate,Business,73314,41688,17312,299925,686,1,Education,4893450,180,Urban,0.8,4.09,47.46,Rejected
36,Female,No,3,Not Graduate,Self Employed,240510,137699,39605,1232899,700,0,Education,4447120,240,Urban,0.74,5.13,58.87,Approved
57,Male,No,0,Graduate,Business,173114,10003,40843,608322,354,1,Vehicle,2284494,240,Semiurban,0.29,3.51,50.87,Approved
32,Female,Yes,3,Graduate,Business,98684,22871,11258,325750,791,1,Personal,610970,300,Semiurban,0.35,3.3,65.33,Approved
37,Female,Yes,4,Not Graduate,Business,34368,12477,5203,199513,551,0,Vehicle,3303020,60,Urban,0.51,5.81,52.04,Rejected
49,Male,Yes,1,Not Graduate,Self Employed,157152,83424,7546,1427600,319,1,Education,4129121,240,Urban,0.58,9.08,51.27,Approved
51,Female,Yes,0,Graduate,Private,239686,50440,21122,835627,762,1,Vehicle,3408581,120,Urban,0.3,3.49,71.47,Approved
51,Female,Yes,4,Not Graduate,Private,126517,58265,23957,931994,840,1,Personal,3486936,120,Urban,0.65,7.37,67.63,Approved
56,Female,Yes,4,Graduate,Private,22713,8242,1166,869988,432,1,Education,2643082,60,Rural,0.41,38.3,57.68,Rejected
37,Female,No,2,Not Graduate,Self Employed,138622,8973,20499,481854,703,1,Vehicle,2184099,180,Rural,0.21,3.48,67.36,Approved
42,Female,Yes,1,Graduate,Self Employed,119690,27332,1585,1144297,332,0,Home,4554663,300,Urban,0.24,9.56,61.42,Rejected
37,Male,Yes,0,Graduate,Government,113152,21128,28131,818077,629,0,Vehicle,3077074,240,Rural,0.44,7.23,63.88,Rejected
48,Female,Yes,0,Graduate,Private,249783,62272,12330,197640,623,0,Vehicle,222313,180,Urban,0.3,0.79,60.3,Rejected
41,Female,No,4,Not Graduate,Private,141154,60463,33899,885021,395,0,Education,3867031,300,Rural,0.67,6.27,45.69,Rejected
33,Male,Yes,1,Not Graduate,Self Employed,240576,86451,59277,334404,320,0,Vehicle,2251658,180,Semiurban,0.61,1.39,38.45,Rejected
46,Female,Yes,3,Graduate,Business,33906,16982,6789,600016,366,0,Home,752744,300,Semiurban,0.7,17.7,46.59,Rejected
25,Female,Yes,1,Not Graduate,Business,236631,41845,13890,546098,738,1,Vehicle,2460912,240,Rural,0.24,2.31,69.81,Approved
25,Male,Yes,1,Not Graduate,Self Employed,139265,27744,28547,555907,609,0,Personal,4403462,300,Urban,0.4,3.99,58.49,Rejected
53,Male,No,1,Not Graduate,Private,109037,62441,26715,1353483,568,0,Vehicle,3705225,120,Rural,0.82,12.41,55.08,Rejected
48,Male,No,4,Graduate,Private,225041,130481,33212,605015,765,1,Personal,2154065,180,Urban,0.73,2.69,56.56,Approved
50,Female,Yes,4,Not Graduate,Government,118121,23160,21950,556174,353,1,Vehicle,2360185,240,Rural,0.38,4.71,48.37,Approved
43,Male,Yes,0,Not Graduate,Government,193505,87225,42249,913363,411,0,Vehicle,3911223,120,Rural,0.67,4.72,45.37,Rejected
49,Male,No,1,Graduate,Private,51151,15341,8767,582253,687,1,Home,2199338,180,Urban,0.47,11.38,68.44,Approved
56,Male,No,2,Graduate,Government,173211,26614,13808,235372,888,1,Personal,4060877,300,Semiurban,0.23,1.36,72.11,Approved
36,Male,No,1,Graduate,Government,82886,22797,6854,400460,462,1,Home,310622,180,Rural,0.36,4.83,52.78,Approved
44,Female,No,3,Graduate,Business,179121,70251,24344,816484,653,1,Home,2024653,300,Urban,0.53,4.56,59.46,Approved
59,Female,Yes,0,Graduate,Business,40826,22678,8267,1076324,661,1,Education,4552294,120,Rural,0.76,26.36,58.27,Rejected
21,Female,No,1,Graduate,Self Employed,155903,31027,794,1440506,372,1,Vehicle,4484137,180,Semiurban,0.2,9.24,65.13,Approved
22,Female,No,2,Not Graduate,Private,195456,46862,44493,801022,778,0,Home,1413176,240,Urban,0.47,4.1,66.57,Approved
55,Female,No,4,Not Graduate,Business,34012,18019,522,1403622,435,0,Education,2963882,120,Urban,0.55,41.27,54.34,Rejected
37,Female,Yes,3,Not Graduate,Private,172309,7735,41470,846554,565,1,Education,4251781,120,Rural,0.29,4.91,63.26,Approved
31,Male,Yes,2,Not Graduate,Business,23415,12826,1929,1342637,403,1,Personal,4641757,300,Rural,0.63,57.34,49.94,Rejected
21,Male,Yes,1,Graduate,Private,218525,57109,32001,387074,373,1,Vehicle,1151304,240,Urban,0.41,1.77,46.63,Rejected
46,Female,No,2,Not Graduate,Government,27652,13007,5688,1211961,525,1,Home,3815881,180,Semiurban,0.68,43.83,54.16,Rejected
44,Male,Yes,4,Graduate,Government,199487,104860,49224,414278,311,0,Personal,3340152,60,Rural,0.77,2.08,32.78,Rejected
54,Male,Yes,0,Not Graduate,Private,169091,11127,3893,1042410,602,0,Education,3267119,180,Urban,0.09,6.16,73.18,Approved
23,Female,Yes,2,Graduate,Private,45276,18035,8040,304219,517,0,Vehicle,3304320,180,Semiurban,0.58,6.72,50.95,Rejected
51,Male,Yes,3,Graduate,Self Employed,36071,19092,7441,1360346,542,1,Education,4532234,300,Rural,0.74,37.71,53.46,Rejected
31,Male,No,0,Graduate,Government,35718,20044,2636,1285228,326,1,Education,4571661,60,Rural,0.63,35.98,46.87,Rejected
27,Male,No,0,Not Graduate,Self Employed,91152,35471,20896,1431883,738,1,Vehicle,3912981,180,Semiurban,0.62,15.71,67.89,Approved
58,Male,Yes,1,Not Graduate,Self Employed,248244,88938,41499,1245370,586,1,Personal,273890,300,Rural,0.53,5.02,60.24,Approved
60,Male,No,4,Not Graduate,Self Employed,102441,15632,7117,100142,850,0,Vehicle,2749260,120,Urban,0.22,0.98,67.17,Rejected
37,Male,Yes,2,Graduate,Government,226445,65687,55617,77690,302,0,Home,3393781,240,Semiurban,0.54,0.34,37.1,Rejected
42,Female,No,2,Graduate,Self Employed,231011,81182,51767,197401,734,0,Home,2964699,60,Urban,0.58,0.85,56.31,Rejected
51,Male,Yes,0,Graduate,Business,152895,26476,5880,1005518,479,1,Home,2182022,60,Rural,0.21,6.58,64.21,Approved
24,Female,Yes,4,Not Graduate,Government,48131,10448,6018,1063016,321,1,Vehicle,2043350,60,Semiurban,0.34,22.09,55.93,Rejected
41,Female,No,1,Graduate,Government,55006,19589,1753,1482972,714,0,Personal,4836768,300,Urban,0.39,26.96,72.29,Approved
50,Female,No,1,Not Graduate,Private,42347,15938,2494,887071,795,0,Education,1060880,60,Urban,0.44,20.95,73.97,Rejected
49,Male,No,4,Not Graduate,Self Employed,91851,32471,10064,221497,597,1,Home,3035323,300,Semiurban,0.46,2.41,51.14,Rejected
48,Female,Yes,3,Not Graduate,Private,109860,16298,10404,973360,754,1,Education,4146542,120,Rural,0.24,8.86,78.33,Approved
57,Female,Yes,3,Not Graduate,Government,78865,15556,8164,1386963,791,0,Personal,2323303,60,Rural,0.3,17.59,79.29,Approved
43,Male,No,0,Not Graduate,Government,182787,84943,24902,1409700,527,0,Home,586158,180,Semiurban,0.6,7.71,58.13,Rejected
52,Male,No,4,Not Graduate,Government,204029,16988,23684,1349310,652,0,Home,4337292,180,Urban,0.2,6.61,74.39,Approved
46,Male,Yes,3,Graduate,Government,104125,52162,22793,866959,707,0,Home,324077,300,Rural,0.72,8.33,60.64,Approved
24,Female,Yes,4,Graduate,Business,72437,22964,6711,864405,555,1,Education,4524560,60,Rural,0.41,11.93,65.27,Rejected
54,Female,No,4,Graduate,Business,147727,24001,19319,1480694,566,0,Education,3990340,240,Urban,0.29,10.02,72.27,Rejected
27,Female,No,1,Graduate,Self Employed,94986,37753,9876,283642,505,0,Education,4531429,120,Rural,0.5,2.99,47.17,Rejected
40,Female,Yes,4,Graduate,Business,47327,18783,11010,363980,873,0,Vehicle,3023005,180,Rural,0.63,7.69,67.19,Rejected
30,Female,Yes,3,Not Graduate,Private,78522,11689,6135,718038,833,0,Home,4800976,240,Semiurban,0.23,9.14,81.64,Approved
46,Male,No,0,Not Graduate,Government,183283,62976,16535,557849,778,1,Vehicle,1627606,120,Semiurban,0.43,3.04,64.98,Approved
46,Female,No,0,Not Graduate,Private,37440,20619,6073,161310,772,0,Home,3216927,120,Rural,0.71,4.31,53.04,Rejected
56,Female,No,2,Not Graduate,Government,206565,87074,21436,24900,323,1,Education,2279497,180,Rural,0.53,0.12,37.1,Rejected
54,Male,No,3,Not Graduate,Business,160163,65244,33925,635196,417,0,Home,1097768,120,Semiurban,0.62,3.97,44.3,Rejected
48,Male,No,4,Graduate,Private,111789,44757,9376,1143842,480,0,Vehicle,3139258,120,Semiurban,0.48,10.23,61.28,Rejected
55,Male,No,0,Graduate,Business,231530,70095,20264,236248,798,1,Vehicle,2712239,240,Urban,0.39,1.02,65.06,Approved
37,Male,Yes,4,Graduate,Government,191474,18083,19195,1422605,773,0,Personal,1521195,300,Rural,0.19,7.43,81.03,Approved
36,Female,No,2,Graduate,Government,55302,20030,7779,164111,438,1,Education,981728,180,Semiurban,0.5,2.97,42.53,Rejected
53,Female,Yes,4,Graduate,Government,198559,64099,18467,579190,799,1,Personal,4513757,60,Rural,0.42,2.92,66.81,Approved
33,Male,Yes,1,Graduate,Self Employed,88530,11349,19825,1305451,698,1,Vehicle,376291,120,Rural,0.35,14.75,74.0,Approved
57,Male,No,3,Not Graduate,Business,53226,31916,6815,1352083,626,1,Home,4501327,60,Urban,0.73,25.4,58.12,Rejected
36,Female,No,3,Graduate,Self Employed,31468,5219,4541,27090,673,0,Personal,4509729,300,Rural,0.31,0.86,53.59,Rejected
21,Male,Yes,0,Graduate,Business,71148,34888,17631,332492,859,1,Education,1444296,120,Urban,0.74,4.67,58.23,Approved
33,Male,No,0,Graduate,Government,220171,60587,37427,366631,470,0,Education,3274766,240,Urban,0.45,1.67,49.67,Rejected
28,Female,No,0,Not Graduate,Government,171633,78571,3899,943947,302,0,Education,1224836,300,Rural,0.48,5.5,46.87,Rejected
31,Female,Yes,4,Not Graduate,Private,107066,40254,25195,508516,613,0,Education,1779677,300,Rural,0.61,4.75,52.69,Rejected
55,Female,No,4,Not Graduate,Business,179647,16592,3474,1287952,444,0,Home,3115340,180,Rural,0.11,7.17,67.91,Approved
53,Female,No,1,Graduate,Business,124858,33252,21221,1091375,399,1,Personal,324348,180,Semiurban,0.44,8.74,57.12,Approved
56,Female,No,1,Graduate,Private,173883,58658,5655,580160,899,0,Vehicle,640933,240,Semiurban,0.37,3.34,72.49,Approved
57,Female,Yes,0,Graduate,Self Employed,176184,71587,40313,1440738,398,1,Vehicle,2308377,300,Urban,0.64,8.18,52.04,Approved
25,Male,No,1,Not Graduate,Business,225311,72644,19716,1134145,795,1,Vehicle,460094,60,Rural,0.41,5.03,72.12,Approved
32,Female,Yes,4,Not Graduate,Business,212680,75787,1449,1044419,489,0,Personal,4776209,60,Semiurban,0.36,4.91,59.17,Rejected
50,Male,Yes,4,Not Graduate,Business,246509,60134,49983,1389078,629,1,Vehicle,1331945,300,Urban,0.45,5.63,65.68,Approved
42,Female,No,3,Graduate,Business,131240,6738,94,227981,647,0,Home,1870532,240,Urban,0.05,1.74,65.92,Rejected
38,Male,No,4,Not Graduate,Self Employed,197834,9872,305,293995,653,0,Personal,3397951,240,Urban,0.05,1.49,68.36,Rejected
40,Female,No,0,Not Graduate,Self Employed,200642,68516,10442,612435,845,1,Education,2523008,240,Semiurban,0.39,3.05,69.88,Approved
36,Male,Yes,2,Not Graduate,Private,195469,75332,39532,72107,396,0,Personal,3602824,120,Semiurban,0.59,0.37,38.53,Rejected
50,Female,Yes,4,Graduate,Business,223132,22644,2985,1431778,457,0,Home,229268,180,Rural,0.11,6.42,68.62,Approved
51,Female,No,1,Graduate,Self Employed,165559,90521,12270,1061197,791,1,Vehicle,3869205,180,Rural,0.62,6.41,65.97,Approved
43,Female,Yes,2,Not Graduate,Business,120708,52197,801,903803,693,1,Education,4505221,120,Rural,0.44,7.49,67.43,Approved
46,Female,No,0,Graduate,Government,33440,5880,2879,730171,660,1,Education,2323142,180,Urban,0.26,21.84,72.81,Approved
36,Female,No,4,Not Graduate,Private,173345,39800,41643,1324237,820,1,Vehicle,3917834,60,Semiurban,0.47,7.64,74.56,Approved
28,Female,No,0,Not Graduate,Self Employed,75576,17833,15806,94666,737,1,Personal,650893,300,Urban,0.45,1.25,54.93,Approved
58,Female,Yes,1,Not Graduate,Business,191692,85850,22823,693026,877,1,Home,1594551,300,Rural,0.57,3.62,66.87,Approved
27,Male,Yes,1,Not Graduate,Government,181480,92521,40274,975244,773,0,Personal,4460418,60,Urban,0.73,5.37,60.41,Approved
45,Female,No,2,Graduate,Self Employed,33527,18595,4325,1154004,302,1,Home,3778314,60,Semiurban,0.68,34.42,44.25,Rejected
35,Female,No,3,Not Graduate,Private,186688,45077,31454,828802,829,0,Education,783635,240,Rural,0.41,4.44,70.89,Approved
26,Female,No,3,Not Graduate,Business,157233,93328,3654,1141763,599,0,Personal,3575061,180,Urban,0.62,7.26,58.93,Rejected
25,Female,Yes,0,Not Graduate,Private,193867,13491,8792,890638,320,1,Vehicle,4211190,180,Urban,0.11,4.59,57.72,Approved
29,Female,No,4,Not Graduate,Self Employed,131007,47073,12266,1195476,396,0,Education,4427266,60,Urban,0.45,9.13,57.5,Rejected
23,Female,Yes,3,Graduate,Government,224811,73185,45542,1456588,547,1,Vehicle,1015307,120,Rural,0.53,6.48,60.42,Approved
36,Female,No,4,Graduate,Private,66252,29233,1828,389846,595,1,Vehicle,4293819,60,Urban,0.47,5.88,56.8,Rejected
45,Male,No,2,Graduate,Business,46918,14273,9780,273318,826,1,Home,1222376,240,Rural,0.51,5.83,64.86,Approved
24,Male,Yes,0,Not Graduate,Business,186185,9364,8500,1110299,376,0,Education,124146,240,Semiurban,0.1,5.96,63.21,Approved
35,Female,No,1,Graduate,Business,198185,59410,134,390544,684,0,Home,3175601,240,Semiurban,0.3,1.97,63.26,Rejected
25,Female,Yes,4,Not Graduate,Government,232737,49841,21677,326140,396,1,Personal,2356400,120,Semiurban,0.31,1.4,50.49,Approved
27,Female,Yes,1,Not Graduate,Business,31418,9312,5981,1392249,619,1,Home,3358638,60,Rural,0.49,44.31,64.17,Rejected
30,Male,No,2,Not Graduate,Private,249964,49160,16808,84514,627,1,Home,481333,240,Urban,0.26,0.34,60.62,Approved
28,Male,Yes,0,Not Graduate,Business,191972,74576,39604,293544,784,1,Home,1746861,180,Urban,0.59,1.53,57.74,Approved
53,Female,Yes,2,Not Graduate,Private,77392,26919,11992,760172,711,0,Vehicle,4754123,60,Rural,0.5,9.82,69.26,Rejected
30,Female,Yes,4,Not Graduate,Business,158903,56058,38000,1185550,343,0,Vehicle,3116313,240,Rural,0.59,7.46,48.76,Rejected
34,Male,Yes,3,Graduate,Self Employed,185062,55897,63,1222164,595,0,Vehicle,2212826,240,Semiurban,0.3,6.6,67.98,Approved
22,Male,No,2,Graduate,Business,128101,56338,11370,687886,828,0,Education,2810147,300,Semiurban,0.53,5.37,66.81,Approved
58,Female,Yes,1,Graduate,Private,95883,16906,1380,538602,545,0,Personal,3449540,120,Rural,0.19,5.62,63.57,Rejected
25,Male,Yes,3,Not Graduate,Government,213721,116115,16138,810695,547,1,Personal,862614,180,Rural,0.62,3.79,51.88,Rejected
30,Male,Yes,4,Not Graduate,Government,55016,31729,2366,463609,461,1,Personal,2361308,60,Rural,0.62,8.43,50.95,Rejected
29,Female,No,2,Graduate,Private,88484,43969,5118,368213,594,0,Personal,1347079,120,Rural,0.55,4.16,51.62,Rejected
29,Male,Yes,0,Graduate,Private,53924,19666,8624,1275847,475,0,Vehicle,2077992,180,Urban,0.52,23.66,57.53,Rejected
58,Female,Yes,1,Not Graduate,Private,218949,26207,39594,686780,689,0,Education,3546412,120,Rural,0.3,3.14,66.64,Approved
38,Female,No,3,Not Graduate,Business,34681,19739,7443,971275,893,1,Home,3253814,60,Semiurban,0.78,28.01,67.56,Rejected
21,Male,Yes,3,Graduate,Government,122789,37241,29364,508035,685,0,Home,4169770,120,Urban,0.54,4.14,57.36,Rejected
42,Female,No,1,Not Graduate,Government,148419,30926,28136,402207,449,1,Vehicle,4673566,300,Semiurban,0.4,2.71,49.37,Approved
49,Female,Yes,4,Graduate,Business,70920,37928,5118,144276,586,1,Home,1442000,120,Urban,0.61,2.03,44.74,Rejected
31,Male,Yes,4,Graduate,Private,151098,47654,11573,352547,522,1,Personal,3327784,120,Semiurban,0.39,2.33,52.15,Approved
22,Female,Yes,0,Not Graduate,Business,39506,10628,5103,719663,464,0,Home,2210909,180,Semiurban,0.4,18.22,60.26,Rejected
49,Male,Yes,4,Graduate,Business,29071,9580,3399,337718,493,0,Education,2434840,60,Semiurban,0.45,11.62,59.68,Rejected
33,Female,Yes,1,Not Graduate,Business,226507,86807,5222,1288024,322,1,Home,370694,300,Rural,0.41,5.69,52.56,Approved
38,Female,No,2,Not Graduate,Government,153370,29270,22633,1010341,432,0,Home,1702965,60,Urban,0.34,6.59,58.36,Approved
51,Male,No,0,Not Graduate,Business,151846,44056,25809,1438729,767,1,Education,3036696,120,Rural,0.46,9.47,75.31,Approved
60,Male,No,4,Graduate,Business,189429,54915,23793,96695,869,1,Home,1269366,240,Rural,0.42,0.51,64.76,Approved
21,Male,No,1,Not Graduate,Business,184076,18540,7246,1410782,363,1,Vehicle,3543353,120,Rural,0.14,7.66,64.62,Approved
40,Male,Yes,3,Not Graduate,Self Employed,130331,71505,857,1367618,883,1,Personal,2726268,300,Semiurban,0.56,10.49,77.8,Approved
40,Female,Yes,1,Graduate,Self Employed,235349,74897,11175,616205,632,0,Home,296814,240,Semiurban,0.37,2.62,61.77,Approved
38,Male,Yes,3,Graduate,Business,77843,24554,1922,1468545,512,1,Personal,2995999,120,Rural,0.34,18.87,65.67,Approved
38,Male,Yes,0,Graduate,Business,197162,115534,26952,1128823,553,0,Vehicle,2119726,60,Rural,0.72,5.73,52.23,Rejected
32,Male,No,1,Not Graduate,Business,173737,63224,18463,928610,862,1,Personal,3747918,240,Rural,0.47,5.34,71.85,Approved
45,Female,No,1,Not Graduate,Private,29702,12646,5398,72728,771,0,Personal,680369,60,Urban,0.61,2.45,52.13,Rejected
29,Female,No,4,Graduate,Business,122689,43969,4221,229750,415,1,Vehicle,265652,60,Semiurban,0.39,1.87,45.31,Approved
37,Male,Yes,0,Not Graduate,Private,203142,30210,45069,159708,600,0,Personal,2475899,300,Rural,0.37,0.79,55.25,Rejected
34,Male,No,2,Graduate,Business,42439,9262,1202,133724,769,0,Vehicle,1835974,60,Urban,0.25,3.15,64.78,Rejected
43,Female,Yes,1,Graduate,Business,210825,73444,33656,965691,862,1,Personal,3346705,240,Urban,0.51,4.58,70.67,Approved
48,Female,No,0,Not Graduate,Government,89436,39235,7469,734698,373,1,Education,276324,300,Semiurban,0.52,8.21,50.92,Approved
28,Female,Yes,3,Not Graduate,Government,199647,25457,4262,728822,535,1,Personal,978434,180,Urban,0.15,3.65,64.6,Approved
28,Male,No,1,Not Graduate,Government,87123,18618,12117,1302552,497,1,Personal,399988,240,Urban,0.35,14.95,64.99,Approved
47,Female,Yes,2,Not Graduate,Private,103256,27790,7059,264775,336,1,Home,4288119,60,Urban,0.34,2.56,44.07,Approved
30,Male,No,1,Not Graduate,Government,163062,89928,20065,682935,481,1,Personal,4703614,300,Semiurban,0.67,4.19,46.04,Rejected
23,Female,Yes,2,Graduate,Private,126826,10108,3248,1419606,315,0,Personal,925332,180,Urban,0.11,11.19,65.91,Approved
22,Male,Yes,4,Not Graduate,Government,227443,40577,43369,1479695,489,1,Vehicle,744866,180,Rural,0.37,6.51,62.77,Approved
58,Female,Yes,2,Not Graduate,Private,98080,51379,10838,102174,452,1,Education,2286061,120,Semiurban,0.63,1.04,37.07,Rejected
36,Female,No,3,Not Graduate,Government,41760,6229,5476,156947,475,0,Education,1344983,180,Urban,0.28,3.76,51.89,Rejected
22,Female,No,3,Not Graduate,Private,193859,55516,29852,972114,819,0,Personal,4237003,60,Rural,0.44,5.01,70.97,Approved
29,Female,Yes,4,Graduate,Business,41822,12175,3129,213607,663,1,Home,559380,300,Urban,0.37,5.11,60.38,Approved
36,Female,No,0,Not Graduate,Private,24234,6349,3655,326731,633,0,Home,3299046,240,Urban,0.41,13.48,66.72,Rejected
56,Female,No,0,Graduate,Government,165405,40503,107,1422239,545,0,Home,4105869,240,Semiurban,0.25,8.6,70.67,Approved
34,Female,Yes,4,Not Graduate,Private,230842,59206,14322,1233090,654,0,Education,3380310,240,Rural,0.32,5.34,69.43,Approved
52,Female,Yes,2,Not Graduate,Government,157920,89618,1737,1370224,337,1,Personal,547440,300,Urban,0.58,8.68,51.29,Approved
23,Female,Yes,2,Graduate,Government,112139,29298,14125,628647,619,0,Vehicle,666478,120,Semiurban,0.39,5.61,61.59,Approved
34,Female,Yes,3,Graduate,Business,23368,7950,4884,1343147,898,0,Education,3446453,60,Rural,0.55,57.48,74.37,Rejected
28,Male,No,4,Graduate,Self Employed,149319,73403,17270,1289082,314,0,Home,885795,240,Semiurban,0.61,8.63,48.98,Rejected
38,Male,Yes,3,Not Graduate,Self Employed,107252,29336,763,1463536,341,1,Home,4241511,180,Rural,0.28,13.65,61.03,Approved
33,Male,No,3,Not Graduate,Private,66494,26118,1718,1139065,553,1,Personal,1759525,300,Urban,0.42,17.13,64.68,Rejected
34,Female,No,2,Not Graduate,Self Employed,242907,99389,57834,839707,783,1,Home,2826220,60,Semiurban,0.65,3.46,62.01,Approved
36,Female,No,2,Graduate,Private,150146,5136,33955,229474,474,0,Education,4677583,60,Rural,0.26,1.53,52.32,Rejected
22,Male,No,4,Graduate,Government,50323,5100,4080,1339620,446,0,Home,2107673,180,Urban,0.18,26.62,66.36,Rejected
46,Male,Yes,4,Not Graduate,Business,148205,73190,35046,751441,416,1,Education,807726,300,Urban,0.73,5.07,42.65,Approved
52,Female,No,2,Not Graduate,Government,93582,19639,19332,615929,708,0,Education,1285395,120,Rural,0.42,6.58,65.88,Approved
31,Female,No,1,Not Graduate,Government,24890,10578,2200,1369334,338,0,Education,262129,120,Rural,0.51,55.02,50.62,Rejected
40,Female,No,2,Graduate,Government,205411,74520,38518,674930,692,1,Vehicle,4932939,120,Urban,0.55,3.29,59.03,Approved
58,Female,No,2,Graduate,Government,159523,10590,11549,499220,854,1,Education,3544526,60,Rural,0.14,3.13,76.43,Approved
40,Female,No,1,Graduate,Self Employed,80777,29755,1212,1311241,363,1,Education,2947518,120,Rural,0.38,16.23,57.86,Approved
50,Female,No,3,Graduate,Government,158576,33549,16706,386903,886,0,Personal,1429157,180,Rural,0.32,2.44,71.09,Approved
31,Female,No,1,Graduate,Business,124725,15278,10398,155525,463,0,Education,4226685,240,Rural,0.21,1.25,51.88,Rejected
21,Female,Yes,0,Graduate,Self Employed,131987,46594,29214,1062848,463,1,Home,3199755,240,Semiurban,0.57,8.05,54.73,Approved
56,Male,Yes,4,Not Graduate,Business,204142,88704,2720,1326914,607,1,Vehicle,249003,120,Rural,0.45,6.5,64.71,Approved
56,Female,Yes,4,Graduate,Business,118831,56125,19748,57528,835,0,Vehicle,2568041,300,Rural,0.64,0.48,53.68,Rejected
46,Male,Yes,4,Not Graduate,Business,79016,17013,18215,1498296,528,0,Vehicle,1789492,60,Semiurban,0.45,18.96,63.25,Rejected
22,Female,Yes,4,Graduate,Business,204933,74056,45614,1050586,828,1,Personal,735040,180,Urban,0.58,5.13,67.73,Approved
53,Male,Yes,2,Not Graduate,Government,67015,39590,4881,1274368,557,1,Vehicle,829489,300,Urban,0.66,19.02,57.53,Rejected
33,Female,Yes,2,Not Graduate,Business,57933,33952,5735,59566,768,1,Home,4515437,120,Urban,0.69,1.03,47.96,Rejected
33,Female,Yes,0,Not Graduate,Self Employed,137240,63518,21819,710551,300,0,Vehicle,1694760,180,Semiurban,0.62,5.18,40.52,Rejected
45,Male,Yes,3,Not Graduate,Private,76957,30496,2226,574392,485,1,Education,2455863,60,Semiurban,0.43,7.46,56.81,Rejected
26,Female,Yes,1,Not Graduate,Self Employed,128984,13439,21012,587246,820,0,Vehicle,2130689,240,Semiurban,0.27,4.55,72.7,Approved
55,Female,Yes,3,Graduate,Self Employed,198569,52406,48796,1049045,785,0,Personal,3344909,60,Semiurban,0.51,5.28,68.11,Approved
46,Male,Yes,3,Not Graduate,Government,176097,54525,20091,63793,361,0,Home,2846462,240,Rural,0.42,0.36,41.1,Rejected
53,Male,No,4,Not Graduate,Private,136944,73194,16345,1322547,870,1,Education,4114292,240,Semiurban,0.65,9.66,73.84,Approved
37,Male,Yes,1,Not Graduate,Self Employed,219729,20913,18554,732574,417,0,Education,2386283,60,Urban,0.18,3.33,58.6,Rejected
55,Male,No,2,Not Graduate,Business,67405,19598,12334,1013860,670,1,Home,3910737,180,Semiurban,0.47,15.04,68.26,Approved
42,Female,Yes,1,Not Graduate,Private,178611,63843,23674,1310600,666,1,Home,3449657,180,Rural,0.49,7.34,66.72,Approved
31,Male,Yes,4,Not Graduate,Self Employed,28814,10434,2105,555189,806,1,Vehicle,4330603,120,Rural,0.44,19.27,73.92,Approved
21,Male,No,3,Graduate,Self Employed,36367,13931,3932,1082572,853,1,Home,4457603,240,Urban,0.49,29.77,74.63,Approved
43,Male,No,2,Graduate,Government,54459,31967,9551,1309972,777,0,Vehicle,2706608,180,Urban,0.76,24.05,63.84,Rejected
38,Male,Yes,4,Not Graduate,Government,99047,50801,13903,1091211,837,1,Personal,4623664,240,Semiurban,0.65,11.02,71.56,Approved
33,Female,Yes,3,Graduate,Business,135132,65994,6789,243692,659,1,Education,1723437,240,Rural,0.54,1.8,52.14,Approved
26,Female,No,0,Not Graduate,Private,37033,21016,3467,802903,785,0,Home,4525331,240,Urban,0.66,21.68,66.54,Rejected
25,Female,Yes,1,Graduate,Government,124281,60726,13611,262262,734,0,Vehicle,3431232,300,Rural,0.6,2.11,53.87,Rejected
55,Female,No,3,Graduate,Government,151650,23168,11806,664354,775,0,Home,2261185,240,Semiurban,0.23,4.38,72.35,Approved
56,Female,No,0,Not Graduate,Government,122871,63080,3014,1347700,574,1,Education,1282316,180,Semiurban,0.54,10.97,64.29,Approved
55,Female,Yes,1,Not Graduate,Private,176671,70897,3615,64301,493,1,Personal,1968183,240,Urban,0.42,0.36,47.05,Rejected
37,Female,No,1,Not Graduate,Self Employed,238183,30135,4291,735324,622,0,Home,655445,300,Urban,0.14,3.09,69.01,Approved
57,Female,Yes,3,Graduate,Government,138213,8409,28494,966742,783,1,Home,1081207,120,Urban,0.27,6.99,76.31,Approved
46,Female,No,1,Graduate,Private,124922,43795,5287,741445,630,0,Home,3126143,120,Urban,0.39,5.94,63.08,Approved
32,Male,Yes,0,Graduate,Business,98619,50751,13221,956137,635,0,Vehicle,4959720,300,Rural,0.65,9.7,62.1,Rejected
59,Female,No,3,Graduate,Private,44980,20731,30,765762,738,0,Vehicle,4729326,120,Urban,0.46,17.02,70.75,Rejected
23,Male,No,1,Not Graduate,Business,117228,30451,26365,414696,705,1,Home,3765376,300,Semiurban,0.48,3.54,58.56,Approved
36,Female,No,2,Not Graduate,Government,27958,15841,3307,416821,435,1,Education,1718045,300,Urban,0.68,14.91,49.91,Rejected
22,Female,Yes,2,Graduate,Business,58488,25184,9991,303888,378,0,Home,2334358,240,Semiurban,0.6,5.2,41.49,Rejected
34,Female,Yes,3,Not Graduate,Private,35664,11784,8235,1016907,437,0,Personal,1261020,60,Urban,0.56,28.51,54.01,Rejected
53,Male,Yes,4,Graduate,Government,116752,63246,84,1407694,676,1,Vehicle,4211015,240,Urban,0.54,12.06,68.44,Approved
48,Male,No,4,Graduate,Private,29993,10084,5958,74600,306,1,Vehicle,3623456,300,Urban,0.53,2.49,33.73,Rejected
26,Male,Yes,2,Graduate,Private,129127,5127,30006,760206,805,1,Home,1658309,60,Rural,0.27,5.89,74.55,Approved
27,Male,No,2,Not Graduate,Private,171499,15748,31062,1258298,410,1,Personal,657508,120,Semiurban,0.27,7.34,61.57,Approved
39,Male,No,3,Not Graduate,Private,24736,11039,4701,644659,855,0,Education,310207,300,Urban,0.64,26.06,69.9,Rejected
25,Female,Yes,0,Graduate,Business,236054,61803,48620,883155,318,1,Vehicle,1863386,300,Semiurban,0.47,3.74,47.02,Approved
44,Male,No,4,Not Graduate,Private,53056,6927,48,1233458,723,0,Personal,3217322,120,Semiurban,0.13,23.25,80.31,Approved
33,Male,No,1,Graduate,Business,133258,27647,20202,1430105,874,0,Vehicle,4256182,60,Semiurban,0.36,10.73,83.4,Approved
47,Female,No,2,Not Graduate,Government,199084,58021,37366,451069,466,1,Personal,2893441,240,Rural,0.48,2.27,48.83,Approved
39,Male,Yes,4,Graduate,Business,72173,42146,3216,1324425,301,0,Personal,3425662,240,Semiurban,0.63,18.35,47.41,Rejected
49,Male,No,1,Graduate,Business,197327,71098,24820,1122839,343,1,Home,2284636,120,Rural,0.49,5.69,49.94,Approved
21,Male,Yes,2,Not Graduate,Self Employed,154721,31200,35673,104551,496,1,Personal,1898128,240,Semiurban,0.43,0.68,46.62,Rejected
34,Male,Yes,0,Not Graduate,Self Employed,168601,89208,20045,1099180,663,0,Personal,3932863,180,Rural,0.65,6.52,59.81,Rejected
50,Male,Yes,2,Graduate,Business,201236,90698,7706,584200,314,1,Personal,703113,300,Urban,0.49,2.9,43.14,Approved
36,Female,Yes,3,Graduate,Government,29752,9524,4216,760391,611,0,Home,1713159,180,Rural,0.46,25.56,64.49,Rejected
27,Male,No,2,Graduate,Business,105676,62939,8159,1477415,885,1,Home,2811124,180,Semiurban,0.67,13.98,73.38,Approved
26,Female,No,0,Graduate,Self Employed,36055,7053,959,1293777,495,0,Personal,2896148,120,Rural,0.22,35.88,66.78,Rejected
37,Male,No,3,Graduate,Government,45228,15089,8439,501113,461,1,Personal,3507646,180,Urban,0.52,11.08,56.69,Rejected
47,Male,Yes,0,Not Graduate,Self Employed,207263,78869,19567,1092685,390,0,Personal,746059,60,Urban,0.47,5.27,51.92,Rejected
34,Male,Yes,0,Not Graduate,Self Employed,171965,55009,22102,783175,699,1,Home,1666655,120,Rural,0.45,4.55,63.6,Approved
33,Female,No,0,Not Graduate,Private,100552,23451,12880,366235,479,0,Education,2313242,300,Rural,0.36,3.64,51.76,Rejected
24,Female,Yes,4,Graduate,Business,211396,85443,24065,25536,576,0,Personal,3757375,300,Urban,0.52,0.12,48.76,Rejected
46,Male,No,3,Not Graduate,Private,42487,5861,8223,1038571,489,1,Vehicle,1126032,60,Semiurban,0.33,24.44,63.49,Rejected
58,Male,No,3,Graduate,Business,109016,27030,2984,1167228,619,1,Vehicle,1504808,300,Semiurban,0.28,10.71,73.61,Approved
37,Male,No,1,Graduate,Government,146855,30984,8402,1166978,612,0,Vehicle,4499767,240,Rural,0.27,7.95,70.92,Approved
31,Male,Yes,0,Graduate,Government,188703,65156,11294,815219,621,0,Home,2303650,120,Urban,0.41,4.32,61.63,Rejected
40,Female,No,4,Graduate,Private,47968,14535,5945,806388,440,1,Home,607989,120,Urban,0.43,16.81,58.67,Rejected
29,Female,Yes,1,Graduate,Government,50295,8706,3455,148226,588,1,Vehicle,2678914,120,Urban,0.24,2.95,56.79,Rejected
39,Male,No,3,Graduate,Business,108032,48502,20223,299602,436,1,Education,297444,120,Semiurban,0.64,2.77,40.16,Rejected
24,Female,No,3,Not Graduate,Self Employed,202408,29095,23038,854827,746,1,Personal,633837,120,Semiurban,0.26,4.22,71.97,Approved
21,Female,No,2,Not Graduate,Self Employed,64012,34309,11576,854896,494,0,Education,4344883,60,Urban,0.72,13.36,53.01,Rejected
49,Male,Yes,4,Not Graduate,Self Employed,102359,8127,21566,756965,488,0,Personal,898178,60,Urban,0.29,7.4,61.87,Approved
51,Male,No,1,Graduate,Business,169400,100024,14640,503815,441,0,Personal,2654624,120,Urban,0.68,2.97,42.02,Rejected
28,Female,Yes,3,Not Graduate,Self Employed,100583,49447,10072,876789,896,1,Personal,4191442,60,Urban,0.59,8.72,73.53,Approved
59,Female,Yes,0,Graduate,Business,149522,76454,29730,279238,545,0,Home,4250005,60,Semiurban,0.71,1.87,42.63,Rejected
44,Female,Yes,1,Not Graduate,Business,54138,11888,6606,382763,609,1,Vehicle,3256859,300,Urban,0.34,7.07,63.12,Approved
49,Male,No,3,Not Graduate,Business,246574,11765,34023,1415209,323,1,Education,649268,60,Semiurban,0.19,5.74,60.13,Approved
54,Female,No,2,Graduate,Government,60933,29028,7984,556187,821,1,Home,2416780,180,Urban,0.61,9.13,68.96,Approved
49,Male,No,3,Not Graduate,Government,95128,25287,17653,843072,769,0,Personal,4617819,300,Urban,0.45,8.86,72.17,Approved
47,Male,Yes,3,Not Graduate,Private,97554,34189,15192,614449,727,1,Vehicle,3244869,120,Semiurban,0.51,6.3,63.62,Approved
36,Male,Yes,4,Graduate,Business,128893,69947,10718,607478,423,0,Vehicle,2426040,180,Semiurban,0.63,4.71,44.61,Rejected
49,Female,Yes,3,Graduate,Self Employed,135858,12244,20233,1333119,682,1,Home,324820,60,Urban,0.24,9.81,78.2,Approved
52,Male,Yes,2,Graduate,Private,143405,27555,23032,1242602,479,0,Home,4920930,300,Semiurban,0.35,8.66,63.77,Rejected
45,Female,Yes,2,Graduate,Business,115951,27408,25825,1364205,466,1,Personal,4278093,240,Semiurban,0.46,11.77,61.58,Approved
55,Female,No,2,Graduate,Self Employed,100749,15203,24880,575520,521,1,Vehicle,1395653,300,Rural,0.4,5.71,56.67,Approved
29,Male,Yes,1,Graduate,Government,92142,9773,115,887424,599,1,Personal,3938705,120,Semiurban,0.11,9.63,76.35,Approved
42,Male,Yes,0,Not Graduate,Self Employed,129936,11173,20411,872343,762,0,Education,1528082,180,Urban,0.24,6.71,75.2,Approved
24,Male,Yes,0,Not Graduate,Self Employed,208919,115029,40771,419212,483,0,Vehicle,108974,240,Rural,0.75,2.01,41.46,Rejected
43,Male,No,4,Not Graduate,Government,196429,99478,22007,1144576,832,1,Vehicle,3046394,120,Urban,0.62,5.83,67.93,Approved
46,Female,No,0,Graduate,Government,229815,13715,52085,1430629,474,0,Education,4224467,240,Rural,0.29,6.23,64.12,Approved
23,Female,Yes,3,Graduate,Private,68890,11330,11880,261279,777,1,Personal,3256698,240,Rural,0.34,3.79,64.77,Approved
32,Female,Yes,2,Not Graduate,Business,81434,10283,8867,1433430,516,1,Home,1605715,60,Semiurban,0.24,17.6,69.14,Approved
23,Female,Yes,0,Graduate,Self Employed,139908,27068,10876,310747,874,1,Vehicle,2888993,300,Rural,0.27,2.22,70.75,Approved
33,Female,No,2,Graduate,Self Employed,28645,6344,3982,831833,782,1,Home,4316639,300,Urban,0.36,29.04,75.09,Approved
28,Male,Yes,1,Graduate,Business,65121,14856,15482,445951,842,0,Vehicle,1479077,120,Urban,0.47,6.85,69.75,Approved
50,Female,No,0,Not Graduate,Business,228576,12857,26052,1379411,547,0,Vehicle,2437544,300,Rural,0.17,6.03,70.42,Approved
60,Female,No,3,Graduate,Business,241311,33742,46721,365080,728,0,Education,3173837,180,Rural,0.33,1.51,65.03,Approved
40,Male,No,4,Graduate,Private,192671,82067,37408,993204,357,0,Personal,2598418,240,Urban,0.62,5.15,45.28,Rejected
45,Male,No,3,Not Graduate,Government,33226,7438,7000,1398306,675,1,Vehicle,792424,300,Rural,0.43,42.08,68.29,Approved
23,Female,Yes,3,Not Graduate,Government,63766,32160,7510,78959,638,0,Home,2795987,240,Urban,0.62,1.24,44.72,Rejected
36,Female,Yes,2,Not Graduate,Business,222275,47663,52985,843037,309,1,Vehicle,824957,60,Rural,0.45,3.79,46.63,Approved
58,Male,No,2,Not Graduate,Private,66122,17198,13246,1027576,372,0,Personal,4222037,300,Semiurban,0.46,15.54,55.37,Rejected
28,Male,No,4,Graduate,Self Employed,66804,10057,13284,1261694,598,0,Home,1196731,300,Urban,0.35,18.89,68.77,Rejected
43,Male,No,0,Not Graduate,Business,227262,130411,25576,191694,801,1,Vehicle,4164809,120,Urban,0.69,0.84,55.79,Approved
37,Female,Yes,3,Not Graduate,Government,150980,81717,36675,463589,540,1,Personal,4409867,120,Rural,0.78,3.07,42.66,Rejected
33,Female,Yes,3,Graduate,Business,238419,52843,55830,825920,724,1,Education,4442499,60,Rural,0.46,3.46,64.97,Approved
22,Female,No,3,Not Graduate,Private,33330,5413,810,400942,446,1,Vehicle,213418,300,Urban,0.19,12.03,65.55,Approved
47,Male,No,3,Graduate,Private,166883,9673,15391,475810,763,0,Vehicle,1291288,60,Urban,0.15,2.85,71.78,Approved
51,Female,No,1,Not Graduate,Private,171724,27993,41344,311739,717,1,Vehicle,2281285,120,Semiurban,0.4,1.82,60.25,Approved
47,Male,Yes,1,Not Graduate,Private,57043,29641,5068,72451,782,0,Personal,2999308,300,Rural,0.61,1.27,51.32,Rejected
27,Female,Yes,4,Graduate,Government,177233,75026,36785,140859,569,0,Home,2038813,240,Rural,0.63,0.79,45.04,Rejected
32,Female,Yes,2,Not Graduate,Business,237333,38298,12168,1024820,668,1,Home,3369111,240,Urban,0.21,4.32,71.44,Approved
29,Female,Yes,1,Graduate,Government,229836,87673,22826,509358,449,1,Personal,908113,240,Rural,0.48,2.22,49.16,Approved
58,Male,Yes,4,Not Graduate,Business,114762,11330,2796,1487698,704,1,Personal,3640688,60,Rural,0.12,12.96,82.19,Approved
46,Male,No,4,Not Graduate,Government,78913,18060,19040,901776,736,0,Vehicle,3994740,180,Urban,0.47,11.43,71.76,Rejected
57,Female,No,2,Not Graduate,Government,198309,17255,33556,189761,517,0,Personal,3904019,120,Urban,0.26,0.96,55.14,Rejected
57,Male,Yes,4,Not Graduate,Self Employed,106406,28917,1776,871488,522,1,Vehicle,631426,240,Semiurban,0.29,8.19,65.18,Approved
47,Female,No,4,Graduate,Self Employed,236200,113123,38358,938659,715,0,Home,1256886,120,Semiurban,0.64,3.97,59.93,Rejected
38,Female,No,0,Not Graduate,Private,138046,5593,17624,423353,557,0,Vehicle,968951,240,Urban,0.17,3.07,61.37,Rejected
48,Male,Yes,3,Not Graduate,Self Employed,220264,40596,46412,583390,451,0,Home,928502,120,Rural,0.4,2.65,52.3,Rejected
40,Male,Yes,4,Not Graduate,Private,154535,17143,37770,69256,538,1,Education,1811296,60,Semiurban,0.36,0.45,50.33,Approved
41,Male,Yes,1,Not Graduate,Private,211035,78337,21425,40915,818,0,Home,1511732,240,Urban,0.47,0.19,61.0,Rejected
22,Female,No,1,Not Graduate,Government,77039,25829,13975,433114,601,0,Personal,3786758,60,Rural,0.52,5.62,55.54,Rejected
25,Female,Yes,1,Not Graduate,Business,136979,16156,23495,556242,516,0,Home,2814945,180,Urban,0.29,4.06,57.85,Rejected
52,Female,Yes,1,Graduate,Self Employed,161401,22426,37330,1362596,560,1,Personal,1557304,300,Semiurban,0.37,8.44,67.12,Approved
43,Female,Yes,4,Not Graduate,Government,218319,78949,43503,1361414,826,0,Education,1576354,180,Semiurban,0.56,6.24,71.09,Approved
59,Male,Yes,2,Not Graduate,Private,211273,59818,22197,219323,505,0,Education,1030959,120,Semiurban,0.39,1.04,51.33,Rejected
50,Female,No,0,Not Graduate,Government,132550,6421,20887,581903,546,0,Education,266418,240,Rural,0.21,4.39,62.17,Rejected
36,Female,No,0,Graduate,Self Employed,203709,39034,31711,18516,727,1,Home,755184,120,Urban,0.35,0.09,60.22,Approved
50,Female,Yes,3,Not Graduate,Private,175734,60860,29249,305299,353,1,Personal,4752416,240,Urban,0.51,1.74,40.81,Rejected
60,Male,Yes,4,Graduate,Self Employed,136336,77345,29639,667502,871,1,Vehicle,4222155,180,Urban,0.78,4.9,60.42,Approved
28,Male,No,2,Graduate,Government,138764,48892,21378,12538,566,1,Personal,3744484,60,Semiurban,0.51,0.09,45.69,Rejected
35,Female,Yes,1,Not Graduate,Private,241615,104257,31245,715271,588,1,Education,3607824,300,Rural,0.56,2.96,54.89,Approved
24,Female,Yes,2,Graduate,Business,193035,103619,4050,1302920,661,1,Home,3528302,60,Urban,0.56,6.75,63.87,Approved
53,Female,No,1,Graduate,Private,50378,11885,2434,1305499,737,1,Home,2689376,120,Semiurban,0.28,25.91,76.24,Approved
55,Female,Yes,4,Not Graduate,Self Employed,127293,37405,16785,769110,824,1,Home,1289162,180,Rural,0.43,6.04,71.03,Approved
38,Male,No,3,Graduate,Self Employed,126232,28151,16468,1052964,399,0,Education,1072026,240,Semiurban,0.35,8.34,58.86,Approved
34,Female,No,2,Graduate,Business,116810,57873,1561,901271,881,1,Home,2311818,300,Semiurban,0.51,7.72,74.0,Approved
36,Male,No,1,Not Graduate,Business,202053,87296,18134,264596,757,0,Vehicle,1939948,60,Semiurban,0.52,1.31,58.69,Rejected
57,Male,No,1,Graduate,Business,86173,25317,1087,1225915,711,1,Education,1333395,180,Urban,0.31,14.23,75.85,Approved
56,Female,No,2,Graduate,Business,25921,11062,1301,1414535,796,1,Personal,1786613,180,Semiurban,0.48,54.57,72.11,Approved
50,Female,No,1,Graduate,Self Employed,226924,120752,37377,1284355,800,1,Personal,103881,300,Urban,0.7,5.66,65.05,Approved
46,Female,Yes,4,Not Graduate,Government,147838,27227,14972,598230,717,0,Vehicle,450268,180,Urban,0.29,4.05,67.31,Approved
25,Female,Yes,4,Graduate,Private,56479,6725,9626,311020,625,0,Home,338068,60,Urban,0.29,5.51,62.37,Approved
58,Female,Yes,0,Graduate,Business,135659,38648,29213,380115,885,0,Vehicle,3204993,180,Urban,0.5,2.8,65.36,Approved
36,Female,Yes,4,Graduate,Business,180745,69819,22605,1016819,599,1,Education,4664960,180,Semiurban,0.51,5.63,59.76,Approved
29,Female,Yes,1,Graduate,Private,223644,122802,55763,1340745,871,1,Education,2974353,60,Rural,0.8,5.99,65.69,Approved
23,Male,No,4,Graduate,Government,166578,23071,19306,197056,513,0,Personal,3641997,60,Semiurban,0.25,1.18,54.2,Rejected
37,Female,Yes,1,Not Graduate,Private,249225,81194,60769,259055,796,1,Home,1810354,180,Rural,0.57,1.04,60.34,Approved
35,Male,No,0,Graduate,Government,183985,74640,10459,202984,692,0,Education,1679993,300,Urban,0.46,1.1,56.45,Rejected
35,Male,No,3,Graduate,Government,193386,110589,1787,1150907,362,0,Home,4643832,300,Urban,0.58,5.95,48.29,Rejected
46,Female,Yes,1,Not Graduate,Self Employed,179422,46479,15713,760167,733,1,Vehicle,635495,60,Rural,0.35,4.24,67.83,Approved
33,Female,No,3,Graduate,Self Employed,85277,43786,18532,1480957,701,0,Vehicle,239759,120,Urban,0.73,17.37,62.64,Approved
53,Female,Yes,0,Graduate,Government,144488,50220,4935,558083,628,0,Personal,297714,120,Rural,0.38,3.86,59.96,Approved
44,Female,Yes,4,Not Graduate,Private,181183,49563,15437,1218625,391,0,Education,4133493,120,Urban,0.36,6.73,57.31,Approved
34,Male,No,3,Not Graduate,Private,219496,43730,35405,1414766,353,0,Vehicle,4935883,240,Semiurban,0.36,6.45,56.54,Approved
54,Male,Yes,4,Not Graduate,Business,209937,48411,48436,392560,327,0,Personal,1038713,180,Rural,0.46,1.87,42.83,Rejected
40,Female,No,4,Not Graduate,Self Employed,175879,23507,256,946553,577,0,Vehicle,979529,300,Semiurban,0.14,5.38,69.39,Approved
21,Male,Yes,1,Graduate,Self Employed,139606,48018,3581,290908,652,1,Home,4916494,60,Urban,0.37,2.08,57.64,Approved
34,Male,Yes,2,Graduate,Government,80175,46936,15950,285231,820,0,Personal,1359808,300,Semiurban,0.78,3.56,53.24,Rejected
32,Female,No,2,Not Graduate,Government,60831,19133,3516,981627,357,0,Education,3676467,120,Urban,0.37,16.14,57.13,Rejected
22,Male,Yes,2,Graduate,Self Employed,121482,61284,14316,1126811,478,0,Home,4202883,180,Semiurban,0.62,9.28,55.99,Rejected
31,Male,Yes,1,Not Graduate,Business,171284,98983,22781,1188006,481,1,Education,3039850,240,Urban,0.71,6.94,50.77,Approved
25,Male,No,4,Graduate,Business,249326,82854,4920,636108,810,1,Home,3782534,240,Urban,0.35,2.55,70.51,Approved
49,Male,No,3,Not Graduate,Business,162448,61152,20429,1053773,747,1,Vehicle,2811686,240,Semiurban,0.5,6.49,67.61,Approved
21,Female,Yes,4,Not Graduate,Business,238010,18698,25972,982992,895,1,Vehicle,2927882,60,Urban,0.19,4.13,81.93,Approved
44,Male,No,4,Graduate,Business,128220,70939,14954,15825,617,0,Education,2300671,240,Rural,0.67,0.12,42.7,Rejected
52,Female,Yes,4,Graduate,Business,200523,57091,26688,24109,699,0,Home,4332310,180,Urban,0.42,0.12,56.79,Rejected
39,Male,No,1,Not Graduate,Business,20015,11542,1333,67887,461,0,Vehicle,1566171,60,Urban,0.64,3.39,38.78,Rejected
35,Male,Yes,4,Not Graduate,Business,203484,112493,25051,291888,804,1,Home,2819434,60,Semiurban,0.68,1.43,56.46,Approved
53,Female,No,4,Not Graduate,Government,102605,48933,3196,285888,636,1,Vehicle,4800183,300,Urban,0.51,2.79,52.7,Approved
55,Female,Yes,1,Not Graduate,Business,169548,84836,41111,1274466,368,1,Vehicle,1969323,180,Rural,0.74,7.52,45.89,Approved
59,Female,Yes,1,Not Graduate,Business,40753,9251,114,1208190,345,0,Personal,4265275,180,Rural,0.23,29.65,60.07,Rejected
50,Male,Yes,0,Graduate,Business,179183,60479,15651,450297,733,0,Personal,551295,180,Rural,0.42,2.51,62.03,Approved
21,Female,No,4,Not Graduate,Government,182123,90774,29640,1370714,575,0,Personal,3137918,300,Semiurban,0.66,7.53,58.06,Rejected
44,Male,No,2,Not Graduate,Business,64048,10833,269,638490,466,0,Vehicle,853335,300,Urban,0.17,9.97,68.01,Rejected
55,Female,No,2,Graduate,Self Employed,163442,63057,11407,690382,636,0,Vehicle,2707450,60,Semiurban,0.46,4.22,59.58,Rejected
28,Male,Yes,3,Not Graduate,Self Employed,219001,66063,145,938643,893,1,Personal,3471573,60,Rural,0.3,4.29,77.95,Approved
48,Female,Yes,1,Not Graduate,Government,65045,22206,12913,1177281,509,1,Vehicle,3120151,300,Semiurban,0.54,18.1,59.03,Rejected
55,Male,No,3,Graduate,Self Employed,172836,86183,8611,296186,725,0,Vehicle,3360343,300,Rural,0.55,1.71,56.11,Rejected
37,Male,No,0,Graduate,Self Employed,131337,21307,1273,32584,473,0,Vehicle,745566,120,Urban,0.17,0.25,51.61,Rejected
60,Female,No,4,Not Graduate,Government,107642,56191,15379,440953,567,1,Home,4818333,180,Rural,0.66,4.1,47.75,Rejected
48,Male,Yes,3,Not Graduate,Business,175256,95794,5572,519067,853,1,Education,122804,60,Rural,0.58,2.96,63.49,Approved
54,Male,Yes,0,Graduate,Private,228764,129060,39983,693252,463,0,Home,886533,180,Urban,0.74,3.03,43.62,Rejected
31,Female,Yes,3,Graduate,Self Employed,218822,104883,6441,313146,801,1,Education,2113176,120,Rural,0.51,1.43,61.95,Approved
53,Female,Yes,4,Graduate,Private,196964,27566,11316,115930,819,0,Home,554478,180,Semiurban,0.2,0.59,69.53,Approved
54,Female,Yes,2,Graduate,Self Employed,154979,78633,6428,881123,561,1,Education,1034568,60,Semiurban,0.55,5.69,56.04,Approved
30,Female,Yes,0,Graduate,Business,63008,13723,4505,214466,810,0,Personal,4622928,120,Rural,0.29,3.4,66.65,Rejected
27,Male,No,3,Not Graduate,Private,87487,7288,7345,134316,649,1,Home,2885802,60,Semiurban,0.17,1.54,60.4,Approved
35,Male,Yes,2,Graduate,Private,127087,70645,5350,350270,348,0,Vehicle,1408267,300,Rural,0.6,2.76,38.12,Rejected
52,Female,No,2,Not Graduate,Private,41321,8028,6313,957248,308,0,Education,1476811,60,Rural,0.35,23.17,54.93,Rejected
29,Male,Yes,2,Graduate,Self Employed,240140,103957,28357,606594,645,0,Education,1378136,300,Urban,0.55,2.53,56.79,Rejected
28,Male,No,0,Graduate,Government,82867,22751,8398,1280332,686,1,Personal,1212200,300,Urban,0.38,15.45,72.53,Approved
54,Female,No,2,Not Graduate,Business,212750,82830,28781,305278,660,1,Education,1330837,60,Semiurban,0.52,1.43,54.97,Approved
52,Female,No,1,Graduate,Self Employed,239318,99560,26995,494300,882,1,Personal,2305195,240,Semiurban,0.53,2.07,67.04,Approved
27,Female,No,2,Not Graduate,Self Employed,201866,109983,23796,1027099,616,0,Vehicle,2769266,120,Semiurban,0.66,5.09,55.75,Rejected
29,Female,No,3,Not Graduate,Government,166868,85003,15029,62192,556,0,Personal,4090119,300,Semiurban,0.6,0.37,44.15,Rejected
30,Male,Yes,4,Graduate,Private,223649,62260,46065,1287929,811,1,Vehicle,4520244,120,Rural,0.48,5.76,71.98,Approved
34,Female,No,3,Graduate,Self Employed,213413,20988,23727,537138,455,0,Vehicle,1069602,120,Semiurban,0.21,2.52,57.51,Rejected
21,Male,Yes,2,Graduate,Private,95490,36116,4503,388384,535,1,Home,465466,240,Semiurban,0.43,4.07,52.97,Approved
25,Female,No,1,Not Graduate,Government,196892,11810,28154,505364,465,0,Education,3925604,120,Urban,0.2,2.57,57.59,Rejected
44,Male,Yes,0,Not Graduate,Private,187813,65298,23966,757378,859,0,Education,1998895,120,Urban,0.48,4.03,69.5,Approved
54,Female,No,0,Graduate,Business,220597,71505,36957,1490234,892,0,Personal,936435,300,Rural,0.49,6.76,77.23,Approved
38,Male,Yes,3,Graduate,Business,55364,30559,10527,14340,721,1,Home,1781699,300,Rural,0.74,0.26,42.51,Rejected
41,Female,Yes,2,Graduate,Private,94394,41951,22190,961568,401,1,Home,205539,180,Urban,0.68,10.19,51.21,Approved
57,Male,Yes,2,Graduate,Business,223207,30686,54260,1324173,332,0,Personal,3954956,120,Urban,0.38,5.93,54.13,Approved
45,Male,Yes,1,Not Graduate,Private,20996,10387,4225,1384334,809,0,Vehicle,2234835,240,Rural,0.7,65.93,65.92,Rejected
36,Male,No,0,Graduate,Government,63782,28973,8122,1309024,852,1,Personal,518173,120,Semiurban,0.58,20.52,72.97,Approved
28,Male,No,1,Not Graduate,Business,190774,86721,23589,380109,338,1,Education,4886036,300,Rural,0.58,1.99,39.29,Rejected
25,Female,Yes,4,Graduate,Government,43599,23529,7594,1043904,818,1,Personal,3675462,240,Semiurban,0.71,23.94,66.68,Rejected
24,Male,Yes,0,Not Graduate,Business,97793,6365,4716,988888,748,1,Personal,1082593,120,Urban,0.11,10.11,83.76,Approved
27,Female,Yes,2,Not Graduate,Business,44145,5802,550,50575,520,1,Education,4608403,180,Semiurban,0.14,1.15,52.85,Rejected
40,Male,No,1,Not Graduate,Self Employed,187481,112091,5968,1463678,859,1,Vehicle,4318798,60,Semiurban,0.63,7.81,72.4,Approved
35,Male,Yes,0,Graduate,Government,160497,25832,12582,863640,498,1,Home,2869945,60,Urban,0.24,5.38,62.13,Approved
29,Male,Yes,0,Graduate,Private,119785,25038,7617,934133,325,1,Personal,3317811,240,Rural,0.27,7.8,56.65,Approved
39,Male,No,1,Graduate,Private,105461,23438,26264,834841,644,1,Education,3254614,120,Urban,0.47,7.92,64.53,Approved
48,Male,No,2,Not Graduate,Government,74080,30223,11086,482502,663,1,Home,1811474,240,Urban,0.56,6.51,58.73,Approved
37,Female,No,3,Not Graduate,Private,63873,31826,14934,1473724,793,1,Personal,4235674,180,Rural,0.73,23.07,65.84,Approved
49,Male,No,2,Not Graduate,Private,218214,23719,19283,367982,344,1,Education,2287114,120,Semiurban,0.2,1.69,51.48,Approved
39,Female,Yes,3,Not Graduate,Private,146428,15892,26093,93889,493,1,Education,1963232,60,Urban,0.29,0.64,50.45,Approved
48,Male,Yes,2,Not Graduate,Business,81486,42103,19758,787039,489,0,Personal,2767147,180,Urban,0.76,9.66,51.54,Rejected
37,Male,Yes,2,Graduate,Business,76013,35494,1992,1485865,837,1,Personal,4556227,300,Urban,0.49,19.55,75.45,Approved
42,Female,No,4,Graduate,Self Employed,88383,26016,8615,1338855,875,1,Vehicle,3866074,300,Rural,0.39,15.15,80.67,Approved
51,Female,Yes,2,Not Graduate,Private,185687,81140,42465,131270,610,0,Education,4547615,120,Semiurban,0.67,0.71,45.98,Rejected
41,Female,No,4,Not Graduate,Business,36182,19847,8560,1354012,741,1,Home,2762850,120,Urban,0.79,37.42,60.83,Rejected
53,Male,No,4,Graduate,Self Employed,135102,73477,17140,792515,410,0,Home,1431666,180,Semiurban,0.67,5.87,45.24,Rejected
51,Male,Yes,3,Not Graduate,Private,76717,33777,3457,52513,308,0,Vehicle,3335078,120,Semiurban,0.49,0.68,33.57,Rejected
25,Female,No,3,Graduate,Business,73453,16870,1361,1190096,551,1,Personal,1956057,60,Urban,0.25,16.2,69.98,Approved
39,Female,No,2,Graduate,Self Employed,61343,28266,9246,1386790,595,0,Personal,1872742,240,Semiurban,0.61,22.61,60.55,Rejected
41,Male,No,4,Graduate,Private,205902,100683,50595,1109558,572,0,Personal,866663,240,Urban,0.73,5.39,52.39,Rejected
33,Male,Yes,3,Graduate,Self Employed,46566,22335,4333,874253,769,0,Education,4093745,120,Semiurban,0.57,18.77,68.86,Rejected
34,Male,No,4,Graduate,Self Employed,110449,44951,5550,1038314,616,1,Personal,807458,60,Urban,0.46,9.4,66.88,Approved
46,Female,No,2,Graduate,Government,175819,95313,30274,125440,364,0,Home,3207086,240,Semiurban,0.71,0.71,33.21,Rejected
25,Male,No,0,Graduate,Business,226161,36938,53134,961619,341,0,Education,623114,60,Urban,0.4,4.25,50.76,Rejected
21,Male,Yes,1,Graduate,Private,204086,56873,36674,467551,342,1,Personal,399964,60,Urban,0.46,2.29,44.19,Approved
55,Male,No,4,Graduate,Business,210390,82073,7333,20886,691,1,Education,4446656,240,Urban,0.42,0.1,56.58,Approved
23,Male,No,4,Not Graduate,Government,41381,18944,3758,386382,872,0,Home,3143400,60,Rural,0.55,9.34,72.63,Rejected
45,Female,Yes,4,Not Graduate,Self Employed,51861,19176,7308,315877,411,0,Education,265764,120,Semiurban,0.51,6.09,47.2,Rejected
37,Female,No,2,Not Graduate,Government,61169,28137,4512,338584,385,0,Vehicle,2309345,300,Urban,0.53,5.54,44.62,Rejected
42,Female,No,4,Not Graduate,Government,64729,24293,2320,538129,441,1,Home,2156114,180,Urban,0.41,8.31,56.48,Rejected
35,Male,No,2,Not Graduate,Self Employed,150478,21377,12733,332192,302,0,Personal,3460643,60,Rural,0.23,2.21,47.06,Rejected
34,Male,Yes,1,Graduate,Self Employed,137863,60746,30293,597359,614,0,Home,4380542,240,Rural,0.66,4.33,51.66,Rejected
21,Female,Yes,4,Graduate,Government,238647,83455,40117,916805,535,0,Education,3601560,240,Semiurban,0.52,3.84,55.47,Rejected
48,Male,No,0,Graduate,Self Employed,190588,45879,39973,1264554,371,0,Vehicle,4233533,60,Semiurban,0.45,6.64,53.87,Rejected
40,Female,No,2,Not Graduate,Business,126701,50111,15328,978500,420,0,Education,1033321,180,Urban,0.52,7.72,53.69,Rejected
37,Male,No,4,Graduate,Private,156609,65851,14088,316229,477,1,Education,3675643,180,Semiurban,0.51,2.02,46.19,Approved
55,Female,Yes,3,Not Graduate,Business,132288,45023,22463,1327035,581,0,Home,352231,60,Urban,0.51,10.03,65.81,Rejected
27,Female,Yes,3,Not Graduate,Business,218392,116561,36926,626322,667,0,Home,1904212,120,Urban,0.7,2.87,53.03,Rejected
40,Female,Yes,1,Not Graduate,Self Employed,129375,72462,26511,349552,435,1,Vehicle,4162398,180,Semiurban,0.77,2.7,36.96,Rejected
59,Male,Yes,1,Graduate,Government,72909,20254,15293,1349722,706,0,Personal,3165411,240,Semiurban,0.49,18.51,69.67,Rejected
21,Male,No,0,Graduate,Government,113358,54066,25298,1117983,410,1,Home,1877243,60,Semiurban,0.7,9.86,51.48,Approved
36,Female,Yes,4,Graduate,Government,113897,40740,15160,859369,645,0,Personal,3257244,120,Rural,0.49,7.55,63.59,Rejected
49,Female,Yes,2,Not Graduate,Private,51658,17145,1054,90682,870,0,Personal,355244,300,Semiurban,0.35,1.76,63.67,Rejected
39,Male,Yes,0,Graduate,Self Employed,147958,34528,9065,39651,684,1,Education,4846777,180,Urban,0.29,0.27,58.02,Approved
49,Female,Yes,4,Graduate,Private,120308,30909,5405,835387,755,1,Home,942701,60,Semiurban,0.3,6.94,73.2,Approved
36,Male,Yes,3,Not Graduate,Private,245324,136842,56661,1007696,380,1,Personal,2332501,120,Semiurban,0.79,4.11,41.25,Rejected
39,Male,Yes,0,Not Graduate,Business,211505,54999,7341,599902,503,0,Personal,3564745,240,Semiurban,0.29,2.84,57.65,Rejected
29,Female,No,0,Not Graduate,Business,192134,67203,17010,526161,871,1,Education,2918981,120,Rural,0.44,2.74,68.72,Approved
58,Female,Yes,2,Not Graduate,Self Employed,167828,77856,38640,1149172,482,0,Vehicle,2951010,180,Rural,0.69,6.85,51.01,Rejected
39,Male,No,1,Graduate,Government,22470,6847,2459,1344162,709,0,Personal,4069682,240,Rural,0.41,59.82,69.99,Rejected
41,Female,No,1,Graduate,Business,135391,76616,24921,816013,431,1,Home,1903158,120,Rural,0.75,6.03,44.13,Approved
42,Male,Yes,0,Graduate,Business,213523,51038,12801,1257483,642,0,Vehicle,3458055,120,Semiurban,0.3,5.89,69.88,Approved
52,Male,Yes,1,Not Graduate,Private,101646,28733,17394,1036548,332,0,Home,896674,60,Urban,0.45,10.2,55.21,Rejected
49,Female,Yes,3,Graduate,Private,115640,41515,6426,872466,445,1,Home,1142969,180,Urban,0.41,7.54,57.06,Approved
42,Female,No,2,Graduate,Self Employed,163560,67337,4582,969677,370,0,Vehicle,1909854,180,Rural,0.44,5.93,51.65,Rejected
53,Male,Yes,2,Not Graduate,Private,106716,33391,5211,1024831,518,1,Vehicle,1770231,120,Urban,0.36,9.6,65.65,Approved
48,Male,Yes,0,Graduate,Self Employed,193260,74931,43333,1485708,787,1,Home,4060398,240,Semiurban,0.61,7.69,69.73,Approved
27,Female,Yes,3,Not Graduate,Private,32357,16354,4832,931875,662,0,Education,3249927,300,Rural,0.65,28.8,61.07,Rejected
27,Male,No,3,Not Graduate,Business,96365,10159,13774,609019,885,0,Home,933402,60,Urban,0.25,6.32,78.38,Approved
41,Female,No,2,Graduate,Private,121407,21407,3256,1096109,342,1,Personal,2159643,240,Urban,0.2,9.03,62.02,Approved
31,Male,No,0,Not Graduate,Private,57909,24486,10799,196577,737,1,Education,882433,120,Rural,0.61,3.39,53.58,Approved
24,Female,Yes,4,Not Graduate,Government,189865,92839,19069,1081998,596,1,Vehicle,2683026,120,Urban,0.59,5.7,57.8,Approved
21,Female,No,2,Not Graduate,Self Employed,142913,43143,7936,1369484,600,1,Vehicle,941185,300,Urban,0.36,9.58,70.83,Approved
27,Female,Yes,1,Graduate,Business,78114,20874,14206,422830,340,1,Education,3062749,240,Rural,0.45,5.41,45.59,Rejected
53,Female,No,0,Not Graduate,Government,68978,27056,761,967315,690,1,Education,474223,240,Rural,0.4,14.02,71.33,Approved
43,Male,No,1,Not Graduate,Government,32387,11895,4201,1302436,719,1,Vehicle,1854769,120,Semiurban,0.5,40.21,68.34,Approved
37,Female,No,0,Not Graduate,Government,67352,22827,458,1424259,566,0,Education,4465315,180,Rural,0.35,21.15,67.48,Rejected
34,Female,No,0,Graduate,Government,37630,10091,126,1087190,799,0,Education,1918071,300,Rural,0.27,28.89,78.87,Rejected
28,Male,Yes,3,Graduate,Government,152632,82648,37729,472182,872,0,Education,1178568,60,Semiurban,0.79,3.09,57.39,Rejected
42,Male,Yes,4,Graduate,Self Employed,213205,52453,29923,892865,308,0,Personal,4461435,240,Rural,0.39,4.19,49.0,Rejected
49,Female,Yes,1,Not Graduate,Private,100271,44131,2834,710011,431,0,Home,4381258,60,Semiurban,0.47,7.08,53.28,Rejected
48,Female,Yes,3,Not Graduate,Private,40367,11757,1367,1298259,771,1,Home,1070737,120,Semiurban,0.33,32.16,76.13,Approved
29,Female,No,1,Not Graduate,Business,181703,37379,32234,897249,678,0,Personal,4450964,120,Semiurban,0.38,4.94,65.78,Approved
48,Female,No,0,Not Graduate,Private,176274,19380,29868,365481,780,0,Vehicle,2212525,300,Rural,0.28,2.07,67.48,Approved
33,Female,Yes,4,Graduate,Private,95320,12961,7676,709919,324,0,Home,2476078,240,Urban,0.22,7.45,56.61,Rejected
51,Female,No,4,Not Graduate,Business,136877,44521,19383,907359,622,1,Vehicle,4620166,120,Urban,0.47,6.63,62.37,Approved
53,Female,Yes,4,Graduate,Government,218742,21658,21621,693631,822,1,Education,2444577,60,Semiurban,0.2,3.17,75.69,Approved
24,Male,Yes,2,Graduate,Private,101354,55079,21801,805334,682,0,Education,2811337,240,Rural,0.76,7.95,57.5,Rejected
57,Female,Yes,4,Not Graduate,Business,96848,36412,16120,174023,533,1,Personal,1486981,180,Rural,0.54,1.8,44.88,Rejected
36,Male,No,0,Graduate,Self Employed,116637,55891,15031,293830,756,1,Education,3175972,240,Urban,0.61,2.52,55.06,Approved
23,Female,No,0,Graduate,Private,76099,29632,14437,1436273,798,1,Vehicle,2712157,60,Urban,0.58,18.87,71.14,Approved
56,Female,Yes,4,Not Graduate,Government,216436,106196,49932,244821,832,0,Personal,202697,120,Rural,0.72,1.13,56.26,Rejected
38,Male,Yes,2,Graduate,Self Employed,212939,94676,7428,1028436,502,0,Personal,1871381,60,Rural,0.48,4.83,56.1,Rejected
21,Female,No,3,Not Graduate,Self Employed,204109,52138,6320,1061847,573,1,Education,4017504,300,Rural,0.29,5.2,65.44,Approved
53,Female,No,4,Not Graduate,Business,141960,81149,31266,188891,401,1,Personal,3942855,300,Semiurban,0.79,1.33,32.41,Rejected
47,Male,Yes,3,Graduate,Private,187409,99077,37425,753127,398,0,Home,1214817,240,Rural,0.73,4.02,41.37,Rejected
54,Female,No,4,Not Graduate,Business,58299,5581,342,490198,491,1,Vehicle,607263,120,Urban,0.1,8.41,67.92,Approved
41,Male,No,0,Graduate,Business,217894,27072,2577,938996,716,1,Personal,1970283,120,Semiurban,0.14,4.31,75.07,Approved
32,Female,No,3,Not Graduate,Government,85197,46316,18668,885731,372,0,Vehicle,4858289,120,Rural,0.76,10.4,47.06,Rejected
58,Female,Yes,2,Not Graduate,Private,156710,60595,35569,941597,707,0,Home,4863038,240,Semiurban,0.61,6.01,61.3,Rejected
52,Female,Yes,0,Graduate,Business,98648,46354,10514,857305,369,1,Home,1110766,180,Rural,0.58,8.69,50.43,Approved
33,Male,No,4,Not Graduate,Private,37402,10840,827,76869,832,1,Personal,2715672,60,Urban,0.31,2.06,63.23,Approved
32,Female,Yes,3,Graduate,Private,126024,37968,6007,520969,802,0,Home,751159,120,Semiurban,0.35,4.13,68.48,Approved
30,Female,Yes,2,Not Graduate,Government,230207,131444,57089,835288,466,0,Education,4034689,300,Rural,0.82,3.63,42.61,Rejected
39,Male,Yes,0,Graduate,Government,149764,22797,32488,571127,854,0,Personal,2957601,60,Semiurban,0.37,3.81,70.5,Approved
42,Male,No,4,Not Graduate,Private,41018,12369,2355,584324,361,1,Education,773561,300,Semiurban,0.36,14.25,56.92,Approved
41,Male,No,3,Graduate,Self Employed,44092,14055,5749,1025516,352,1,Vehicle,4556769,240,Rural,0.45,23.26,53.93,Rejected
48,Male,Yes,3,Not Graduate,Self Employed,141238,17652,30350,267903,482,0,Home,824683,240,Semiurban,0.34,1.9,50.67,Rejected
51,Male,No,0,Graduate,Private,64895,33741,9460,898969,464,1,Vehicle,2925564,120,Semiurban,0.67,13.85,53.25,Rejected
53,Female,Yes,0,Graduate,Private,178973,76447,32569,1060068,340,1,Vehicle,3653697,180,Rural,0.61,5.92,45.84,Approved
40,Male,No,4,Not Graduate,Self Employed,202702,40617,39467,1499646,498,0,Personal,1857583,300,Urban,0.4,7.4,63.19,Approved
31,Female,No,4,Not Graduate,Government,189914,94790,13567,996578,675,1,Education,4556845,180,Semiurban,0.57,5.25,60.97,Approved
41,Female,No,2,Graduate,Government,172040,23784,17082,887763,594,0,Personal,4338510,60,Urban,0.24,5.16,66.48,Rejected
29,Male,Yes,2,Not Graduate,Business,24996,9238,622,299666,467,1,Education,2666150,120,Rural,0.39,11.99,59.92,Rejected
44,Male,No,2,Not Graduate,Self Employed,80926,11425,9387,1205607,454,1,Education,1587431,120,Rural,0.26,14.9,65.7,Approved
37,Female,No,3,Graduate,Private,165603,24951,32919,134546,792,0,Personal,510678,120,Semiurban,0.35,0.81,62.97,Approved
41,Female,No,0,Not Graduate,Private,176714,84036,25502,1294734,789,0,Home,1803445,120,Rural,0.62,7.33,68.19,Approved
33,Male,No,3,Graduate,Self Employed,156840,81133,34689,323842,653,0,Education,1864909,300,Rural,0.74,2.06,47.27,Rejected
48,Male,No,2,Graduate,Private,85398,26798,1217,1040027,541,1,Education,2053239,180,Urban,0.33,12.18,67.62,Approved
28,Male,No,4,Not Graduate,Self Employed,27990,15926,1613,447490,596,0,Vehicle,582459,300,Semiurban,0.63,15.99,58.81,Rejected
50,Male,Yes,3,Not Graduate,Private,160143,16557,3707,952718,713,1,Education,3826859,300,Semiurban,0.13,5.95,76.2,Approved
49,Male,No,0,Graduate,Government,114078,47733,18881,928233,571,1,Home,1922073,60,Semiurban,0.58,8.14,58.7,Approved
34,Female,No,0,Not Graduate,Private,87184,14193,12711,256098,356,0,Home,1370251,180,Rural,0.31,2.94,45.93,Rejected
51,Female,Yes,3,Not Graduate,Government,158451,75326,17940,1280144,413,1,Education,779997,120,Urban,0.59,8.08,53.19,Approved
58,Female,Yes,3,Graduate,Business,143876,28918,17328,989593,712,0,Vehicle,4091296,120,Semiurban,0.32,6.88,71.51,Approved
54,Female,Yes,0,Not Graduate,Private,164901,93722,19599,485259,820,1,Personal,326629,300,Rural,0.69,2.94,58.31,Approved
58,Female,No,4,Graduate,Business,189049,109517,20513,1457215,316,1,Personal,2342135,300,Urban,0.69,7.71,46.39,Approved
40,Female,Yes,2,Not Graduate,Business,91622,19790,9407,684430,540,1,Vehicle,4842379,240,Urban,0.32,7.47,63.05,Approved
24,Female,No,4,Not Graduate,Self Employed,57334,9898,2632,306507,739,1,Education,809454,180,Urban,0.22,5.35,69.27,Approved
36,Male,Yes,1,Not Graduate,Government,55602,20080,12700,771935,361,1,Education,4045751,240,Rural,0.59,13.88,50.58,Rejected
57,Male,Yes,2,Graduate,Business,113938,20749,18156,801337,310,0,Education,4426187,60,Urban,0.34,7.03,52.16,Rejected
23,Female,No,0,Graduate,Government,125524,15600,31159,739768,674,1,Home,1415133,120,Semiurban,0.37,5.89,65.59,Approved
37,Female,No,3,Not Graduate,Private,75607,16894,4167,211151,610,1,Vehicle,803982,120,Rural,0.28,2.79,57.36,Approved
57,Female,Yes,3,Not Graduate,Private,74685,8394,7814,1166856,381,1,Education,4997260,180,Rural,0.22,15.62,63.41,Approved
23,Female,Yes,2,Not Graduate,Business,205697,13541,853,914673,513,1,Personal,634374,120,Rural,0.07,4.45,67.82,Approved
52,Female,Yes,4,Graduate,Government,138850,30001,1629,1450399,684,0,Home,680907,180,Semiurban,0.23,10.45,79.12,Approved
29,Female,No,1,Graduate,Government,224685,89115,12261,1168666,593,0,Vehicle,1312223,60,Rural,0.45,5.2,62.21,Rejected
43,Male,No,3,Graduate,Private,215047,19003,37418,211216,453,1,Personal,2303467,300,Semiurban,0.26,0.98,52.83,Approved
54,Female,No,2,Graduate,Business,91392,6012,19471,517117,856,1,Vehicle,2682447,240,Urban,0.28,5.66,74.65,Approved
60,Male,No,0,Not Graduate,Business,153784,64946,20057,1120418,783,0,Vehicle,3447982,240,Urban,0.55,7.29,68.94,Approved
35,Male,Yes,2,Not Graduate,Government,173200,90029,20233,580876,700,0,Vehicle,188191,60,Urban,0.64,3.35,55.65,Rejected
35,Female,Yes,3,Not Graduate,Business,245379,103605,28361,125961,668,0,Vehicle,274651,300,Semiurban,0.54,0.51,54.4,Rejected
44,Female,No,2,Not Graduate,Private,236551,129858,37547,1477052,554,0,Vehicle,4189562,180,Urban,0.71,6.24,55.34,Rejected
50,Male,Yes,1,Not Graduate,Private,41665,23563,6350,48334,427,0,Home,3921590,240,Semiurban,0.72,1.16,31.43,Rejected
52,Male,No,1,Not Graduate,Private,64128,10286,1650,165754,894,0,Home,3764605,240,Rural,0.19,2.58,71.88,Rejected
29,Male,No,3,Graduate,Government,225203,33731,56116,532879,307,0,Personal,2307663,180,Urban,0.4,2.37,45.42,Rejected
36,Female,Yes,1,Not Graduate,Self Employed,76850,17850,5920,1089977,753,1,Home,3156827,240,Semiurban,0.31,14.18,77.26,Approved
46,Female,No,4,Graduate,Business,165174,10339,2056,114062,668,1,Home,4667393,60,Semiurban,0.08,0.69,65.43,Approved
51,Female,Yes,0,Not Graduate,Business,77900,40618,10912,962225,853,0,Personal,4133960,240,Rural,0.66,12.35,71.18,Rejected
38,Male,No,4,Graduate,Business,195559,104312,41589,249391,602,1,Education,3508651,60,Rural,0.75,1.28,44.75,Rejected
59,Female,No,0,Not Graduate,Government,29314,5061,7108,862854,672,1,Home,3418027,240,Semiurban,0.42,29.43,68.59,Rejected
55,Female,No,2,Not Graduate,Private,223758,119527,41536,1446507,708,0,Education,4263110,240,Semiurban,0.72,6.46,61.75,Approved
44,Female,Yes,1,Graduate,Business,93812,55717,4350,498619,874,0,Education,1618383,120,Semiurban,0.64,5.32,64.02,Approved
48,Female,No,4,Graduate,Self Employed,45347,15225,6306,345903,861,0,Education,1928073,180,Rural,0.47,7.63,71.09,Rejected
24,Female,Yes,1,Graduate,Business,41512,11542,1265,1430938,501,1,Education,1053639,60,Semiurban,0.31,34.47,64.67,Rejected
21,Male,No,4,Not Graduate,Self Employed,69193,24471,10050,966805,891,0,Education,1532864,120,Urban,0.5,13.97,77.4,Approved
60,Male,No,3,Graduate,Self Employed,166162,26034,11151,736126,834,1,Vehicle,1752797,60,Urban,0.22,4.43,75.86,Approved
41,Female,No,0,Not Graduate,Business,137174,40896,1809,957123,499,1,Home,4920985,240,Urban,0.31,6.98,62.28,Approved
52,Female,No,2,Not Graduate,Self Employed,174604,79938,3641,817121,427,0,Vehicle,2302363,120,Semiurban,0.48,4.68,50.96,Rejected
28,Male,Yes,4,Not Graduate,Business,107488,25527,2553,1236892,429,1,Personal,3196484,120,Rural,0.26,11.51,65.53,Approved
48,Male,No,4,Not Graduate,Government,37477,18956,1427,1416857,762,0,Education,2213256,300,Urban,0.54,37.81,69.05,Rejected
40,Female,No,1,Graduate,Self Employed,200642,50815,11745,52090,398,1,Education,902181,180,Semiurban,0.31,0.26,46.88,Approved
27,Female,No,0,Not Graduate,Self Employed,79742,17306,15570,902252,830,1,Personal,843483,120,Semiurban,0.41,11.31,77.71,Approved
25,Female,Yes,0,Graduate,Self Employed,49170,23803,6133,1020664,404,1,Vehicle,952808,180,Rural,0.61,20.76,51.66,Rejected
43,Male,No,4,Not Graduate,Business,159517,29828,35562,1029921,517,1,Personal,4017473,120,Rural,0.41,6.46,59.97,Approved
46,Female,Yes,4,Graduate,Business,83240,39108,16992,153829,691,1,Home,4029225,120,Urban,0.67,1.85,47.52,Rejected
22,Male,No,0,Not Graduate,Self Employed,92213,21432,11153,16724,541,0,Personal,3268044,60,Semiurban,0.35,0.18,47.49,Rejected
43,Male,Yes,4,Graduate,Self Employed,80495,18828,1728,69823,481,1,Education,2106211,120,Semiurban,0.26,0.87,48.67,Rejected
32,Male,Yes,3,Graduate,Self Employed,180722,47464,3883,558866,512,0,Education,476184,180,Rural,0.28,3.09,57.65,Rejected
24,Female,No,1,Not Graduate,Private,105818,60269,4615,354572,728,1,Vehicle,1828312,60,Semiurban,0.61,3.35,54.89,Approved
34,Female,Yes,2,Not Graduate,Government,71049,27722,14232,630711,448,1,Personal,3286368,60,Rural,0.59,8.88,52.79,Rejected
22,Female,Yes,3,Not Graduate,Government,203673,46190,5879,551830,548,0,Education,2540752,60,Urban,0.26,2.71,60.25,Rejected
59,Male,Yes,3,Not Graduate,Self Employed,101388,52001,1618,1354082,460,1,Vehicle,1554032,240,Urban,0.53,13.36,58.63,Approved
23,Female,Yes,4,Graduate,Private,69634,39121,8511,437075,668,1,Home,4611166,300,Semiurban,0.68,6.28,54.51,Rejected
57,Female,No,4,Graduate,Private,105469,9180,21003,1022058,585,1,Vehicle,1575902,300,Semiurban,0.29,9.69,71.01,Approved
60,Female,No,2,Not Graduate,Business,102492,11693,5321,1089851,825,1,Education,1793222,300,Urban,0.17,10.63,85.79,Approved
48,Female,No,3,Not Graduate,Self Employed,35264,8443,1315,16821,380,0,Home,698832,120,Urban,0.28,0.48,40.95,Rejected
54,Female,No,1,Not Graduate,Private,39319,14873,4706,1082328,519,1,Vehicle,2881213,240,Semiurban,0.5,27.53,59.7,Rejected
57,Male,No,4,Graduate,Private,114900,14875,12178,610523,520,0,Home,2965531,120,Semiurban,0.24,5.31,61.27,Rejected
32,Male,No,0,Not Graduate,Private,198330,42555,24889,890755,321,1,Home,2245432,240,Urban,0.34,4.49,50.98,Approved
43,Female,No,3,Graduate,Government,163010,11084,5035,91570,518,0,Home,1605844,60,Rural,0.1,0.56,57.7,Rejected
29,Male,No,2,Graduate,Private,45305,18681,9769,1083793,529,0,Home,1385904,300,Semiurban,0.63,23.92,56.48,Rejected
37,Male,No,1,Graduate,Self Employed,234653,65470,41150,289044,722,0,Personal,2574406,180,Semiurban,0.45,1.23,60.31,Rejected
33,Female,Yes,2,Graduate,Business,104370,13168,20246,833688,800,1,Education,4717500,300,Urban,0.32,7.99,76.1,Approved
26,Male,No,4,Graduate,Private,66821,32703,9781,400495,500,0,Education,1695294,180,Semiurban,0.64,5.99,47.81,Rejected
38,Female,Yes,1,Graduate,Self Employed,235599,54355,5672,83604,649,1,Personal,4861140,240,Urban,0.25,0.35,61.33,Approved
32,Male,Yes,2,Not Graduate,Business,108747,14020,14878,1182699,780,1,Home,3295678,60,Urban,0.27,10.88,81.04,Approved
34,Female,No,2,Graduate,Private,23812,13750,3551,1077092,380,1,Personal,4140816,300,Semiurban,0.73,45.23,46.04,Rejected
52,Female,Yes,4,Graduate,Government,184538,79469,19031,1188514,771,1,Education,1087421,120,Urban,0.53,6.44,68.52,Approved
26,Male,Yes,1,Not Graduate,Government,114971,27075,3705,1046915,634,1,Home,3900734,120,Semiurban,0.27,9.11,72.96,Approved
34,Male,Yes,3,Graduate,Private,152302,82743,26334,866478,744,1,Vehicle,4624289,180,Urban,0.72,5.69,59.05,Approved
25,Male,No,1,Graduate,Government,206748,92981,45485,859561,663,0,Vehicle,2222809,240,Urban,0.67,4.16,55.96,Rejected
60,Female,No,2,Graduate,Government,24772,10569,2897,930539,807,0,Personal,1818885,60,Rural,0.54,37.56,70.55,Rejected
30,Female,No,4,Not Graduate,Government,166073,87527,35769,1222606,638,1,Education,1685884,180,Rural,0.74,7.36,57.45,Approved
40,Male,No,1,Graduate,Government,88614,42183,9061,709237,471,0,Home,2999241,300,Semiurban,0.58,8.0,53.14,Rejected
23,Female,Yes,0,Graduate,Government,198815,40721,3129,1380028,888,0,Vehicle,1141277,180,Rural,0.22,6.94,84.69,Approved
27,Female,Yes,2,Graduate,Business,23738,6297,5767,517796,572,1,Vehicle,1455159,300,Rural,0.51,21.81,61.13,Rejected
46,Male,No,2,Graduate,Private,65025,31996,4967,958405,438,1,Vehicle,1938868,300,Rural,0.57,14.74,55.01,Rejected
32,Female,No,1,Not Graduate,Government,242101,80821,8289,541638,326,0,Education,2475447,180,Urban,0.37,2.24,47.61,Rejected
44,Male,No,4,Not Graduate,Private,138542,61689,32972,381044,319,0,Personal,1488003,120,Semiurban,0.68,2.75,34.72,Rejected
45,Female,Yes,2,Graduate,Government,178713,68991,104,348474,308,1,Personal,3751743,120,Semiurban,0.39,1.95,43.14,Approved
27,Female,Yes,0,Not Graduate,Business,190234,32947,15449,255992,750,0,Home,3038413,120,Urban,0.25,1.35,66.0,Approved
52,Female,Yes,4,Not Graduate,Government,100839,47412,7722,990862,790,1,Education,1610545,180,Urban,0.55,9.83,72.39,Approved
50,Male,No,1,Graduate,Government,104759,20100,7868,486396,325,0,Home,1663310,180,Semiurban,0.27,4.64,49.91,Rejected
57,Female,No,3,Not Graduate,Government,70028,20459,2292,220549,665,0,Education,4320749,120,Rural,0.32,3.15,58.91,Rejected
39,Female,Yes,1,Not Graduate,Self Employed,71772,10695,12057,644667,517,0,Personal,1830948,180,Rural,0.32,8.98,64.3,Rejected
57,Male,Yes,0,Not Graduate,Self Employed,187927,49907,12844,1497903,688,1,Education,837848,120,Semiurban,0.33,7.97,74.02,Approved
40,Female,Yes,2,Graduate,Business,105149,16060,6021,1090112,438,0,Home,2827418,120,Semiurban,0.21,10.37,67.37,Rejected
53,Female,Yes,4,Not Graduate,Private,206655,38509,39065,862135,663,1,Education,2744795,300,Urban,0.38,4.17,64.82,Approved
35,Female,Yes,0,Not Graduate,Government,199140,55798,19280,23664,743,1,Personal,1305163,120,Rural,0.38,0.12,59.92,Approved
25,Female,No,0,Graduate,Business,88495,35160,16483,438599,308,1,Vehicle,221924,60,Semiurban,0.58,4.96,39.63,Approved
33,Male,No,0,Graduate,Business,169716,20076,16560,224337,316,1,Home,3291187,300,Rural,0.22,1.32,47.0,Approved
46,Male,No,2,Graduate,Self Employed,60052,28932,1214,403210,715,1,Vehicle,2489923,120,Semiurban,0.5,6.71,62.55,Approved
52,Female,No,4,Not Graduate,Self Employed,192782,45078,25550,1015253,490,1,Education,1731441,60,Urban,0.37,5.27,59.03,Approved
35,Male,Yes,1,Not Graduate,Private,232804,29807,54385,958345,301,0,Education,4159668,60,Rural,0.36,4.12,50.07,Rejected
57,Female,Yes,2,Not Graduate,Government,244685,146575,23057,260879,615,1,Vehicle,3643932,60,Semiurban,0.69,1.07,48.46,Rejected
23,Male,No,4,Not Graduate,Private,124419,8833,26841,888142,827,0,Home,4308802,240,Rural,0.29,7.14,77.41,Approved
41,Female,Yes,2,Graduate,Government,168271,54854,25069,156664,677,0,Home,1425602,180,Semiurban,0.47,0.93,54.43,Rejected
54,Male,No,0,Not Graduate,Government,70129,8594,7293,608953,794,0,Personal,1643582,60,Urban,0.23,8.68,78.66,Approved
51,Male,Yes,1,Graduate,Business,187361,80141,21663,1482685,399,0,Home,395218,240,Urban,0.54,7.91,54.75,Rejected
30,Male,Yes,1,Graduate,Business,212931,77541,9836,476800,529,1,Personal,985534,60,Urban,0.41,2.24,54.2,Approved
60,Female,No,1,Not Graduate,Private,135082,77259,30656,827934,748,0,Home,3384147,60,Rural,0.8,6.13,56.94,Rejected
56,Female,Yes,1,Not Graduate,Self Employed,106254,11819,9980,546309,566,1,Vehicle,3954642,180,Urban,0.21,5.14,63.53,Approved
22,Female,Yes,0,Not Graduate,Government,101113,49298,22159,1178301,605,0,Education,1284676,60,Urban,0.71,11.65,59.73,Rejected
58,Male,Yes,1,Graduate,Government,155717,40610,15572,1366604,523,0,Vehicle,806062,300,Rural,0.36,8.78,66.2,Approved
56,Male,Yes,3,Not Graduate,Private,71123,6385,11062,12726,765,1,Vehicle,542896,180,Semiurban,0.25,0.18,59.84,Approved
36,Male,No,0,Graduate,Government,57246,28139,8521,599236,570,0,Education,825359,240,Rural,0.64,10.47,58.41,Rejected
34,Female,Yes,2,Graduate,Business,246522,35057,58398,1383179,738,0,Home,2117682,300,Urban,0.38,5.61,72.51,Approved
33,Female,Yes,2,Not Graduate,Business,40042,6234,3979,1007890,720,0,Home,3576204,180,Rural,0.26,25.17,75.95,Rejected
38,Male,No,1,Not Graduate,Private,157989,50865,5483,915211,539,1,Education,4437100,60,Urban,0.36,5.79,61.16,Approved
47,Female,No,3,Not Graduate,Business,231265,130530,6972,408596,474,0,Personal,593645,120,Rural,0.59,1.77,46.01,Rejected
27,Female,No,0,Graduate,Business,157796,15645,7912,121526,396,1,Education,482872,120,Urban,0.15,0.77,50.97,Approved
44,Male,No,4,Not Graduate,Private,153758,82618,966,214210,577,0,Personal,1279283,120,Semiurban,0.54,1.39,48.27,Rejected
48,Male,Yes,3,Not Graduate,Self Employed,123602,11431,4681,959987,397,1,Home,3985298,300,Rural,0.13,7.77,64.21,Approved
56,Female,No,4,Not Graduate,Government,162942,15054,40349,426825,844,0,Vehicle,4282956,240,Rural,0.34,2.62,69.07,Approved
23,Female,Yes,0,Not Graduate,Self Employed,80973,5109,18178,74242,489,0,Personal,1908341,60,Rural,0.29,0.92,48.18,Rejected
26,Female,Yes,2,Graduate,Business,213453,35679,1370,584682,602,1,Education,4857056,240,Rural,0.17,2.74,65.56,Approved
58,Female,Yes,2,Not Graduate,Private,98727,42987,24597,42925,321,0,Education,3621485,300,Rural,0.68,0.43,28.55,Rejected
59,Male,Yes,2,Not Graduate,Government,36038,13464,1703,1306996,672,0,Personal,1761849,60,Urban,0.42,36.27,68.68,Rejected
22,Female,No,3,Graduate,Self Employed,21089,8171,870,823168,711,1,Education,2707242,300,Rural,0.43,39.03,69.58,Approved
29,Male,No,1,Not Graduate,Government,154188,18840,35032,826282,887,1,Home,1998545,180,Semiurban,0.35,5.36,75.83,Approved
37,Male,No,2,Not Graduate,Private,242990,86025,32667,977220,475,0,Home,4887433,240,Urban,0.49,4.02,54.22,Rejected
46,Male,Yes,4,Graduate,Self Employed,21994,9464,4785,1429832,601,0,Education,1421796,120,Urban,0.65,65.01,58.16,Rejected
60,Male,Yes,3,Graduate,Self Employed,131012,74078,30201,798318,548,1,Home,937771,300,Semiurban,0.8,6.09,47.9,Approved
56,Male,No,4,Not Graduate,Government,231467,84881,31550,92616,674,1,Personal,1433236,240,Semiurban,0.5,0.4,54.92,Approved
45,Female,No,2,Graduate,Self Employed,102713,30889,12771,889950,768,0,Vehicle,3945218,60,Urban,0.43,8.66,72.82,Approved
28,Male,Yes,3,Graduate,Government,156920,91132,1159,1462460,645,0,Vehicle,4878808,240,Semiurban,0.59,9.32,65.94,Rejected
58,Male,No,1,Not Graduate,Business,55978,16311,7543,892963,380,1,Personal,2093513,120,Semiurban,0.43,15.95,56.34,Rejected
59,Female,Yes,4,Not Graduate,Government,152115,61507,33851,410929,310,1,Home,2450985,120,Urban,0.63,2.7,36.46,Rejected
58,Female,No,1,Graduate,Government,201125,95430,219,145366,546,0,Home,180541,300,Urban,0.48,0.72,49.49,Rejected
38,Male,Yes,1,Not Graduate,Self Employed,110359,41316,10134,1386412,880,0,Personal,2650462,60,Semiurban,0.47,12.56,79.54,Approved
48,Female,Yes,1,Not Graduate,Self Employed,163725,69021,2442,1420488,347,1,Personal,1299741,240,Rural,0.44,8.68,56.23,Approved
59,Male,No,3,Graduate,Self Employed,178501,13912,38986,1216598,414,0,Education,2337427,300,Rural,0.3,6.82,60.28,Approved
33,Female,Yes,3,Not Graduate,Government,128269,30408,12741,943391,786,0,Education,3939415,180,Urban,0.34,7.35,74.68,Approved
59,Female,No,1,Not Graduate,Government,113720,61007,8914,1493348,853,1,Personal,2321152,60,Rural,0.61,13.13,74.01,Approved
29,Female,No,1,Not Graduate,Self Employed,29292,10924,312,1128246,783,1,Vehicle,443438,180,Semiurban,0.38,38.52,74.46,Approved
31,Female,No,4,Graduate,Self Employed,135842,72711,24117,62390,403,0,Personal,4940218,120,Rural,0.71,0.46,32.88,Rejected
50,Male,No,2,Graduate,Business,249551,49103,1438,222299,546,1,Vehicle,1876659,300,Rural,0.2,0.89,59.95,Approved
32,Male,No,0,Not Graduate,Self Employed,66372,25444,15556,1127673,747,0,Vehicle,3791374,120,Urban,0.62,16.99,67.32,Rejected
47,Male,No,1,Graduate,Government,151478,79772,754,517297,613,1,Vehicle,2699514,240,Rural,0.53,3.41,54.19,Approved
53,Female,Yes,1,Graduate,Government,246827,89378,19393,1271038,696,1,Personal,4186732,240,Rural,0.44,5.15,67.89,Approved
33,Male,No,4,Graduate,Government,202211,119081,47260,1207757,812,1,Education,3840613,240,Urban,0.82,5.97,61.44,Approved
50,Male,No,0,Graduate,Government,76462,28009,13237,351813,626,1,Education,1215640,60,Urban,0.54,4.6,53.9,Approved
59,Male,Yes,4,Graduate,Business,138916,82376,22507,793539,323,0,Personal,2254299,180,Semiurban,0.76,5.71,38.69,Rejected
25,Female,No,3,Graduate,Government,118139,63828,29359,337955,808,1,Education,1398193,120,Urban,0.79,2.86,52.69,Approved
31,Male,No,2,Graduate,Private,167967,96819,1434,681974,498,1,Personal,1085900,120,Rural,0.58,4.06,49.42,Approved
51,Female,Yes,3,Graduate,Government,196101,114241,14191,330145,585,0,Home,2007788,240,Semiurban,0.65,1.68,47.56,Rejected
44,Female,No,3,Not Graduate,Self Employed,121703,47622,6701,400567,583,0,Vehicle,4339185,180,Urban,0.45,3.29,53.97,Rejected
47,Male,No,3,Not Graduate,Self Employed,247599,79914,28653,732501,842,1,Education,4706558,180,Semiurban,0.44,2.96,70.09,Approved
40,Female,Yes,4,Graduate,Business,56056,19694,9303,517670,571,1,Home,4793366,180,Urban,0.52,9.23,60.57,Rejected
46,Female,Yes,1,Not Graduate,Private,105521,12069,2833,1165043,778,1,Education,2117720,180,Rural,0.14,11.04,84.56,Approved
25,Female,No,4,Not Graduate,Self Employed,135689,44397,29159,864774,501,1,Personal,252846,120,Urban,0.54,6.37,54.18,Approved
54,Female,Yes,3,Not Graduate,Self Employed,34357,19334,6714,1409567,852,1,Education,2471670,120,Urban,0.76,41.03,66.5,Rejected
42,Male,No,3,Not Graduate,Self Employed,65991,14453,2283,859871,514,1,Education,2872093,60,Rural,0.25,13.03,67.88,Approved
46,Female,Yes,2,Graduate,Government,54770,7086,4801,160462,539,0,Education,493400,300,Rural,0.22,2.93,55.49,Rejected
48,Female,No,0,Not Graduate,Self Employed,239707,112442,52938,121286,404,1,Personal,3035482,300,Urban,0.69,0.51,37.86,Rejected
60,Female,No,0,Graduate,Business,116886,50351,28411,355944,488,1,Vehicle,753026,120,Semiurban,0.67,3.05,42.24,Rejected
45,Female,No,1,Not Graduate,Self Employed,167124,64288,12822,675147,417,1,Home,1270829,60,Urban,0.46,4.04,49.46,Approved
31,Female,Yes,0,Graduate,Government,151199,11578,3923,310156,384,1,Personal,367384,300,Semiurban,0.1,2.05,54.14,Approved
49,Female,No,2,Not Graduate,Self Employed,84644,24012,21141,464234,453,0,Home,672872,120,Urban,0.53,5.48,48.48,Rejected
25,Male,No,3,Not Graduate,Private,113933,43510,16808,1354556,310,1,Education,4428082,240,Urban,0.53,11.89,52.45,Approved
29,Female,No,4,Not Graduate,Business,131933,23569,31076,234455,494,1,Personal,1304902,180,Semiurban,0.41,1.78,48.36,Rejected
46,Female,No,4,Graduate,Government,119510,57328,26650,68922,887,1,Education,4499472,120,Urban,0.7,0.58,54.28,Rejected
47,Male,No,2,Not Graduate,Business,151605,74719,37106,1247853,866,1,Home,2344719,180,Semiurban,0.74,8.23,68.89,Approved
45,Male,Yes,1,Not Graduate,Private,200179,10620,37959,372297,769,1,Home,4857350,60,Rural,0.24,1.86,68.62,Approved
54,Male,Yes,1,Graduate,Government,67623,9848,11181,1385364,398,0,Vehicle,756543,120,Semiurban,0.31,20.49,61.06,Rejected
53,Female,Yes,2,Not Graduate,Government,207453,55817,43857,706069,469,0,Education,165856,60,Rural,0.48,3.4,51.54,Rejected
49,Female,No,2,Graduate,Government,216844,11060,13476,378900,462,1,Personal,4091386,120,Semiurban,0.11,1.75,59.31,Approved
50,Female,Yes,1,Not Graduate,Self Employed,87262,39861,10144,895442,578,0,Personal,618960,120,Urban,0.57,10.26,61.99,Rejected
34,Male,No,2,Graduate,Self Employed,207498,61972,31529,505180,356,1,Vehicle,4613590,120,Urban,0.45,2.43,45.47,Approved
60,Female,No,2,Not Graduate,Private,56332,13894,3375,205400,439,0,Home,3083938,180,Rural,0.31,3.65,49.86,Rejected
53,Male,Yes,1,Graduate,Self Employed,162463,20661,17513,242926,430,1,Education,273958,240,Semiurban,0.23,1.5,51.55,Approved
24,Female,No,4,Graduate,Business,86494,51719,11257,640077,780,1,Education,682174,60,Urban,0.73,7.4,61.08,Approved
28,Female,No,4,Not Graduate,Private,50701,27078,679,283714,605,0,Education,2580293,180,Rural,0.55,5.6,53.68,Rejected
48,Male,No,3,Not Graduate,Business,154623,33013,6523,36341,886,0,Home,3004100,300,Rural,0.26,0.24,68.36,Approved
43,Female,Yes,3,Graduate,Private,202204,110234,31034,743945,335,0,Education,695131,300,Urban,0.7,3.68,39.38,Rejected
45,Female,Yes,0,Graduate,Private,81690,41031,14380,350520,828,0,Education,2192267,240,Semiurban,0.68,4.29,58.3,Rejected
40,Female,Yes,3,Not Graduate,Government,210879,101198,44778,1332687,419,1,Vehicle,1950775,120,Semiurban,0.69,6.32,48.93,Approved
47,Male,Yes,4,Not Graduate,Government,65131,9793,14576,172124,423,1,Personal,470380,60,Urban,0.37,2.64,45.47,Approved
55,Male,Yes,1,Graduate,Business,81810,13602,5466,99160,854,0,Vehicle,3316872,60,Rural,0.23,1.21,66.66,Rejected
57,Male,No,3,Not Graduate,Government,242636,122174,7637,42523,394,1,Education,4600825,120,Semiurban,0.54,0.18,41.52,Rejected
50,Female,Yes,0,Not Graduate,Private,168826,10764,25701,888107,631,0,Education,4419271,300,Rural,0.22,5.26,68.84,Approved
53,Female,No,3,Graduate,Private,141856,30802,7937,900696,320,0,Vehicle,546294,120,Rural,0.27,6.35,54.4,Approved
40,Female,Yes,3,Graduate,Private,214508,65688,51419,137506,657,0,Vehicle,838326,240,Rural,0.55,0.64,52.68,Rejected
37,Female,No,2,Not Graduate,Self Employed,119325,66185,12994,1342694,560,1,Personal,2432477,120,Rural,0.66,11.25,59.76,Approved
53,Female,Yes,0,Graduate,Government,239385,33767,13875,940295,569,0,Education,4383051,180,Semiurban,0.2,3.93,66.75,Rejected
27,Male,No,1,Graduate,Private,67302,14651,10653,1400463,855,0,Home,4133920,240,Urban,0.38,20.81,79.41,Approved
30,Male,Yes,2,Not Graduate,Government,50305,16216,4521,258739,782,1,Education,3196050,240,Rural,0.41,5.14,64.69,Approved
47,Female,Yes,0,Graduate,Government,24980,10758,4902,190955,425,1,Home,2349237,240,Rural,0.63,7.64,46.37,Rejected
36,Male,Yes,2,Graduate,Business,34704,7103,6467,1244889,698,0,Personal,2784619,180,Rural,0.39,35.87,70.68,Rejected
43,Male,Yes,4,Not Graduate,Business,150620,49363,30207,698902,400,0,Personal,4369520,120,Rural,0.53,4.64,47.23,Rejected
56,Male,Yes,3,Graduate,Business,91988,21785,12719,1134060,627,0,Personal,1761278,300,Urban,0.38,12.33,70.29,Approved
36,Female,No,0,Not Graduate,Private,181516,34592,10540,855043,586,1,Education,485325,60,Semiurban,0.25,4.71,65.27,Approved
49,Male,Yes,3,Graduate,Government,32379,11917,2960,413895,711,0,Vehicle,2570592,300,Semiurban,0.46,12.78,69.11,Rejected
26,Male,No,4,Graduate,Government,184370,9989,34996,336723,697,0,Education,4024842,180,Semiurban,0.24,1.83,64.69,Rejected
59,Male,No,0,Not Graduate,Government,152496,61840,25441,32408,668,1,Education,941627,60,Rural,0.57,0.21,49.04,Approved
56,Male,Yes,0,Graduate,Self Employed,102106,37942,14115,647997,524,1,Home,287578,300,Semiurban,0.51,6.35,54.77,Approved
41,Male,Yes,3,Graduate,Government,88642,42896,4411,1061922,717,0,Education,1107280,240,Semiurban,0.53,11.98,69.4,Approved
46,Female,Yes,2,Not Graduate,Business,229344,105151,18334,1409856,473,0,Personal,3590063,300,Rural,0.54,6.15,56.34,Rejected
30,Female,No,4,Graduate,Government,22842,8246,2864,1131351,360,1,Vehicle,3503389,120,Semiurban,0.49,49.53,52.32,Rejected
39,Male,Yes,4,Not Graduate,Private,96090,41537,17902,513311,387,0,Education,1472246,240,Semiurban,0.62,5.34,43.17,Rejected
53,Male,No,0,Not Graduate,Private,56093,21447,1294,1177933,391,1,Education,821643,240,Semiurban,0.41,21.0,57.46,Approved
27,Male,Yes,1,Not Graduate,Government,65746,8491,16103,468807,747,0,Education,2708046,180,Semiurban,0.37,7.13,68.87,Approved
37,Male,No,4,Graduate,Business,187467,74266,377,47687,363,0,Personal,856876,120,Urban,0.4,0.25,42.2,Rejected
24,Male,Yes,2,Graduate,Business,22104,6305,767,528490,884,0,Personal,3079846,300,Rural,0.32,23.91,80.57,Rejected
25,Male,No,3,Graduate,Business,95651,21371,21138,950130,730,1,Vehicle,3266010,60,Rural,0.44,9.93,72.8,Approved
40,Female,Yes,2,Graduate,Private,124116,48030,20350,939308,616,1,Personal,974658,180,Rural,0.55,7.57,60.95,Approved
50,Male,Yes,4,Graduate,Private,78400,39221,4302,798264,655,1,Personal,4852681,240,Rural,0.56,10.18,65.59,Approved
58,Female,Yes,1,Not Graduate,Self Employed,127853,20490,12616,1213902,880,0,Education,3900147,60,Rural,0.26,9.49,85.45,Approved
53,Female,No,2,Not Graduate,Business,161302,60603,24324,1262296,760,1,Vehicle,3992134,240,Semiurban,0.53,7.83,70.09,Approved
51,Male,Yes,0,Not Graduate,Business,28911,16999,6676,872928,837,0,Home,2181943,240,Urban,0.82,30.19,63.79,Rejected
35,Male,No,3,Not Graduate,Government,194139,99227,11515,920171,810,1,Vehicle,3864785,60,Semiurban,0.57,4.74,66.13,Approved
36,Female,No,3,Graduate,Business,60739,7665,7535,450633,438,0,Home,1927498,60,Rural,0.25,7.42,59.23,Rejected
42,Female,Yes,4,Graduate,Private,207236,106676,44314,338049,654,1,Education,3441609,300,Urban,0.73,1.63,48.76,Rejected
24,Male,No,0,Not Graduate,Government,238244,7661,27356,277171,492,0,Vehicle,2465890,120,Semiurban,0.15,1.16,59.31,Rejected
39,Male,No,2,Not Graduate,Government,187291,76559,18695,1145049,706,1,Personal,1037866,240,Urban,0.51,6.11,65.84,Approved
39,Female,No,1,Not Graduate,Private,130754,53976,27209,108598,556,0,Education,1285110,240,Semiurban,0.62,0.83,42.98,Rejected
32,Female,Yes,4,Not Graduate,Private,166707,92127,32275,129131,385,0,Home,947608,180,Semiurban,0.75,0.77,32.94,Rejected
48,Female,Yes,0,Graduate,Self Employed,51134,20229,1821,25220,574,1,Home,478091,240,Urban,0.43,0.49,45.61,Rejected
54,Male,Yes,1,Graduate,Private,47429,23194,9545,1368634,707,0,Vehicle,393156,120,Semiurban,0.69,28.86,62.61,Rejected
45,Male,Yes,3,Graduate,Business,43566,20809,4206,194531,585,1,Vehicle,3155250,180,Semiurban,0.57,4.47,49.45,Rejected
26,Male,Yes,1,Not Graduate,Business,173880,14829,27199,642698,389,1,Education,3507230,120,Urban,0.24,3.7,54.39,Approved
33,Female,Yes,1,Not Graduate,Business,153423,57378,21808,50005,355,1,Vehicle,2297060,120,Semiurban,0.52,0.33,37.08,Rejected
32,Female,Yes,0,Graduate,Self Employed,115916,20139,13029,554523,772,0,Education,3750393,300,Semiurban,0.29,4.78,69.93,Approved
51,Female,Yes,1,Not Graduate,Government,100986,57216,11212,323951,580,1,Education,2404401,300,Urban,0.68,3.21,45.91,Rejected
41,Male,No,0,Graduate,Business,71468,28013,2486,1102063,583,0,Education,1850396,300,Urban,0.43,15.42,65.97,Rejected
59,Female,No,2,Graduate,Private,57953,19934,1405,113107,335,1,Personal,1551000,240,Semiurban,0.37,1.95,40.06,Rejected
36,Female,No,0,Graduate,Private,189636,7253,23748,112130,397,1,Home,2106012,300,Rural,0.16,0.59,51.51,Approved
30,Male,No,1,Not Graduate,Private,55152,23101,7020,767715,801,0,Personal,1516265,180,Rural,0.55,13.92,71.42,Rejected
27,Male,Yes,0,Graduate,Self Employed,65400,20662,12421,1125696,415,0,Home,2350273,180,Urban,0.51,17.21,55.88,Rejected
47,Female,Yes,3,Not Graduate,Self Employed,52072,27347,11719,1211852,747,0,Education,816226,60,Semiurban,0.75,23.27,62.78,Rejected
30,Male,Yes,1,Not Graduate,Government,85249,18734,11841,442555,384,1,Home,3054674,240,Urban,0.36,5.19,50.1,Approved
55,Female,Yes,2,Not Graduate,Government,222223,40738,47103,1461348,328,1,Personal,2335217,240,Rural,0.4,6.58,54.76,Approved
52,Male,No,4,Graduate,Private,40321,22568,2106,618646,592,1,Home,911651,240,Urban,0.61,15.34,59.57,Rejected
45,Male,No,0,Graduate,Self Employed,243680,79669,42195,1470496,749,0,Home,1462134,120,Urban,0.5,6.03,70.1,Approved
29,Female,Yes,3,Graduate,Self Employed,248252,61318,25738,1084675,380,0,Vehicle,2208676,60,Semiurban,0.35,4.37,55.04,Rejected
42,Male,No,4,Not Graduate,Self Employed,111008,45044,243,592013,564,1,Vehicle,857309,240,Semiurban,0.41,5.33,57.93,Approved
40,Male,No,2,Graduate,Government,110225,35031,19209,638196,334,1,Vehicle,1630971,180,Urban,0.49,5.79,46.07,Approved
32,Male,Yes,2,Not Graduate,Business,193737,75464,15200,592500,683,0,Vehicle,2778100,60,Rural,0.47,3.06,60.18,Rejected
59,Female,No,2,Not Graduate,Self Employed,55727,28494,8908,263517,629,1,Personal,3689788,240,Urban,0.67,4.73,49.51,Rejected
43,Male,Yes,3,Graduate,Private,26888,9927,1598,1392816,759,1,Personal,2273054,300,Semiurban,0.43,51.8,71.95,Approved
56,Female,Yes,2,Not Graduate,Private,132630,20355,22838,370494,831,0,Personal,2807185,240,Rural,0.33,2.79,68.06,Approved
29,Male,Yes,4,Graduate,Government,209940,67119,42032,1063248,304,0,Home,402049,300,Urban,0.52,5.06,46.44,Rejected
43,Male,Yes,0,Not Graduate,Private,71257,27642,8494,1039941,878,0,Home,516409,120,Semiurban,0.51,14.59,76.66,Approved
58,Male,Yes,1,Not Graduate,Government,25963,5253,5509,361954,473,1,Home,3129270,240,Rural,0.41,13.94,59.63,Rejected
57,Male,No,4,Not Graduate,Private,64259,33259,12941,81193,537,0,Home,2613640,60,Rural,0.72,1.26,37.4,Rejected
21,Female,No,0,Graduate,Private,146135,75012,6823,1039112,408,1,Personal,3285904,300,Semiurban,0.56,7.11,51.4,Approved
30,Female,No,0,Not Graduate,Private,196856,11551,35478,694856,419,1,Personal,1666880,120,Rural,0.24,3.53,56.39,Approved
53,Female,No,0,Graduate,Self Employed,200780,42978,37869,598584,412,0,Education,1022579,180,Rural,0.4,2.98,50.22,Rejected
24,Male,No,2,Not Graduate,Private,143530,21493,22538,1296955,321,0,Home,2751539,300,Rural,0.31,9.04,58.88,Approved
48,Female,Yes,2,Graduate,Private,167946,94798,28939,1144514,736,1,Personal,2911948,180,Rural,0.74,6.81,60.96,Approved
32,Female,No,3,Graduate,Business,135164,70101,3382,103254,778,0,Personal,494978,120,Semiurban,0.54,0.76,55.2,Rejected
33,Male,No,1,Not Graduate,Private,49990,25496,7703,386523,506,1,Personal,2938780,60,Semiurban,0.66,7.73,50.03,Rejected
41,Female,No,1,Graduate,Business,194773,33999,35518,987857,357,1,Personal,639386,180,Semiurban,0.36,5.07,53.09,Approved
30,Male,Yes,4,Not Graduate,Business,176607,97991,7515,1318541,451,1,Vehicle,4970914,180,Urban,0.6,7.47,54.12,Approved
51,Male,Yes,3,Not Graduate,Self Employed,100077,40960,3931,594260,528,0,Home,3879496,180,Urban,0.45,5.94,55.89,Rejected
21,Male,Yes,0,Graduate,Government,127442,37508,18193,355247,485,1,Vehicle,2073023,120,Semiurban,0.44,2.79,49.12,Approved
43,Female,No,0,Graduate,Self Employed,151225,90711,21649,693127,366,1,Personal,3005435,180,Urban,0.74,4.58,39.19,Rejected
46,Male,Yes,2,Not Graduate,Business,159942,82919,13429,70018,590,1,Personal,4499928,60,Rural,0.6,0.44,45.42,Rejected
25,Male,Yes,3,Not Graduate,Self Employed,180753,75901,6120,1274326,848,0,Home,1699427,60,Semiurban,0.45,7.05,75.41,Approved
51,Male,No,3,Not Graduate,Government,219819,124997,54786,1477968,543,0,Education,3010720,60,Semiurban,0.82,6.72,51.84,Rejected
57,Male,No,2,Graduate,Government,35776,17304,7330,241229,358,0,Education,3252830,180,Urban,0.69,6.74,40.17,Rejected
22,Female,Yes,0,Not Graduate,Business,76397,37688,9479,1224710,578,1,Vehicle,4570987,120,Rural,0.62,16.03,60.22,Rejected
33,Male,No,3,Not Graduate,Business,87131,42008,8053,546373,773,0,Home,3542047,300,Rural,0.57,6.27,63.15,Approved
53,Male,Yes,3,Not Graduate,Private,66094,8861,2651,1264563,775,0,Home,291917,240,Rural,0.17,19.13,81.86,Approved
54,Male,No,3,Graduate,Private,208313,27649,21434,713419,843,0,Personal,1075846,120,Rural,0.24,3.42,75.58,Approved
49,Female,No,0,Not Graduate,Government,163004,8863,29481,1064584,572,1,Home,2308371,240,Semiurban,0.24,6.53,67.95,Approved
48,Male,Yes,2,Graduate,Business,179453,63164,26954,671791,808,0,Home,2940458,180,Semiurban,0.5,3.74,65.51,Approved
43,Female,No,4,Not Graduate,Government,175998,56242,4178,543234,887,0,Personal,2319907,60,Rural,0.34,3.09,72.34,Approved
58,Male,No,2,Not Graduate,Business,244397,115828,11138,1371398,683,0,Personal,3631636,180,Urban,0.52,5.61,65.77,Approved
56,Female,Yes,4,Graduate,Self Employed,125827,56167,24347,853720,797,1,Home,2253860,180,Urban,0.64,6.78,64.83,Approved
21,Male,Yes,2,Not Graduate,Self Employed,22373,11625,2843,1178985,367,0,Home,2427454,180,Urban,0.65,52.7,47.81,Rejected
51,Female,Yes,3,Graduate,Business,31172,16069,6532,1318493,731,0,Personal,4871608,120,Urban,0.73,42.3,61.98,Rejected
50,Male,No,3,Graduate,Private,244538,65013,23470,387928,729,0,Personal,3968090,240,Urban,0.36,1.59,64.5,Approved
47,Female,No,4,Graduate,Private,53337,30983,7120,216754,494,1,Vehicle,1245439,240,Urban,0.71,4.06,40.79,Rejected
26,Male,Yes,1,Graduate,Government,33508,7720,5313,1444584,528,0,Vehicle,3447529,240,Rural,0.39,43.11,63.14,Rejected
40,Male,No,0,Not Graduate,Private,80935,12418,2540,723287,713,1,Home,2815780,240,Urban,0.18,8.94,77.26,Approved
56,Female,No,1,Graduate,Business,162324,36037,15581,804185,594,0,Personal,2990899,120,Rural,0.32,4.95,63.26,Rejected
58,Female,No,2,Not Graduate,Government,119144,55331,6360,1372025,514,0,Home,1212105,120,Urban,0.52,11.52,62.08,Rejected
48,Male,No,0,Graduate,Private,247892,26936,54514,1479648,642,1,Education,2305007,60,Urban,0.33,5.97,70.53,Approved
44,Male,Yes,0,Graduate,Private,96117,5997,21345,173478,780,0,Vehicle,2332652,180,Rural,0.28,1.8,63.59,Approved
44,Female,No,3,Not Graduate,Private,110131,18214,13466,956475,405,0,Education,1130465,120,Urban,0.29,8.68,61.15,Approved
35,Female,No,3,Not Graduate,Government,185690,63243,22333,808233,652,0,Home,148781,60,Urban,0.46,4.35,61.28,Rejected
32,Female,Yes,1,Graduate,Self Employed,44002,18186,6308,662452,533,0,Home,3082942,60,Rural,0.56,15.06,58.75,Rejected
60,Female,Yes,0,Graduate,Government,103029,13748,20106,349092,752,0,Home,565969,240,Semiurban,0.33,3.39,64.46,Approved
48,Female,Yes,0,Graduate,Government,150721,37189,4925,94119,379,0,Personal,359064,180,Semiurban,0.28,0.62,45.74,Rejected
23,Male,No,1,Graduate,Business,173459,49618,25366,885768,847,1,Vehicle,846134,60,Urban,0.43,5.11,71.83,Approved
56,Female,Yes,3,Graduate,Private,140422,74376,15079,1213131,487,0,Home,2956614,120,Urban,0.64,8.64,55.43,Rejected
40,Female,Yes,3,Not Graduate,Self Employed,113558,35320,15503,846574,622,1,Home,4896422,180,Rural,0.45,7.45,63.67,Approved
31,Male,No,3,Graduate,Government,63565,24362,5611,1443890,542,1,Education,2294760,300,Rural,0.47,22.72,62.49,Rejected
25,Male,No,0,Not Graduate,Self Employed,162640,94220,7899,1180245,461,0,Home,1890823,180,Rural,0.63,7.26,52.67,Rejected
38,Female,No,3,Not Graduate,Business,157693,51543,25891,1308720,617,1,Vehicle,774242,180,Urban,0.49,8.3,65.6,Approved
28,Female,No,1,Graduate,Business,54735,17433,11762,126299,791,0,Home,1802729,300,Urban,0.53,2.31,55.96,Rejected
38,Male,Yes,3,Not Graduate,Business,193834,56977,7553,287465,516,1,Vehicle,2314022,180,Rural,0.33,1.48,53.67,Approved
30,Female,Yes,1,Not Graduate,Private,239903,7751,54008,876663,779,1,Home,605613,300,Rural,0.26,3.65,73.8,Approved
50,Male,Yes,4,Graduate,Business,124945,56791,5272,116678,790,1,Home,4824176,60,Rural,0.5,0.93,57.07,Approved
26,Male,Yes,4,Graduate,Private,209623,47003,862,937805,541,1,Vehicle,2949824,60,Semiurban,0.23,4.47,64.53,Approved
23,Female,Yes,2,Graduate,Government,89500,32165,4361,975961,814,1,Education,3513998,120,Urban,0.41,10.9,77.51,Approved
51,Female,Yes,3,Graduate,Business,80304,38121,4034,649674,575,1,Education,3043622,60,Rural,0.52,8.09,59.2,Approved
38,Female,No,1,Graduate,Government,97608,22012,12613,455496,549,1,Vehicle,2820657,180,Semiurban,0.35,4.67,57.0,Approved
21,Male,Yes,1,Graduate,Government,181761,95012,34159,1366953,814,1,Personal,1815250,60,Urban,0.71,7.52,67.17,Approved
24,Female,Yes,0,Graduate,Government,168341,96934,9962,1380956,489,0,Personal,1483456,180,Urban,0.63,8.2,55.82,Rejected
52,Female,No,4,Not Graduate,Government,234986,110868,57068,1122534,506,0,Home,3272148,240,Semiurban,0.71,4.78,50.0,Rejected
39,Male,Yes,0,Not Graduate,Self Employed,78034,26478,9621,1227054,719,0,Vehicle,3036332,300,Urban,0.46,15.72,71.2,Rejected
28,Male,Yes,1,Not Graduate,Business,69519,8394,3872,349307,646,0,Vehicle,1765455,240,Rural,0.18,5.02,66.25,Rejected
37,Female,No,4,Graduate,Self Employed,36131,18965,7791,1341023,636,1,Vehicle,2536641,60,Urban,0.74,37.12,57.5,Rejected
26,Female,Yes,1,Graduate,Government,182414,100306,17063,703071,805,0,Personal,3010883,180,Semiurban,0.64,3.85,61.48,Rejected
35,Male,Yes,3,Not Graduate,Business,103154,5052,5050,822665,591,1,Personal,3058172,300,Urban,0.1,7.98,73.41,Approved
46,Male,No,1,Graduate,Business,224920,80789,37788,427967,893,0,Education,3355960,300,Rural,0.53,1.9,66.68,Rejected
54,Male,Yes,0,Not Graduate,Business,221534,121556,47434,387539,842,1,Vehicle,2714219,120,Urban,0.76,1.75,56.9,Approved
41,Male,Yes,3,Graduate,Business,247576,30060,28322,499801,755,0,Education,1457832,240,Semiurban,0.24,2.02,70.42,Approved
29,Male,Yes,2,Graduate,Private,190349,86334,19254,19771,753,0,Education,4073565,300,Rural,0.55,0.1,54.65,Rejected
26,Male,No,4,Not Graduate,Government,111245,55613,19581,61859,667,1,Home,2582301,300,Semiurban,0.68,0.56,44.93,Rejected
54,Female,Yes,2,Graduate,Business,150923,18691,17057,23311,824,1,Education,4935060,180,Urban,0.24,0.15,65.86,Approved
41,Female,Yes,1,Graduate,Private,139564,81325,2219,1328171,364,1,Vehicle,215693,180,Rural,0.6,9.52,52.84,Approved
51,Female,Yes,1,Graduate,Business,143455,83167,6557,649144,404,1,Home,4305068,180,Urban,0.63,4.53,43.98,Rejected
50,Female,No,3,Not Graduate,Government,133619,49056,15860,942406,586,1,Education,3797367,300,Semiurban,0.49,7.05,60.92,Approved
47,Male,No,0,Not Graduate,Business,82011,31022,2230,1379560,416,0,Education,4444653,180,Rural,0.41,16.82,59.61,Rejected
44,Male,No,0,Not Graduate,Government,132794,73439,32369,640830,802,0,Vehicle,3512228,120,Semiurban,0.8,4.83,56.7,Rejected
34,Male,No,0,Graduate,Government,243357,26465,1774,357143,870,0,Personal,2347597,300,Rural,0.12,1.47,77.85,Approved
25,Female,Yes,0,Graduate,Government,214387,21939,2978,181265,764,1,Education,2265990,300,Urban,0.12,0.85,70.74,Approved
41,Female,No,0,Not Graduate,Private,69497,37810,1851,400275,369,0,Vehicle,2802082,300,Urban,0.57,5.76,43.58,Rejected
37,Female,Yes,4,Graduate,Self Employed,31324,14579,1478,977505,829,1,Education,2358424,120,Semiurban,0.51,31.21,72.72,Approved
39,Male,No,2,Graduate,Business,197981,65530,3981,371207,695,0,Vehicle,2551336,240,Semiurban,0.35,1.87,62.03,Rejected
48,Male,Yes,3,Graduate,Self Employed,59092,9310,12840,503864,418,1,Personal,4367900,240,Rural,0.37,8.53,56.75,Approved
36,Male,No,2,Not Graduate,Private,172612,62601,23586,108142,862,0,Personal,1787199,300,Rural,0.5,0.63,61.49,Rejected
41,Female,Yes,1,Not Graduate,Business,20504,6258,3692,1095345,504,1,Home,3275388,300,Rural,0.49,53.42,58.66,Rejected
38,Female,Yes,2,Not Graduate,Government,89199,23765,14932,694239,383,1,Home,4215047,300,Urban,0.43,7.78,53.14,Approved
46,Male,No,0,Graduate,Private,199164,72839,9604,33862,316,0,Home,4064355,300,Urban,0.41,0.17,39.93,Rejected
47,Female,Yes,2,Not Graduate,Business,185551,46093,13273,19995,450,0,Home,1526398,60,Urban,0.32,0.11,48.04,Rejected
53,Male,No,4,Graduate,Private,228366,88951,53712,1135183,522,0,Home,2009626,120,Semiurban,0.62,4.97,53.54,Rejected
30,Male,No,2,Graduate,Business,38718,17843,948,1091607,519,0,Vehicle,4657351,300,Rural,0.49,28.19,60.06,Rejected
59,Female,Yes,1,Graduate,Private,53267,10782,8226,641444,735,1,Personal,4996450,300,Semiurban,0.36,12.04,74.09,Approved
26,Male,Yes,4,Not Graduate,Private,58458,35008,1817,513080,532,1,Vehicle,1597981,60,Semiurban,0.63,8.78,54.64,Rejected
43,Female,No,2,Not Graduate,Private,60457,20665,456,117522,570,1,Vehicle,2232795,120,Urban,0.35,1.94,51.16,Rejected
42,Female,Yes,0,Graduate,Self Employed,86339,38758,11951,1368433,353,0,Education,2355086,120,Urban,0.59,15.85,51.52,Rejected
24,Male,No,0,Graduate,Government,187525,64588,31949,519952,745,1,Education,3148664,300,Semiurban,0.51,2.77,60.71,Approved
58,Female,No,0,Not Graduate,Self Employed,240328,66438,14829,497823,640,0,Home,4284380,300,Urban,0.34,2.07,62.06,Approved
32,Male,No,0,Not Graduate,Self Employed,175751,100866,18969,1434058,769,1,Personal,1515737,240,Rural,0.68,8.16,67.07,Approved
54,Male,Yes,0,Not Graduate,Self Employed,60565,14170,8863,85452,888,1,Home,1441306,180,Rural,0.38,1.41,63.3,Approved
29,Female,No,3,Graduate,Self Employed,207860,37171,29269,327147,355,0,Education,290796,60,Urban,0.32,1.57,47.65,Rejected
49,Female,No,2,Not Graduate,Self Employed,140487,43572,31451,529665,677,0,Personal,3611751,240,Rural,0.53,3.77,57.23,Rejected
40,Female,No,4,Graduate,Self Employed,52627,27970,6530,1033831,803,0,Home,252232,120,Semiurban,0.66,19.64,68.13,Rejected
57,Male,Yes,0,Graduate,Private,78813,24834,3953,1128707,791,0,Vehicle,2725473,60,Urban,0.37,14.32,77.35,Approved
60,Male,Yes,1,Graduate,Private,217001,53388,17660,441587,407,0,Education,1945881,60,Urban,0.33,2.03,51.02,Rejected
57,Female,Yes,2,Graduate,Self Employed,203964,52838,37037,1197183,773,0,Home,1588260,300,Urban,0.44,5.87,71.03,Approved
51,Male,Yes,4,Graduate,Self Employed,75224,42876,3084,1329264,339,1,Home,361962,180,Semiurban,0.61,17.67,49.75,Rejected
50,Female,Yes,0,Graduate,Government,243242,106582,37932,151350,885,1,Education,4123813,60,Semiurban,0.59,0.62,62.48,Approved
45,Female,No,2,Not Graduate,Government,51457,22881,5751,181665,343,0,Vehicle,2303882,120,Semiurban,0.56,3.53,37.67,Rejected
32,Female,No,3,Graduate,Government,213080,18431,33036,107441,838,1,Home,2930847,300,Semiurban,0.24,0.5,69.53,Approved
32,Male,Yes,1,Graduate,Self Employed,230356,52106,31771,1459752,681,0,Personal,2984355,120,Semiurban,0.36,6.34,71.23,Approved
30,Male,Yes,0,Not Graduate,Private,95283,9442,12651,814692,539,0,Education,3975643,240,Semiurban,0.23,8.55,67.91,Rejected
58,Female,Yes,3,Not Graduate,Self Employed,48730,26413,9368,1077300,581,1,Personal,3057304,120,Rural,0.73,22.11,55.74,Rejected
40,Female,No,3,Not Graduate,Government,180892,54936,35273,497099,565,1,Education,887260,240,Rural,0.5,2.75,52.88,Approved
39,Female,Yes,4,Graduate,Government,220089,70208,31476,414821,698,0,Vehicle,2125288,300,Urban,0.46,1.88,59.73,Rejected
55,Male,Yes,0,Graduate,Government,146388,66720,35417,505883,419,0,Education,1805912,240,Rural,0.7,3.46,40.46,Rejected
37,Male,No,0,Graduate,Private,68750,25821,1853,1090467,390,0,Home,1359033,120,Semiurban,0.4,15.86,58.01,Rejected
37,Female,No,2,Not Graduate,Business,221516,42119,31602,346181,754,1,Home,2534090,180,Semiurban,0.33,1.56,65.51,Approved
50,Male,No,2,Graduate,Self Employed,122743,55788,14724,1202128,891,1,Home,148161,240,Urban,0.57,9.79,76.86,Approved
34,Female,No,4,Graduate,Private,138657,54261,5596,1186081,434,1,Home,349339,300,Semiurban,0.43,8.55,58.99,Approved
54,Female,Yes,4,Graduate,Private,151151,15053,11546,182927,465,1,Home,2751370,300,Urban,0.18,1.21,53.85,Approved
44,Female,No,0,Graduate,Private,121914,27460,5585,1497682,632,0,Home,1710571,180,Semiurban,0.27,12.28,74.83,Approved
29,Female,No,1,Not Graduate,Private,229071,53128,32771,542973,328,0,Home,3076578,120,Urban,0.37,2.37,47.23,Rejected
23,Female,Yes,1,Graduate,Government,161781,25531,32789,1372589,420,0,Vehicle,4138885,300,Semiurban,0.36,8.48,61.29,Rejected
47,Female,No,4,Graduate,Government,70527,11391,16062,365447,572,0,Home,4089405,180,Urban,0.39,5.18,56.93,Rejected
34,Female,No,4,Not Graduate,Government,99449,53285,21397,223299,689,1,Personal,4769210,180,Semiurban,0.75,2.25,46.56,Rejected
25,Male,Yes,4,Not Graduate,Self Employed,111822,21366,25865,1085502,644,0,Vehicle,428898,180,Semiurban,0.42,9.71,69.84,Approved
55,Female,No,4,Graduate,Business,34288,20331,1625,108585,772,1,Home,4703655,240,Rural,0.64,3.17,52.81,Rejected
59,Female,Yes,1,Not Graduate,Self Employed,225886,100505,43156,1492350,628,0,Home,1565502,180,Rural,0.64,6.61,61.08,Rejected
36,Male,Yes,1,Not Graduate,Private,117732,40268,28844,608620,883,1,Vehicle,199711,120,Rural,0.59,5.17,66.68,Approved
21,Female,No,4,Graduate,Business,85893,33045,15381,933392,452,0,Education,3805505,240,Rural,0.56,10.87,56.61,Rejected
33,Male,No,2,Graduate,Self Employed,72838,40617,146,850249,736,0,Education,4150285,300,Semiurban,0.56,11.67,68.84,Rejected
21,Male,No,1,Not Graduate,Private,64519,12298,8184,828244,580,0,Home,3455144,60,Semiurban,0.32,12.84,68.83,Rejected
43,Female,No,0,Graduate,Government,180287,52456,25056,708084,319,1,Vehicle,4801013,180,Urban,0.43,3.93,46.35,Rejected
38,Male,Yes,4,Graduate,Business,206940,57631,2224,1497045,436,0,Home,3090631,60,Urban,0.29,7.23,63.45,Approved
52,Female,No,1,Not Graduate,Private,161642,11053,22945,1140124,559,1,Personal,4081011,60,Rural,0.21,7.05,69.11,Approved
37,Male,No,0,Not Graduate,Business,178920,30095,5268,927576,464,1,Personal,379897,300,Rural,0.2,5.18,62.22,Approved
37,Female,No,1,Graduate,Business,137140,57044,6814,386539,731,1,Personal,4525562,300,Rural,0.47,2.82,59.64,Approved
59,Female,No,2,Not Graduate,Private,143927,82390,31252,1140100,823,0,Education,3616931,300,Rural,0.79,7.92,64.49,Rejected
23,Female,No,0,Graduate,Self Employed,94929,47200,9920,1488906,786,0,Home,800418,240,Rural,0.6,15.68,70.68,Approved
49,Female,No,2,Not Graduate,Business,145045,65574,1530,842204,340,1,Vehicle,4731478,300,Rural,0.46,5.81,48.65,Approved
33,Female,No,3,Not Graduate,Private,63681,35566,11567,775823,615,0,Personal,2799058,240,Semiurban,0.74,12.18,57.68,Rejected
30,Female,No,0,Graduate,Business,234082,105352,10607,827348,710,0,Personal,3182429,120,Semiurban,0.5,3.53,63.13,Approved
58,Male,Yes,0,Not Graduate,Business,124345,36216,26752,223779,732,1,Education,427748,240,Rural,0.51,1.8,55.91,Approved
46,Female,Yes,1,Graduate,Self Employed,107747,26557,22758,1139792,515,0,Home,2001997,60,Semiurban,0.46,10.58,63.47,Rejected
58,Male,Yes,2,Not Graduate,Business,171509,94887,10786,1062139,478,0,Education,3704053,240,Semiurban,0.62,6.19,52.01,Rejected
34,Female,No,4,Not Graduate,Government,29165,14296,174,54966,455,0,Personal,429255,60,Urban,0.5,1.88,40.27,Rejected
31,Female,No,3,Graduate,Self Employed,166991,6714,33300,1082559,715,1,Vehicle,4968312,60,Semiurban,0.24,6.48,74.23,Approved
30,Female,No,3,Not Graduate,Government,58723,33298,11997,1286984,602,0,Vehicle,623688,60,Urban,0.77,21.92,55.96,Rejected
29,Male,No,1,Not Graduate,Private,139670,47951,10241,1019043,374,1,Education,3408268,60,Semiurban,0.42,7.3,54.3,Approved
31,Female,Yes,4,Graduate,Private,159072,8261,7169,1413022,349,1,Personal,1069524,240,Semiurban,0.1,8.88,66.73,Approved
39,Female,No,0,Graduate,Business,166570,54185,17388,1214836,419,1,Vehicle,179945,240,Rural,0.43,7.29,56.98,Approved
33,Male,Yes,1,Graduate,Government,244603,88586,55952,1441489,531,1,Education,3265154,120,Urban,0.59,5.89,57.44,Approved
52,Female,Yes,0,Graduate,Self Employed,111340,11854,9770,233233,688,1,Education,3325433,300,Rural,0.19,2.09,63.39,Approved
57,Male,Yes,4,Not Graduate,Private,189811,22126,29180,1119752,702,0,Home,4510343,180,Rural,0.27,5.9,72.48,Approved
60,Female,Yes,2,Not Graduate,Business,191841,92346,1100,152659,444,0,Personal,2302409,300,Rural,0.49,0.8,44.39,Rejected
58,Female,Yes,2,Graduate,Business,171176,52884,15507,25835,385,1,Vehicle,2378151,300,Rural,0.4,0.15,42.27,Approved
52,Male,No,4,Not Graduate,Business,114588,49431,21709,1241880,881,0,Vehicle,2726031,120,Urban,0.62,10.84,75.11,Approved
21,Male,Yes,1,Not Graduate,Government,185565,64249,4773,527769,739,0,Vehicle,1202435,60,Urban,0.37,2.84,64.8,Approved
27,Male,Yes,2,Not Graduate,Self Employed,179580,66804,23178,312553,382,0,Personal,4514626,180,Rural,0.5,1.74,42.61,Rejected
48,Female,No,1,Not Graduate,Business,205495,61813,46171,1094680,692,0,Home,1487439,300,Urban,0.53,5.33,63.86,Approved
41,Female,No,0,Not Graduate,Government,24636,10688,3135,1054125,519,0,Home,3551826,300,Urban,0.56,42.79,57.22,Rejected
50,Male,No,2,Not Graduate,Private,207415,36501,21916,1109872,492,1,Personal,3976529,180,Rural,0.28,5.35,62.42,Approved
29,Male,No,3,Not Graduate,Government,30439,10016,4268,419747,307,1,Education,1188489,240,Urban,0.47,13.79,50.78,Rejected
31,Female,No,1,Graduate,Self Employed,240880,85470,14155,1181262,539,0,Education,1453008,120,Semiurban,0.41,4.9,60.99,Rejected
24,Female,Yes,2,Graduate,Self Employed,81769,13975,7598,15956,373,1,Education,2252608,240,Semiurban,0.26,0.2,42.32,Rejected
44,Male,Yes,4,Graduate,Business,213893,43684,5576,1145471,622,0,Personal,1879163,300,Semiurban,0.23,5.36,70.0,Approved
27,Male,Yes,0,Not Graduate,Business,76722,19274,1174,772457,344,0,Home,2232126,60,Rural,0.27,10.07,60.36,Rejected
58,Female,Yes,0,Not Graduate,Self Employed,152074,43237,34519,832699,682,1,Vehicle,1404364,120,Semiurban,0.51,5.48,62.01,Approved
32,Female,No,3,Not Graduate,Self Employed,107967,29000,22712,921685,600,1,Home,4976435,120,Semiurban,0.48,8.54,63.69,Approved
52,Female,Yes,0,Graduate,Private,230690,99256,8551,1494758,717,1,Vehicle,2443100,120,Urban,0.47,6.48,70.03,Approved
32,Male,No,3,Graduate,Business,65793,17510,3352,585899,860,1,Personal,2513793,120,Rural,0.32,8.91,79.15,Approved
22,Male,No,3,Not Graduate,Self Employed,183268,33889,7877,380812,559,0,Vehicle,2158431,300,Semiurban,0.23,2.08,59.49,Rejected
34,Female,Yes,1,Graduate,Self Employed,108587,46897,11508,437993,523,1,Home,2596028,240,Semiurban,0.54,4.03,49.52,Approved
48,Male,Yes,3,Not Graduate,Business,153504,23724,29755,914094,664,1,Education,669019,180,Rural,0.35,5.95,67.11,Approved
56,Female,Yes,0,Graduate,Self Employed,217447,71878,21017,1116295,405,1,Vehicle,1164381,300,Rural,0.43,5.13,54.15,Approved
33,Female,No,3,Graduate,Government,140582,46057,1545,674470,705,0,Personal,3012025,180,Semiurban,0.34,4.8,66.39,Approved
27,Male,No,2,Graduate,Self Employed,228464,104911,6842,191181,681,0,Personal,4193624,60,Rural,0.49,0.84,56.4,Rejected
53,Female,Yes,4,Not Graduate,Government,235915,25759,47790,400297,724,0,Personal,3087377,240,Urban,0.31,1.7,65.66,Approved
37,Male,Yes,3,Graduate,Business,187510,14064,6325,856789,793,1,Personal,2979781,180,Urban,0.11,4.57,78.62,Approved
42,Male,No,4,Graduate,Government,178501,43976,29327,185241,895,0,Home,2174356,120,Semiurban,0.41,1.04,66.67,Rejected
27,Male,No,1,Graduate,Business,138400,52900,9180,262556,485,0,Personal,1801387,180,Rural,0.45,1.9,47.43,Rejected
60,Male,No,3,Not Graduate,Private,249449,26401,29023,298726,380,0,Vehicle,3414354,120,Urban,0.22,1.2,52.6,Rejected
25,Female,No,0,Graduate,Self Employed,160125,32425,22925,51935,627,1,Vehicle,3133527,300,Urban,0.35,0.32,54.55,Approved
27,Male,Yes,0,Graduate,Business,96625,34048,116,1220824,894,1,Home,2246729,60,Urban,0.35,12.63,82.99,Approved
43,Male,No,2,Graduate,Self Employed,243928,112942,16656,1022492,412,1,Home,2365083,120,Semiurban,0.53,4.19,50.51,Approved
56,Male,Yes,0,Not Graduate,Business,81316,45347,9222,1169324,308,1,Home,289086,240,Rural,0.67,14.38,46.81,Approved
37,Female,No,2,Not Graduate,Government,66343,13661,5295,940052,795,1,Personal,1187399,60,Rural,0.29,14.17,79.42,Approved
24,Female,No,3,Graduate,Business,66357,34407,6289,605014,560,1,Vehicle,1131156,300,Urban,0.61,9.12,57.38,Rejected
46,Female,No,2,Graduate,Government,212038,114367,509,1177431,496,0,Education,1849831,180,Semiurban,0.54,5.55,55.38,Rejected
33,Female,Yes,0,Not Graduate,Private,106948,34121,23820,735327,576,0,Home,3960419,120,Semiurban,0.54,6.88,57.38,Rejected
34,Female,No,1,Not Graduate,Self Employed,156367,86092,33403,1374610,498,0,Home,2889063,120,Semiurban,0.76,8.79,53.04,Rejected
22,Male,Yes,3,Not Graduate,Business,190667,56844,41923,1224492,307,0,Home,4443808,180,Semiurban,0.52,6.42,48.58,Rejected
28,Male,No,0,Not Graduate,Self Employed,200021,98355,32182,712479,443,0,Home,792116,120,Rural,0.65,3.56,45.24,Rejected
23,Male,No,0,Graduate,Private,193468,41861,8707,109058,492,0,Education,1868431,300,Semiurban,0.26,0.56,52.89,Rejected
44,Male,No,0,Graduate,Private,45421,15284,10867,872706,545,0,Education,3267368,240,Rural,0.58,19.21,58.77,Rejected
38,Male,No,2,Not Graduate,Business,181567,14293,39698,1220061,791,1,Personal,1944263,180,Semiurban,0.3,6.72,76.94,Approved
41,Female,Yes,1,Not Graduate,Self Employed,150370,29889,32217,671120,895,1,Home,4643474,120,Urban,0.41,4.46,72.33,Approved
53,Female,Yes,3,Not Graduate,Self Employed,80182,20981,9811,397494,824,0,Personal,917075,180,Semiurban,0.38,4.96,68.22,Approved
28,Female,Yes,2,Not Graduate,Self Employed,21492,11194,2918,1430530,565,0,Personal,2286530,60,Semiurban,0.66,66.56,56.27,Rejected
44,Female,No,3,Not Graduate,Government,67578,32791,15809,1445030,580,0,Education,3090250,120,Semiurban,0.72,21.38,56.91,Rejected
27,Male,Yes,2,Not Graduate,Self Employed,63061,19166,3621,643294,633,1,Vehicle,1010954,180,Rural,0.36,10.2,69.82,Approved
55,Male,Yes,1,Graduate,Business,147648,57574,2381,727525,881,1,Education,3524952,180,Rural,0.41,4.93,72.73,Approved
48,Male,Yes,2,Graduate,Private,222822,125753,19564,551571,399,1,Education,4174837,300,Semiurban,0.65,2.48,42.03,Rejected
58,Male,Yes,2,Graduate,Government,231665,80041,42114,1258668,529,1,Home,2942382,120,Rural,0.53,5.43,57.83,Approved
24,Male,Yes,0,Not Graduate,Self Employed,137357,39593,17275,949555,836,1,Education,1772756,120,Urban,0.41,6.91,74.06,Approved
50,Male,Yes,0,Not Graduate,Business,85802,12513,17975,310063,703,1,Personal,4330778,240,Rural,0.36,3.61,61.24,Approved
24,Male,No,1,Not Graduate,Business,234532,10493,22986,580145,379,0,Vehicle,4581252,180,Rural,0.14,2.47,56.89,Rejected
28,Male,No,2,Graduate,Self Employed,40944,15207,2146,307502,754,1,Personal,2588393,180,Urban,0.42,7.51,67.45,Approved
31,Male,No,4,Graduate,Self Employed,27852,14168,944,113713,541,1,Education,2415995,120,Urban,0.54,4.08,47.05,Rejected
56,Male,Yes,0,Not Graduate,Private,86903,31346,1196,262743,454,1,Vehicle,4877677,300,Rural,0.37,3.02,48.47,Approved
50,Male,No,1,Graduate,Business,33785,13388,1168,26525,866,1,Education,3810776,60,Semiurban,0.43,0.79,58.49,Rejected
29,Female,No,4,Graduate,Private,104462,23264,21979,106615,696,1,Home,4531199,120,Urban,0.43,1.02,54.16,Rejected
44,Female,No,3,Graduate,Self Employed,94076,55136,16986,1465345,589,0,Home,775106,120,Urban,0.77,15.58,56.94,Rejected
39,Female,Yes,2,Graduate,Self Employed,31101,16567,3210,316635,774,0,Home,2902454,120,Semiurban,0.64,10.18,66.57,Rejected
38,Male,No,0,Graduate,Private,241802,140861,52123,1129266,785,0,Vehicle,4036698,60,Semiurban,0.8,4.67,59.96,Rejected
31,Female,No,2,Not Graduate,Self Employed,31717,17098,6562,120563,882,1,Vehicle,3554924,60,Semiurban,0.75,3.8,55.69,Rejected
45,Female,Yes,4,Not Graduate,Self Employed,209388,10785,8020,921481,732,1,Education,3912790,240,Rural,0.09,4.4,77.02,Approved
59,Female,Yes,1,Not Graduate,Self Employed,220859,49051,52355,461670,514,0,Home,3377763,60,Rural,0.46,2.09,52.09,Rejected
57,Male,Yes,3,Graduate,Private,225688,76008,45081,842731,414,1,Education,2494057,120,Rural,0.54,3.73,48.8,Approved
33,Female,Yes,3,Graduate,Private,138519,15427,30625,162627,863,1,Vehicle,4614355,300,Urban,0.33,1.17,66.27,Approved
50,Female,No,0,Graduate,Government,85886,32117,11070,644343,634,1,Vehicle,3741526,240,Urban,0.5,7.5,61.53,Approved
45,Male,No,1,Graduate,Private,182270,23738,43232,304720,480,0,Personal,2483744,120,Urban,0.37,1.67,50.95,Rejected
24,Male,No,4,Graduate,Government,99230,47118,17600,945280,876,0,Education,485469,60,Urban,0.65,9.53,72.39,Approved
35,Male,No,3,Graduate,Self Employed,185098,66754,22742,1262118,307,0,Home,1189167,300,Rural,0.48,6.82,50.18,Rejected
60,Male,Yes,0,Graduate,Private,74822,34094,474,609380,628,1,Vehicle,159083,300,Semiurban,0.46,8.14,63.33,Approved
24,Female,No,4,Graduate,Government,79205,44582,5092,1139433,437,0,Education,4963894,240,Rural,0.63,14.39,53.78,Rejected
40,Male,Yes,3,Graduate,Government,82543,40967,455,1452228,319,0,Home,4815092,120,Urban,0.5,17.59,52.42,Rejected
48,Female,Yes,3,Graduate,Business,208590,13187,18602,1056366,723,0,Vehicle,3160187,240,Urban,0.15,5.06,76.03,Approved
41,Male,Yes,0,Graduate,Self Employed,203358,84894,39477,614938,454,0,Home,2079333,60,Rural,0.61,3.02,46.01,Rejected
60,Female,No,4,Graduate,Private,30985,6052,7427,91298,872,0,Personal,4133059,120,Urban,0.44,2.95,62.84,Rejected
30,Male,No,2,Not Graduate,Private,229955,14074,5940,1320475,616,1,Personal,149347,300,Rural,0.09,5.74,75.45,Approved
34,Female,No,2,Graduate,Business,85052,36834,9554,300794,573,1,Personal,4260156,300,Semiurban,0.55,3.54,49.58,Rejected
56,Female,No,3,Graduate,Private,76398,43257,4279,1073029,494,0,Personal,651576,180,Semiurban,0.62,14.05,56.35,Rejected
25,Male,Yes,2,Graduate,Self Employed,221658,80773,46137,376915,545,1,Personal,336125,120,Semiurban,0.57,1.7,49.31,Rejected
30,Female,Yes,2,Not Graduate,Private,47888,6834,6169,340654,733,1,Vehicle,655644,300,Semiurban,0.27,7.11,70.57,Approved
50,Female,No,0,Not Graduate,Self Employed,186132,74892,28699,1482026,491,1,Home,266455,180,Urban,0.56,7.96,58.5,Approved
58,Female,No,4,Graduate,Government,44507,15112,1038,108498,329,0,Vehicle,1601503,120,Urban,0.36,2.44,40.39,Rejected
45,Female,Yes,0,Not Graduate,Self Employed,166155,26109,21299,259284,627,0,Personal,452791,180,Rural,0.29,1.56,59.07,Rejected
47,Male,No,2,Not Graduate,Government,117882,10646,16580,640339,900,1,Personal,4082284,60,Semiurban,0.23,5.43,78.65,Approved
29,Male,No,3,Graduate,Government,157289,62673,36628,1148821,751,1,Home,3342508,120,Urban,0.63,7.3,65.34,Approved
31,Female,No,0,Graduate,Private,197924,30168,21076,1167631,355,0,Personal,600041,120,Semiurban,0.26,5.9,57.73,Approved
51,Male,Yes,1,Graduate,Private,103272,40567,4567,425880,638,0,Education,1558981,240,Semiurban,0.44,4.12,57.62,Rejected
26,Female,No,0,Graduate,Private,153040,56531,2340,563369,398,1,Personal,2713927,120,Semiurban,0.38,3.68,49.63,Approved
38,Male,No,4,Graduate,Private,240366,85581,54046,735539,622,1,Vehicle,3629233,180,Rural,0.58,3.06,55.95,Approved
35,Male,Yes,0,Not Graduate,Government,76882,7889,11105,1158240,383,0,Vehicle,4407673,180,Urban,0.25,15.07,62.69,Rejected
42,Male,No,1,Graduate,Business,239740,13756,48084,1261025,582,0,Vehicle,2114980,240,Urban,0.26,5.26,68.24,Approved
36,Male,Yes,1,Graduate,Self Employed,214276,117706,23124,715194,712,1,Personal,1411396,120,Urban,0.66,3.34,57.17,Approved
55,Male,No,1,Not Graduate,Self Employed,234121,45102,29485,1255818,678,0,Home,1644889,180,Semiurban,0.32,5.36,70.67,Approved
41,Male,Yes,2,Graduate,Business,133971,19850,10960,103502,417,1,Personal,3903632,300,Rural,0.23,0.77,48.54,Rejected
35,Female,Yes,0,Not Graduate,Self Employed,226625,14891,52531,1451686,731,0,Personal,361508,300,Rural,0.3,6.41,75.44,Approved
35,Male,No,1,Not Graduate,Self Employed,73192,16475,3123,781922,668,0,Home,3993833,180,Urban,0.27,10.68,74.58,Rejected
27,Female,No,1,Not Graduate,Government,228627,53478,43310,342530,561,0,Personal,376037,120,Semiurban,0.42,1.5,54.37,Rejected
57,Male,No,2,Graduate,Private,110087,7510,20940,104608,489,0,Education,2342824,60,Rural,0.26,0.95,50.28,Rejected
54,Female,No,3,Not Graduate,Private,80008,27702,2656,1327586,874,0,Home,3739135,180,Urban,0.38,16.59,80.66,Approved
28,Female,Yes,4,Not Graduate,Government,121621,35477,29212,1497868,585,1,Education,4028805,300,Urban,0.53,12.32,64.91,Approved
52,Female,Yes,4,Graduate,Government,110686,29163,27154,178857,675,1,Personal,2205612,180,Rural,0.51,1.62,52.4,Approved
33,Male,Yes,2,Graduate,Business,183447,40710,36389,244083,670,0,Education,4432706,240,Semiurban,0.42,1.33,57.17,Rejected
39,Male,Yes,3,Graduate,Government,88985,46331,370,309429,321,0,Personal,524897,300,Urban,0.52,3.48,39.04,Rejected
21,Male,Yes,0,Graduate,Business,23267,13053,2820,793721,884,1,Education,1511109,60,Semiurban,0.68,34.11,69.75,Rejected
34,Female,No,2,Graduate,Government,107447,18977,9868,556861,790,1,Vehicle,276611,300,Urban,0.27,5.18,71.72,Approved
35,Male,Yes,3,Graduate,Private,139844,16173,21436,1444727,827,0,Education,1993604,120,Semiurban,0.27,10.33,84.28,Approved
28,Female,No,1,Not Graduate,Business,97127,14338,17499,650596,745,1,Home,4654968,240,Urban,0.33,6.7,70.56,Approved
24,Male,Yes,1,Graduate,Private,217157,21621,31552,136976,619,1,Home,1279500,240,Rural,0.24,0.63,60.11,Approved
39,Male,Yes,3,Not Graduate,Business,164085,47431,40441,388655,568,1,Personal,1488293,120,Rural,0.54,2.37,50.48,Approved
36,Male,Yes,4,Graduate,Business,189792,41621,47236,1134803,324,1,Personal,2223640,120,Rural,0.47,5.98,49.9,Approved
54,Male,No,1,Not Graduate,Business,171573,11046,38423,1212110,565,1,Education,864469,300,Rural,0.29,7.06,67.45,Approved
25,Male,Yes,2,Graduate,Self Employed,59265,33952,1174,607736,718,0,Home,1917049,180,Semiurban,0.59,10.25,66.5,Rejected
49,Male,Yes,3,Graduate,Private,246084,89308,21107,737968,700,0,Vehicle,4708695,60,Semiurban,0.45,3.0,63.49,Approved
28,Female,No,3,Graduate,Government,215864,63994,16496,1193958,438,0,Home,3696861,240,Semiurban,0.37,5.53,57.98,Approved
29,Female,Yes,2,Graduate,Government,154348,28659,29346,593226,624,1,Vehicle,3230113,240,Semiurban,0.38,3.84,60.32,Approved
58,Male,No,0,Not Graduate,Self Employed,248243,54889,14871,1006254,536,1,Vehicle,1787799,180,Urban,0.28,4.05,63.43,Approved
52,Male,Yes,0,Not Graduate,Self Employed,83954,8475,16352,135924,359,1,Home,273931,180,Urban,0.3,1.62,43.68,Approved
55,Female,Yes,1,Graduate,Government,33027,7901,6612,762824,627,1,Vehicle,4101876,180,Rural,0.44,23.1,66.0,Rejected
39,Male,No,3,Not Graduate,Private,105390,14419,3256,848962,316,0,Vehicle,487376,120,Rural,0.17,8.06,59.34,Approved
58,Female,No,0,Graduate,Private,89867,45176,12817,596426,786,0,Vehicle,1936979,300,Rural,0.65,6.64,62.44,Approved
42,Female,Yes,0,Not Graduate,Business,59204,28100,13152,883991,436,1,Education,780057,300,Rural,0.7,14.93,50.84,Rejected
59,Male,No,3,Graduate,Government,74663,33254,2140,1233146,394,1,Education,3784892,120,Urban,0.47,16.52,56.28,Rejected
30,Male,No,3,Not Graduate,Business,232687,22564,19560,566458,798,1,Home,302338,180,Semiurban,0.18,2.43,74.21,Approved
35,Male,No,3,Not Graduate,Government,202447,62041,9020,975094,708,0,Vehicle,2152587,300,Semiurban,0.35,4.82,68.67,Approved
24,Female,Yes,0,Graduate,Self Employed,174535,74552,11331,445776,521,0,Education,4295271,240,Urban,0.49,2.55,50.48,Rejected
44,Female,Yes,4,Graduate,Government,48428,21502,7435,1172078,405,1,Home,3313598,300,Rural,0.6,24.2,52.01,Rejected
51,Female,Yes,2,Graduate,Government,112606,60367,22464,1346817,773,0,Vehicle,2617398,240,Rural,0.74,11.96,66.79,Approved
42,Male,Yes,4,Not Graduate,Self Employed,181646,93657,17107,967615,467,0,Education,931944,240,Semiurban,0.61,5.33,50.38,Rejected
30,Male,No,4,Graduate,Self Employed,161474,55237,15225,1367701,737,1,Education,3687603,120,Rural,0.44,8.47,73.06,Approved
45,Female,Yes,2,Graduate,Self Employed,82569,31412,375,48730,763,1,Vehicle,193763,180,Urban,0.38,0.59,56.84,Approved
56,Female,Yes,1,Graduate,Government,45617,7173,7527,675588,452,0,Personal,4035429,300,Urban,0.32,14.81,62.25,Rejected
52,Female,No,0,Graduate,Business,128592,13994,13572,904209,567,0,Home,4732764,60,Urban,0.21,7.03,67.98,Rejected
56,Male,Yes,1,Graduate,Business,97118,30423,14192,184893,723,1,Personal,4067590,180,Rural,0.46,1.9,56.04,Approved
48,Female,No,1,Not Graduate,Business,150513,11878,19576,468002,857,0,Home,4888947,120,Urban,0.21,3.11,74.06,Approved
54,Female,Yes,4,Graduate,Private,223005,56823,39242,172915,766,1,Vehicle,4931916,300,Semiurban,0.43,0.78,61.59,Approved
49,Female,No,1,Not Graduate,Private,239716,87602,37216,1169423,568,0,Education,316700,180,Semiurban,0.52,4.88,58.97,Rejected
50,Male,Yes,4,Graduate,Self Employed,90222,30454,22539,696572,445,1,Education,2207292,240,Urban,0.59,7.72,51.21,Approved
53,Male,No,3,Graduate,Self Employed,80896,12503,1507,70262,381,1,Education,4041551,240,Semiurban,0.17,0.87,46.71,Rejected
23,Male,Yes,1,Graduate,Government,189961,37763,45149,1478609,740,1,Home,1921818,300,Urban,0.44,7.78,72.96,Approved
29,Male,No,2,Graduate,Private,27760,14870,2546,222718,469,1,Vehicle,3467356,120,Rural,0.63,8.02,49.18,Rejected
27,Male,Yes,1,Not Graduate,Business,233134,11904,37815,539668,408,0,Home,4874706,240,Semiurban,0.21,2.31,55.69,Rejected
37,Female,Yes,2,Not Graduate,Government,136561,56050,20938,881827,873,0,Education,2643326,300,Semiurban,0.56,6.46,70.26,Approved
22,Male,No,1,Not Graduate,Business,197321,69362,10001,134540,496,0,Vehicle,1748226,60,Semiurban,0.4,0.68,49.23,Rejected
27,Female,Yes,1,Not Graduate,Business,138698,10123,1398,879357,889,0,Home,1970914,240,Urban,0.08,6.34,85.25,Approved
24,Female,No,4,Graduate,Self Employed,45209,26524,1712,478863,732,1,Education,4633379,300,Urban,0.62,10.59,65.6,Rejected
45,Female,No,4,Graduate,Private,176970,18172,9321,1361517,771,1,Personal,2921469,120,Rural,0.16,7.69,82.07,Approved
55,Female,No,0,Not Graduate,Private,211414,104700,16495,388557,891,1,Personal,2028426,300,Rural,0.57,1.84,64.53,Approved
50,Female,Yes,1,Graduate,Government,86266,10924,8394,1410262,498,0,Education,2720771,180,Urban,0.22,16.35,68.87,Rejected
21,Female,Yes,1,Graduate,Government,28797,16411,7134,1442422,864,1,Vehicle,4683481,240,Urban,0.82,50.09,65.02,Rejected
33,Male,No,4,Not Graduate,Government,181347,35019,19553,360687,395,0,Vehicle,3773870,180,Semiurban,0.3,1.99,49.76,Rejected
50,Female,No,1,Graduate,Business,42174,13202,1785,709127,729,0,Education,1692857,60,Urban,0.36,16.81,73.43,Rejected
38,Male,Yes,0,Not Graduate,Private,86240,36044,13058,249383,773,1,Personal,2016163,180,Rural,0.57,2.89,56.51,Approved
34,Male,Yes,2,Not Graduate,Business,52449,19711,2556,1036290,515,1,Personal,3380010,300,Semiurban,0.42,19.76,62.25,Rejected
42,Female,Yes,1,Graduate,Self Employed,70837,5366,3368,680936,356,0,Home,4331093,120,Urban,0.12,9.61,64.18,Rejected
58,Male,Yes,0,Graduate,Private,141804,9001,16583,1410105,629,0,Home,4413946,240,Urban,0.18,9.94,78.1,Approved
52,Male,No,1,Graduate,Self Employed,56573,21510,7495,403701,580,1,Personal,1259486,300,Semiurban,0.51,7.14,56.93,Approved
28,Female,Yes,4,Not Graduate,Business,162284,55284,32717,1319562,547,0,Education,432244,120,Semiurban,0.54,8.13,60.8,Rejected
53,Female,Yes,2,Not Graduate,Self Employed,223993,120166,23696,832134,397,0,Personal,3524478,300,Semiurban,0.64,3.72,44.77,Rejected
41,Male,Yes,0,Graduate,Business,75586,10182,13032,240517,642,1,Education,4058917,300,Rural,0.31,3.18,58.71,Approved
42,Female,Yes,1,Not Graduate,Government,49738,9273,9954,319134,849,0,Personal,2365150,120,Urban,0.39,6.42,70.96,Rejected
56,Female,Yes,2,Not Graduate,Self Employed,103762,50147,11720,618188,663,0,Vehicle,2810343,180,Rural,0.6,5.96,57.65,Rejected
54,Female,Yes,3,Graduate,Business,82995,42979,17978,1006262,827,1,Vehicle,2448420,60,Semiurban,0.73,12.12,68.04,Approved
23,Male,No,4,Graduate,Business,176271,45301,3176,734306,435,0,Personal,1671404,60,Semiurban,0.28,4.17,56.47,Rejected
50,Female,Yes,0,Graduate,Business,80248,6310,5334,1226156,525,0,Home,3349586,240,Semiurban,0.15,15.28,72.19,Rejected
24,Female,Yes,4,Not Graduate,Private,112646,20340,17719,655041,403,0,Education,972058,120,Urban,0.34,5.82,53.91,Approved
44,Male,Yes,1,Not Graduate,Business,221984,89538,51145,1456918,317,1,Personal,3643656,120,Semiurban,0.63,6.56,47.08,Approved
38,Male,Yes,0,Graduate,Government,43150,15684,4932,1376028,578,1,Vehicle,229025,120,Rural,0.48,31.89,63.08,Rejected
40,Female,Yes,0,Graduate,Self Employed,238096,29539,57678,17407,806,0,Home,4143527,240,Rural,0.37,0.07,64.5,Approved
58,Female,Yes,0,Not Graduate,Government,204957,44784,41568,835770,310,1,Home,4239073,120,Urban,0.42,4.08,47.49,Approved
40,Male,Yes,1,Not Graduate,Government,94391,24883,671,225153,462,0,Education,4762030,180,Semiurban,0.27,2.39,50.96,Rejected
34,Female,Yes,3,Graduate,Business,108372,28897,27006,78447,386,0,Personal,2207737,120,Urban,0.52,0.72,37.46,Rejected
31,Female,No,3,Not Graduate,Self Employed,110501,30126,9616,847562,813,0,Education,2130699,120,Urban,0.36,7.67,75.1,Approved
23,Female,Yes,3,Not Graduate,Private,42385,24081,9480,1393616,301,1,Personal,664064,180,Semiurban,0.79,32.88,41.32,Rejected
28,Female,Yes,1,Not Graduate,Private,182907,21960,17467,827746,772,0,Personal,2657076,240,Semiurban,0.22,4.53,74.21,Approved
31,Female,Yes,4,Graduate,Private,57056,30357,4338,1336211,503,1,Education,2659844,240,Rural,0.61,23.42,56.4,Rejected
52,Male,Yes,1,Not Graduate,Private,87033,43756,5396,1277629,469,0,Home,2033675,120,Semiurban,0.56,14.68,57.38,Rejected
21,Female,Yes,4,Not Graduate,Business,125958,7633,11717,840818,453,1,Vehicle,3211463,60,Semiurban,0.15,6.68,63.91,Approved
47,Female,Yes,3,Graduate,Self Employed,213131,81414,6210,428799,583,0,Personal,1409826,180,Rural,0.41,2.01,56.13,Rejected
24,Male,No,3,Graduate,Government,177170,62992,17705,1006829,746,0,Vehicle,2591925,60,Semiurban,0.46,5.68,67.94,Approved
30,Female,Yes,2,Graduate,Self Employed,102601,29589,5078,895841,372,1,Personal,2250695,240,Semiurban,0.34,8.73,57.96,Approved
36,Male,Yes,3,Graduate,Business,141382,56563,25360,1456024,310,1,Home,702060,120,Rural,0.58,10.3,52.05,Approved
51,Male,No,2,Not Graduate,Self Employed,119571,34394,16153,1000704,793,0,Vehicle,1578428,180,Urban,0.42,8.37,74.08,Approved
51,Female,Yes,1,Not Graduate,Self Employed,221951,125498,51444,232257,436,0,Education,985923,120,Semiurban,0.8,1.05,36.43,Rejected
58,Female,No,4,Not Graduate,Government,172784,45846,2436,863652,864,0,Home,3942857,180,Semiurban,0.28,5.0,76.93,Approved
26,Male,No,0,Not Graduate,Self Employed,238433,54185,9384,688686,833,1,Vehicle,4467402,60,Urban,0.27,2.89,74.34,Approved
45,Male,No,3,Graduate,Self Employed,111072,65031,12833,1301150,498,1,Vehicle,683538,120,Urban,0.7,11.71,55.55,Approved
42,Female,Yes,2,Graduate,Government,211167,68373,32844,893078,606,1,Education,165043,60,Semiurban,0.48,4.23,59.46,Approved
58,Female,Yes,0,Graduate,Private,70621,29922,4112,1040915,331,1,Vehicle,2147777,300,Urban,0.48,14.74,53.08,Rejected
34,Female,No,3,Graduate,Private,105921,24308,7400,776345,369,0,Personal,2712348,180,Rural,0.3,7.33,56.32,Rejected
57,Female,Yes,4,Not Graduate,Business,56162,14506,13385,110716,647,0,Personal,2428292,180,Urban,0.5,1.97,50.05,Rejected
22,Female,No,3,Graduate,Business,165792,72306,2901,1223545,623,0,Vehicle,1871191,300,Rural,0.45,7.38,65.47,Approved
53,Male,No,4,Graduate,Private,60702,36027,6138,1035744,357,0,Personal,1000176,240,Rural,0.69,17.06,47.46,Rejected
45,Female,Yes,1,Graduate,Government,87451,45275,16577,1280802,703,1,Education,892697,240,Rural,0.71,14.65,63.52,Approved
28,Female,No,4,Graduate,Self Employed,230544,27733,48521,154584,623,0,Home,1966961,240,Semiurban,0.33,0.67,58.33,Rejected
40,Female,Yes,2,Not Graduate,Business,79954,8437,7627,627505,445,1,Education,4690669,180,Semiurban,0.2,7.85,62.65,Approved
46,Female,Yes,0,Not Graduate,Business,124582,15108,29294,867860,303,1,Vehicle,582645,180,Semiurban,0.36,6.97,51.69,Approved
53,Female,No,3,Graduate,Government,143471,76418,10326,1427795,690,0,Vehicle,4051631,120,Urban,0.6,9.95,68.17,Rejected
49,Female,Yes,1,Not Graduate,Self Employed,211549,98406,45866,290700,808,0,Personal,1038076,300,Rural,0.68,1.37,56.66,Rejected
48,Female,No,2,Graduate,Government,144575,43293,24371,1378175,700,1,Vehicle,1738548,300,Semiurban,0.47,9.53,71.92,Approved
56,Female,No,1,Graduate,Self Employed,156973,40865,6969,646817,682,1,Vehicle,3013047,240,Urban,0.3,4.12,65.69,Approved
56,Male,No,3,Not Graduate,Self Employed,188606,22175,34695,178640,652,1,Personal,1677970,60,Urban,0.3,0.95,59.37,Approved
35,Male,No,3,Graduate,Government,123361,42232,25513,1272856,811,0,Education,3398971,300,Semiurban,0.55,10.32,74.5,Approved
45,Female,No,2,Not Graduate,Government,159779,15510,31611,757423,532,1,Personal,4973331,240,Urban,0.29,4.74,60.67,Approved
57,Female,No,0,Graduate,Self Employed,102854,32470,7148,603804,586,0,Education,518282,120,Urban,0.39,5.87,60.34,Approved
23,Male,No,1,Not Graduate,Self Employed,182697,60009,31484,350910,765,0,Home,1568851,120,Semiurban,0.5,1.92,60.13,Rejected
34,Female,Yes,0,Not Graduate,Private,99844,17678,13776,1229667,812,0,Home,487143,60,Semiurban,0.32,12.32,80.63,Approved
51,Female,Yes,3,Not Graduate,Government,117114,68247,13827,1236571,388,1,Education,224710,60,Urban,0.7,10.56,50.9,Approved
60,Male,No,2,Not Graduate,Government,225195,55051,18067,820806,327,1,Personal,3046037,60,Urban,0.32,3.64,51.09,Approved
48,Female,No,1,Not Graduate,Private,33127,5517,4265,697412,683,1,Education,4579240,180,Rural,0.3,21.05,72.82,Approved
32,Male,Yes,1,Graduate,Government,221657,55445,52060,736584,789,1,Vehicle,1067553,180,Semiurban,0.49,3.32,66.03,Approved
29,Male,Yes,4,Graduate,Private,94771,14432,41,803910,862,1,Home,667711,240,Urban,0.15,8.48,84.49,Approved
38,Female,No,4,Not Graduate,Government,193524,110332,47022,1416249,871,0,Education,3353037,120,Urban,0.81,7.32,66.7,Approved
26,Female,No,0,Graduate,Private,30674,9345,3191,1470600,651,0,Education,3160113,300,Rural,0.41,47.94,67.9,Rejected
55,Male,Yes,3,Not Graduate,Business,163082,94630,6669,481135,732,1,Home,1501655,120,Urban,0.62,2.95,56.32,Approved
55,Female,Yes,0,Graduate,Government,82288,6370,11911,61367,884,1,Home,4911902,180,Semiurban,0.22,0.75,67.41,Approved
56,Male,No,4,Graduate,Business,123947,5826,24812,1419593,871,0,Vehicle,3823879,180,Urban,0.25,11.45,86.25,Approved
50,Female,Yes,2,Not Graduate,Business,229240,34596,43950,989572,677,1,Education,3333906,60,Rural,0.34,4.32,67.61,Approved
46,Male,Yes,1,Graduate,Private,173012,28668,40668,793293,310,0,Education,3326042,60,Urban,0.4,4.59,47.85,Rejected
33,Male,Yes,3,Not Graduate,Government,165808,65232,9832,803745,787,0,Vehicle,734972,60,Rural,0.45,4.85,67.72,Approved
35,Male,Yes,4,Graduate,Business,109552,46070,16730,193535,704,1,Home,791668,300,Urban,0.57,1.77,52.01,Approved
21,Female,Yes,0,Graduate,Business,173540,13050,22924,345707,789,0,Personal,756051,300,Semiurban,0.21,1.99,69.77,Approved
46,Female,No,3,Graduate,Private,91987,12043,5131,1080860,698,1,Personal,2183537,300,Semiurban,0.19,11.75,79.1,Approved
28,Male,Yes,4,Not Graduate,Private,61840,10941,4335,1237514,482,1,Vehicle,2311723,60,Rural,0.25,20.01,66.49,Approved
46,Female,Yes,2,Graduate,Private,55199,6726,9681,1039055,694,1,Education,652516,300,Urban,0.3,18.82,74.14,Approved
56,Male,No,2,Graduate,Business,77508,16568,2436,249846,794,0,Vehicle,3036436,240,Rural,0.25,3.22,67.48,Rejected
24,Female,Yes,4,Graduate,Government,158194,88685,2507,1168478,723,0,Education,4406041,60,Rural,0.58,7.39,65.94,Approved
52,Male,Yes,2,Graduate,Business,135956,30722,9801,566033,458,0,Vehicle,3994623,60,Rural,0.3,4.16,55.18,Rejected
35,Female,No,4,Not Graduate,Private,102819,36337,843,1042838,491,1,Home,115402,180,Rural,0.36,10.14,65.09,Approved
48,Male,Yes,3,Graduate,Government,190243,34872,31465,117362,485,1,Personal,3312115,240,Urban,0.35,0.62,49.94,Approved
45,Female,Yes,3,Graduate,Private,57997,28940,4791,176222,338,0,Education,1459165,60,Urban,0.58,3.04,35.97,Rejected
55,Male,Yes,4,Graduate,Private,24900,14481,709,647192,531,0,Home,4595574,180,Urban,0.61,25.99,56.29,Rejected
42,Male,Yes,0,Graduate,Private,34078,12893,3788,177087,535,1,Home,4863385,300,Rural,0.49,5.2,50.85,Rejected
51,Male,No,3,Graduate,Private,216133,10353,19834,305078,537,1,Education,4330603,60,Rural,0.14,1.41,61.14,Approved
58,Male,Yes,3,Not Graduate,Self Employed,93851,15307,15092,967863,335,1,Vehicle,1351411,180,Urban,0.32,10.31,58.93,Approved
58,Male,Yes,4,Not Graduate,Business,37852,12398,2007,975847,567,1,Vehicle,1118768,300,Semiurban,0.38,25.78,65.3,Rejected
37,Female,Yes,1,Graduate,Business,86980,7716,5741,792248,869,1,Vehicle,633219,60,Rural,0.15,9.11,85.68,Approved
54,Male,Yes,3,Graduate,Government,157173,92084,29695,583454,848,1,Home,772712,180,Rural,0.77,3.71,58.16,Approved
59,Female,No,3,Graduate,Self Employed,198378,22659,22197,536158,811,1,Education,2873242,120,Rural,0.23,2.7,72.6,Approved
56,Male,No,3,Graduate,Business,69774,13479,9023,998960,836,0,Personal,196950,60,Semiurban,0.32,14.32,80.27,Approved
30,Male,No,2,Not Graduate,Self Employed,172212,31415,5899,888760,873,0,Vehicle,714679,240,Semiurban,0.22,5.16,79.51,Approved
60,Male,Yes,3,Graduate,Business,92914,27360,3800,1266790,685,1,Home,2102746,60,Semiurban,0.34,13.63,74.1,Approved
48,Male,Yes,0,Not Graduate,Business,224935,72842,19227,353824,627,0,Vehicle,3531859,240,Urban,0.41,1.57,57.73,Rejected
59,Male,Yes,3,Not Graduate,Self Employed,72107,43013,801,1119493,790,1,Home,2953652,300,Rural,0.61,15.53,69.77,Approved
57,Male,Yes,2,Graduate,Business,194817,83966,47399,767731,416,0,Home,1999419,60,Rural,0.67,3.94,43.93,Rejected
47,Female,No,1,Graduate,Private,68076,23078,13608,1198999,524,1,Vehicle,1134358,240,Rural,0.54,17.61,59.84,Approved
52,Male,No,3,Not Graduate,Private,219251,12017,20186,492316,876,1,Personal,4311410,300,Rural,0.15,2.25,77.79,Approved
38,Male,No,0,Not Graduate,Self Employed,102927,32279,9235,754995,668,0,Home,4470068,180,Urban,0.4,7.34,66.38,Rejected
34,Female,No,3,Not Graduate,Business,214295,53623,45464,568624,613,0,Education,3397207,300,Rural,0.46,2.65,57.25,Rejected
58,Female,Yes,2,Graduate,Private,155057,29749,26010,1230273,537,0,Personal,716074,60,Rural,0.36,7.93,65.15,Approved
55,Female,Yes,0,Graduate,Private,211064,7239,10775,85063,329,1,Education,2964239,240,Urban,0.09,0.4,51.31,Approved
33,Female,Yes,3,Graduate,Government,162887,61311,4578,1229649,410,0,Education,2370808,60,Rural,0.4,7.55,57.7,Rejected
47,Female,Yes,2,Graduate,Business,32167,9854,5276,1045974,799,0,Vehicle,400476,120,Urban,0.47,32.52,72.69,Rejected
53,Female,No,2,Graduate,Self Employed,78643,16963,5407,1113896,620,1,Education,1975382,120,Semiurban,0.28,14.16,72.17,Approved
47,Male,Yes,1,Not Graduate,Private,248449,29313,32625,1332547,887,0,Personal,1088158,300,Urban,0.25,5.36,82.61,Approved
55,Male,Yes,0,Not Graduate,Government,25315,7540,3714,190098,318,1,Personal,2325052,240,Rural,0.44,7.51,46.83,Rejected
57,Female,Yes,2,Not Graduate,Private,83755,19216,1153,1248885,561,1,Education,3488795,300,Rural,0.24,14.91,70.99,Approved
42,Female,Yes,2,Not Graduate,Business,105158,38161,5098,1290293,631,1,Education,1826455,240,Urban,0.41,12.27,69.91,Approved
36,Male,Yes,0,Graduate,Government,91412,34904,3247,809317,714,0,Home,2485930,120,Semiurban,0.42,8.85,70.58,Approved
36,Male,Yes,1,Graduate,Business,23131,5063,889,198262,439,1,Home,532527,240,Rural,0.26,8.57,59.86,Approved
53,Male,No,2,Graduate,Business,121297,50605,13634,885779,542,1,Personal,4240548,60,Rural,0.53,7.3,57.66,Approved
37,Male,No,1,Not Graduate,Business,41253,13363,3866,793785,545,1,Vehicle,2304035,240,Rural,0.42,19.24,63.34,Rejected
31,Male,Yes,4,Not Graduate,Self Employed,220003,126129,26512,821611,336,0,Education,2674233,300,Urban,0.69,3.73,40.39,Rejected
57,Male,Yes,3,Graduate,Private,117916,17865,12084,222293,604,0,Vehicle,2593660,60,Urban,0.25,1.89,57.71,Rejected
40,Female,No,3,Graduate,Business,121353,53358,8874,1415777,578,1,Education,4848498,240,Semiurban,0.51,11.67,65.16,Approved
44,Female,No,0,Graduate,Private,96475,6132,1487,181760,635,0,Home,320592,180,Urban,0.08,1.88,63.48,Rejected
26,Female,Yes,3,Not Graduate,Private,175602,99139,17715,367906,323,0,Home,1016256,240,Urban,0.67,2.1,35.61,Rejected
32,Male,No,1,Not Graduate,Private,69133,6602,16967,298211,604,0,Vehicle,3985800,240,Rural,0.34,4.31,58.01,Rejected
53,Female,Yes,2,Graduate,Private,136891,24536,13626,92786,767,0,Vehicle,4235777,60,Rural,0.28,0.68,62.56,Rejected
34,Female,Yes,4,Not Graduate,Self Employed,86599,42871,16297,1087953,668,0,Vehicle,1467830,180,Rural,0.68,12.56,62.66,Rejected
41,Male,No,2,Not Graduate,Government,102555,22711,3452,621346,554,1,Personal,2523731,120,Rural,0.26,6.06,63.19,Approved
52,Male,No,1,Graduate,Business,166381,58003,2135,903778,569,0,Vehicle,2618709,120,Semiurban,0.36,5.43,61.96,Approved
24,Female,Yes,1,Not Graduate,Business,203378,68672,37615,1442153,349,0,Vehicle,3081977,60,Rural,0.52,7.09,52.15,Rejected
55,Male,No,1,Not Graduate,Business,107115,22796,11377,24150,628,0,Education,2985537,120,Semiurban,0.32,0.23,53.08,Rejected
23,Female,No,3,Graduate,Business,245455,108909,35938,503698,620,0,Vehicle,920159,300,Urban,0.59,2.05,53.77,Rejected
38,Female,Yes,1,Not Graduate,Business,115102,22159,20790,1038392,354,0,Vehicle,1588224,300,Semiurban,0.37,9.02,57.19,Approved
22,Male,Yes,3,Graduate,Self Employed,162588,34480,19604,84456,458,0,Personal,341824,180,Semiurban,0.33,0.52,47.92,Rejected
40,Male,No,3,Graduate,Self Employed,114237,17292,10039,1341049,893,0,Personal,3648260,240,Semiurban,0.24,11.74,87.08,Approved
33,Female,Yes,3,Not Graduate,Government,117986,47367,16153,952931,494,0,Vehicle,3109752,180,Rural,0.54,8.08,56.68,Rejected
39,Male,No,1,Graduate,Private,41134,24678,10271,453783,375,0,Personal,493049,300,Urban,0.85,11.03,42.82,Rejected
28,Male,Yes,4,Not Graduate,Self Employed,70112,40921,855,80491,756,1,Personal,4892965,240,Rural,0.6,1.15,50.83,Rejected
49,Male,No,3,Not Graduate,Business,72410,17861,2897,919202,628,0,Home,1988749,300,Urban,0.29,12.69,72.21,Rejected
32,Female,Yes,2,Graduate,Government,241441,75632,3569,764836,612,0,Home,2443816,240,Rural,0.33,3.17,63.35,Approved
54,Female,No,1,Not Graduate,Private,175331,46492,14068,1031618,482,1,Personal,858021,180,Urban,0.35,5.88,59.84,Approved
44,Female,No,1,Graduate,Government,73600,16959,7360,84016,466,0,Personal,1238293,240,Rural,0.33,1.14,46.03,Rejected
55,Female,Yes,0,Not Graduate,Private,153036,51510,21186,1456277,672,1,Vehicle,513722,180,Urban,0.48,9.52,70.77,Approved
55,Male,No,3,Graduate,Business,61738,17654,12965,889340,441,1,Vehicle,2000928,240,Semiurban,0.5,14.41,57.19,Rejected
51,Male,No,0,Graduate,Government,151405,10278,3496,1334728,482,1,Vehicle,964841,120,Semiurban,0.09,8.82,72.38,Approved
58,Female,No,4,Not Graduate,Self Employed,89707,14152,12185,324748,803,1,Home,856868,240,Semiurban,0.29,3.62,67.71,Approved
58,Male,Yes,2,Graduate,Self Employed,65851,28469,13437,731555,694,0,Home,4266277,120,Semiurban,0.64,11.11,64.39,Rejected
33,Female,Yes,4,Graduate,Government,219220,113935,53550,74969,325,0,Vehicle,1584522,60,Urban,0.76,0.34,30.98,Rejected
29,Female,No,3,Graduate,Self Employed,124298,22412,12230,1414678,896,1,Education,4663736,240,Semiurban,0.28,11.38,86.43,Approved
40,Male,Yes,1,Not Graduate,Business,65783,11125,15861,377872,797,1,Home,752536,300,Semiurban,0.41,5.74,67.24,Approved
24,Female,No,4,Graduate,Private,133388,67898,7255,925758,371,1,Vehicle,4325528,300,Rural,0.56,6.94,48.8,Approved
25,Male,No,1,Graduate,Self Employed,175828,45441,5675,652725,658,1,Personal,4005786,120,Urban,0.29,3.71,64.98,Approved
33,Male,No,0,Graduate,Private,204644,40906,11136,1252474,859,1,Home,4262566,60,Semiurban,0.25,6.12,80.97,Approved
60,Female,Yes,2,Not Graduate,Business,236599,107204,57604,449432,601,1,Vehicle,4134535,180,Rural,0.7,1.9,49.08,Rejected
48,Female,Yes,1,Graduate,Government,23791,6152,3050,276566,469,0,Personal,3045398,300,Semiurban,0.39,11.62,60.19,Rejected
55,Male,Yes,1,Not Graduate,Self Employed,120716,9337,16653,1388195,865,0,Home,1342721,120,Semiurban,0.22,11.5,86.81,Approved
27,Male,Yes,4,Not Graduate,Private,65260,26147,11797,564735,889,1,Vehicle,3871418,60,Urban,0.58,8.65,71.99,Approved
26,Female,No,4,Graduate,Government,234587,27709,49551,1380752,519,0,Vehicle,4041169,60,Semiurban,0.33,5.89,64.34,Approved
33,Male,Yes,2,Graduate,Business,67316,19603,14383,760981,748,1,Vehicle,2397497,180,Rural,0.5,11.3,70.79,Approved
28,Female,Yes,1,Graduate,Government,126555,49393,22868,559929,819,1,Education,3194305,240,Rural,0.57,4.42,63.18,Approved
26,Female,Yes,3,Not Graduate,Business,108018,46680,22047,204951,749,0,Education,2201791,120,Urban,0.64,1.9,52.32,Rejected
34,Female,Yes,0,Not Graduate,Government,99694,36700,5247,373963,428,1,Vehicle,1781397,60,Rural,0.42,3.75,47.89,Approved
46,Female,Yes,3,Not Graduate,Business,236809,30816,35863,1397937,315,1,Vehicle,187926,60,Rural,0.28,5.9,56.83,Approved
41,Male,Yes,4,Not Graduate,Private,24982,12638,6233,1301561,707,0,Personal,3984284,300,Rural,0.76,52.1,59.76,Rejected
58,Female,No,4,Graduate,Private,46398,8450,9109,1057681,322,1,Personal,2897545,240,Semiurban,0.38,22.8,54.81,Rejected
58,Male,No,3,Graduate,Self Employed,104030,33414,15470,113020,889,1,Education,4229390,300,Rural,0.47,1.09,61.75,Approved
42,Male,No,4,Graduate,Government,72771,41482,12047,316087,828,1,Education,2607462,60,Urban,0.74,4.34,56.33,Rejected
42,Female,Yes,2,Graduate,Self Employed,154793,81697,36540,722887,391,0,Personal,775106,240,Rural,0.76,4.67,39.99,Rejected
52,Female,Yes,2,Graduate,Business,50600,27861,4135,1299355,713,1,Education,3241596,240,Rural,0.63,25.68,64.74,Approved
27,Female,No,2,Graduate,Private,70335,11151,6579,612359,488,1,Home,3309708,300,Rural,0.25,8.71,64.35,Approved
43,Female,Yes,1,Not Graduate,Self Employed,25742,5744,871,895903,860,1,Vehicle,651332,120,Urban,0.26,34.8,81.54,Approved
38,Male,Yes,1,Not Graduate,Private,31597,8326,4401,251779,602,1,Education,530644,180,Urban,0.4,7.97,61.87,Approved
57,Female,Yes,3,Graduate,Private,59484,16453,12790,1200841,665,0,Education,3672159,120,Urban,0.49,20.19,67.19,Rejected
21,Female,Yes,1,Not Graduate,Private,135186,22800,2633,916998,706,1,Vehicle,2400070,300,Rural,0.19,6.78,74.71,Approved
21,Female,No,1,Graduate,Private,139751,47421,15843,1001204,561,1,Personal,4349768,300,Urban,0.45,7.16,61.27,Approved
21,Female,Yes,4,Not Graduate,Government,244215,120902,60499,118193,584,1,Education,1349606,300,Semiurban,0.74,0.48,44.41,Rejected
29,Female,Yes,4,Graduate,Self Employed,248291,60632,29621,1464965,835,0,Personal,2359895,240,Urban,0.36,5.9,77.94,Approved
21,Male,Yes,1,Not Graduate,Self Employed,20709,11283,4599,933452,787,0,Personal,2750844,120,Rural,0.77,45.07,62.8,Rejected
40,Male,No,2,Graduate,Government,31646,7069,5084,1212752,522,0,Personal,281570,120,Semiurban,0.38,38.32,62.94,Rejected
51,Female,Yes,0,Graduate,Business,235733,74078,9634,1052096,324,0,Personal,4412390,60,Rural,0.36,4.46,52.1,Rejected
24,Male,No,1,Graduate,Self Employed,47430,14888,8867,1164954,522,0,Vehicle,2676849,180,Urban,0.5,24.56,60.07,Rejected
56,Male,No,2,Not Graduate,Business,165325,17689,38988,1044373,586,1,Education,3785470,180,Rural,0.34,6.32,65.01,Approved
30,Male,Yes,1,Not Graduate,Business,63275,26934,136,644953,717,1,Education,885091,240,Semiurban,0.43,10.19,71.56,Approved
29,Female,No,4,Not Graduate,Government,126756,62078,26006,187979,453,1,Vehicle,313881,60,Urban,0.69,1.48,37.32,Rejected
48,Male,Yes,1,Not Graduate,Government,238599,32548,6634,1458418,719,0,Education,3432160,120,Rural,0.16,6.11,78.8,Approved
27,Male,No,4,Graduate,Self Employed,212362,28743,6052,799891,874,1,Education,1615016,60,Urban,0.16,3.77,79.96,Approved
24,Female,Yes,0,Not Graduate,Government,231101,14115,38763,284284,587,1,Home,1626820,300,Semiurban,0.23,1.23,60.93,Approved
40,Male,No,3,Not Graduate,Business,58815,23783,13245,835890,426,1,Home,2424301,240,Urban,0.63,14.21,52.4,Rejected
52,Male,Yes,4,Not Graduate,Government,133800,11236,20230,570396,698,0,Personal,1868102,240,Semiurban,0.24,4.26,67.85,Approved
39,Female,No,0,Graduate,Self Employed,198192,67505,13104,600497,451,0,Vehicle,1312911,60,Urban,0.41,3.03,51.83,Rejected
38,Male,No,4,Graduate,Private,134493,54861,20473,1263118,435,0,Education,580711,120,Rural,0.56,9.39,56.69,Rejected
35,Female,Yes,3,Graduate,Private,210634,39733,9370,634200,801,0,Education,2594086,300,Urban,0.23,3.01,73.05,Approved
29,Male,No,3,Graduate,Self Employed,209873,120812,19056,113938,328,1,Vehicle,1467659,180,Urban,0.67,0.54,34.07,Rejected
38,Male,No,2,Not Graduate,Business,127018,56718,7150,1275667,792,0,Personal,854971,120,Rural,0.5,10.04,75.2,Approved
23,Female,Yes,1,Not Graduate,Self Employed,113504,46724,18948,1294368,788,1,Education,2746146,240,Semiurban,0.58,11.4,72.2,Approved
43,Female,No,3,Not Graduate,Self Employed,118862,57004,14456,545977,888,0,Home,2639368,300,Urban,0.6,4.59,65.37,Rejected
46,Female,Yes,1,Graduate,Business,224145,23587,10577,241959,733,1,Vehicle,1774381,120,Rural,0.15,1.08,69.13,Approved
39,Female,Yes,0,Not Graduate,Self Employed,44925,5432,267,605704,885,0,Vehicle,459893,60,Semiurban,0.13,13.48,87.32,Approved
53,Male,Yes,3,Not Graduate,Government,220174,43381,26235,1228982,358,1,Personal,4604095,120,Semiurban,0.32,5.58,56.4,Approved
47,Female,Yes,4,Not Graduate,Government,29533,10256,3758,1140173,521,1,Personal,242829,300,Urban,0.47,38.61,60.1,Rejected
52,Female,Yes,4,Not Graduate,Government,192457,32743,21197,581234,681,0,Home,3705485,180,Urban,0.28,3.02,65.6,Approved
29,Female,Yes,1,Graduate,Business,173538,47115,169,410982,402,0,Personal,3118863,180,Rural,0.27,2.37,51.37,Rejected
43,Female,Yes,2,Graduate,Self Employed,49153,19200,6413,718987,630,0,Education,486461,60,Rural,0.52,14.63,64.33,Rejected
26,Male,No,0,Graduate,Private,163637,10797,16309,326988,663,0,Home,3429538,60,Semiurban,0.17,2.0,65.04,Rejected
38,Male,No,4,Graduate,Government,191527,59843,22146,163634,619,0,Personal,934691,180,Semiurban,0.43,0.85,54.04,Rejected
56,Female,Yes,3,Graduate,Government,149400,35742,31340,40373,477,0,Vehicle,1853040,300,Semiurban,0.45,0.27,44.25,Rejected
43,Male,Yes,2,Not Graduate,Self Employed,140944,34314,5767,426981,409,0,Personal,1802100,60,Rural,0.28,3.03,51.34,Rejected
32,Female,Yes,2,Not Graduate,Self Employed,202750,55885,8397,1278038,413,0,Education,1595979,60,Semiurban,0.32,6.3,59.56,Approved
35,Female,No,0,Not Graduate,Government,40153,14549,6866,246665,434,0,Vehicle,4740660,180,Rural,0.53,6.14,47.18,Rejected
56,Female,No,3,Not Graduate,Private,182288,31226,27896,139304,328,1,Vehicle,4426172,60,Urban,0.32,0.76,43.67,Approved
33,Female,Yes,1,Graduate,Self Employed,183025,41086,4129,939250,658,0,Personal,126964,240,Rural,0.25,5.13,69.42,Approved
43,Female,No,4,Graduate,Business,105961,22099,16733,510713,818,1,Education,840039,120,Urban,0.37,4.82,69.24,Approved
42,Female,Yes,2,Graduate,Self Employed,232863,58931,2746,1483128,363,1,Home,4844778,180,Rural,0.26,6.37,60.24,Approved
54,Female,No,1,Not Graduate,Self Employed,125861,62931,6349,215149,518,1,Home,4454241,240,Urban,0.55,1.71,44.96,Rejected
34,Female,No,2,Not Graduate,Government,50916,26908,1301,390807,385,1,Home,3108045,300,Rural,0.55,7.68,47.88,Rejected
33,Male,No,1,Not Graduate,Private,154149,24542,34904,1082125,423,1,Education,3186596,300,Semiurban,0.39,7.02,57.44,Approved
21,Female,Yes,1,Not Graduate,Business,99961,35166,15230,49100,693,1,Personal,1824998,120,Semiurban,0.5,0.49,50.66,Approved
52,Male,Yes,2,Not Graduate,Private,80762,26306,1455,861314,859,1,Home,2178531,300,Urban,0.34,10.66,81.1,Approved
60,Female,Yes,3,Graduate,Self Employed,71467,40572,4837,492582,412,0,Vehicle,4044803,300,Rural,0.64,6.89,45.89,Rejected
51,Female,No,2,Not Graduate,Self Employed,207858,94112,46514,41156,496,0,Education,4331128,240,Semiurban,0.68,0.2,40.46,Rejected
58,Male,No,4,Not Graduate,Government,234888,51290,39722,1353735,722,1,Vehicle,2487537,300,Urban,0.39,5.76,71.39,Approved
50,Female,Yes,4,Not Graduate,Government,186214,20944,40876,1241772,569,0,Home,3449265,180,Semiurban,0.33,6.67,66.11,Approved
49,Female,Yes,4,Graduate,Government,162181,70860,18570,661160,344,0,Vehicle,3851237,60,Rural,0.55,4.08,43.39,Rejected
32,Male,Yes,4,Not Graduate,Government,143674,23765,23126,1083746,859,0,Vehicle,2300940,120,Semiurban,0.33,7.54,79.22,Approved
28,Male,No,2,Not Graduate,Government,66073,29416,3797,348018,411,1,Vehicle,2686338,240,Semiurban,0.5,5.27,46.36,Rejected
48,Male,No,2,Graduate,Private,225404,106806,30755,59490,610,1,Personal,1476043,120,Semiurban,0.61,0.26,48.35,Rejected
28,Male,No,0,Not Graduate,Private,49088,29009,2249,25492,524,1,Personal,2115270,300,Rural,0.64,0.52,37.19,Rejected
49,Female,Yes,4,Not Graduate,Private,204064,39597,24531,324237,570,0,Vehicle,3138173,300,Rural,0.31,1.59,57.25,Rejected
50,Male,Yes,2,Graduate,Business,223290,127014,23467,338331,473,0,Education,4148332,60,Urban,0.67,1.52,42.77,Rejected
44,Female,No,4,Not Graduate,Business,240738,79680,8916,340818,338,1,Vehicle,4311000,240,Urban,0.37,1.42,46.44,Approved
57,Male,Yes,4,Not Graduate,Self Employed,82472,21283,11995,1428006,541,1,Personal,3694151,120,Urban,0.4,17.32,65.24,Approved
34,Male,Yes,0,Not Graduate,Government,179492,101305,23189,756717,788,1,Home,1212075,300,Semiurban,0.69,4.22,59.83,Approved
28,Female,No,1,Graduate,Business,201069,60463,41635,1001431,576,1,Home,4267646,180,Semiurban,0.51,4.98,58.37,Approved
24,Male,Yes,1,Not Graduate,Self Employed,83790,38850,14007,1410531,355,0,Education,4389596,240,Urban,0.63,16.83,50.2,Rejected
50,Female,No,0,Not Graduate,Private,220517,13749,34827,1324506,864,1,Vehicle,4681815,180,Urban,0.22,6.01,82.62,Approved
32,Female,No,0,Not Graduate,Private,141147,40737,27348,131530,310,0,Vehicle,853925,60,Semiurban,0.48,0.93,36.82,Rejected
56,Male,No,0,Graduate,Business,43263,20623,1415,1244952,575,1,Vehicle,2941183,60,Urban,0.51,28.78,62.0,Rejected
59,Female,Yes,3,Not Graduate,Business,33200,18137,7745,1394139,373,0,Vehicle,2018850,180,Semiurban,0.78,41.99,44.52,Rejected
27,Male,No,2,Not Graduate,Private,238757,73215,41252,73127,440,1,Home,551576,60,Semiurban,0.48,0.31,45.34,Rejected
56,Male,Yes,1,Graduate,Private,175848,50973,12489,243303,376,1,Vehicle,1135041,180,Urban,0.36,1.38,45.69,Approved
30,Male,No,2,Graduate,Self Employed,27642,16261,6534,1017132,376,0,Education,3316346,240,Semiurban,0.82,36.8,43.08,Rejected
21,Male,No,0,Not Graduate,Government,110041,51982,1963,890335,596,0,Vehicle,901034,60,Rural,0.49,8.09,62.37,Rejected
35,Male,No,0,Graduate,Business,210092,41759,2667,962813,320,1,Home,4429842,300,Urban,0.21,4.58,55.45,Approved
41,Male,Yes,3,Graduate,Private,246546,81224,28393,238870,659,1,Home,1400972,180,Rural,0.44,0.97,57.75,Approved
26,Male,Yes,2,Graduate,Business,164757,18629,9065,879914,862,0,Education,3203095,300,Rural,0.17,5.34,80.54,Approved
35,Female,Yes,3,Graduate,Private,242702,112473,51633,1059838,859,1,Education,325640,240,Rural,0.68,4.37,66.33,Approved
38,Female,No,4,Not Graduate,Self Employed,33536,14946,3526,179079,683,1,Education,2871592,300,Urban,0.55,5.34,55.85,Rejected
32,Male,No,2,Not Graduate,Private,21297,8792,4530,657890,636,1,Vehicle,2200904,300,Rural,0.63,30.89,60.35,Rejected
24,Male,Yes,0,Not Graduate,Self Employed,50020,15144,10741,819860,637,0,Home,4765400,240,Urban,0.52,16.39,64.79,Rejected
25,Male,Yes,3,Not Graduate,Government,28277,13367,595,1156787,852,0,Home,4065923,300,Urban,0.49,40.91,74.19,Rejected
28,Male,Yes,2,Not Graduate,Government,153337,90805,17543,591240,559,1,Vehicle,2031912,120,Semiurban,0.71,3.86,47.49,Rejected
46,Female,Yes,0,Graduate,Business,39886,7834,124,1201738,579,1,Home,3472311,180,Rural,0.2,30.13,71.34,Rejected
29,Male,No,2,Not Graduate,Government,98654,57791,14209,372017,311,0,Personal,4572108,300,Rural,0.73,3.77,33.42,Rejected
54,Female,No,2,Graduate,Business,82904,35005,14591,357210,463,0,Vehicle,2834124,240,Rural,0.6,4.31,44.56,Rejected
33,Male,No,4,Graduate,Business,95324,40146,18302,160679,345,1,Home,1300609,240,Semiurban,0.61,1.69,34.12,Rejected
25,Male,Yes,3,Not Graduate,Self Employed,84767,10793,3191,29615,474,1,Home,3913429,180,Rural,0.16,0.35,50.21,Rejected
35,Male,No,4,Not Graduate,Government,202092,50475,43725,152658,602,1,Personal,267800,240,Semiurban,0.47,0.76,52.37,Approved
48,Female,Yes,1,Not Graduate,Government,47289,22196,8271,312934,398,0,Education,3269059,60,Semiurban,0.64,6.62,43.49,Rejected
57,Female,No,4,Not Graduate,Government,85995,14443,12076,478317,748,1,Education,3509733,240,Rural,0.31,5.56,68.56,Approved
36,Male,No,2,Not Graduate,Self Employed,27891,12960,6429,25895,480,1,Home,4256371,120,Urban,0.7,0.93,33.45,Rejected
56,Male,No,3,Graduate,Private,50374,18207,12126,924078,484,1,Education,4482699,120,Semiurban,0.6,18.34,55.46,Rejected
35,Female,Yes,4,Graduate,Business,64599,31018,8882,690723,598,1,Education,125075,240,Rural,0.62,10.69,60.63,Rejected
54,Female,Yes,1,Graduate,Government,195962,113499,48537,491183,493,0,Vehicle,2594285,120,Urban,0.83,2.51,39.96,Rejected
51,Female,Yes,2,Not Graduate,Self Employed,85997,27941,463,603943,619,1,Home,2266001,60,Semiurban,0.33,7.02,65.09,Approved
39,Male,No,1,Graduate,Self Employed,209994,91527,46936,820733,594,0,Education,561120,60,Urban,0.66,3.91,52.84,Rejected
35,Male,No,4,Graduate,Business,239181,120521,17416,272187,419,0,Personal,3670915,240,Urban,0.58,1.14,43.16,Rejected
44,Male,No,3,Graduate,Private,209901,78290,43689,1229498,399,1,Personal,4301023,300,Rural,0.58,5.86,50.41,Approved
21,Female,Yes,2,Graduate,Government,145140,48188,15399,47382,874,1,Education,1323772,120,Semiurban,0.44,0.33,62.16,Approved
59,Female,No,3,Graduate,Business,182341,46301,34214,1470499,746,0,Personal,2824141,60,Urban,0.44,8.06,73.33,Approved
54,Female,No,2,Graduate,Business,200821,55971,22947,151615,747,1,Home,1026812,120,Semiurban,0.39,0.75,60.95,Approved
25,Female,Yes,3,Graduate,Self Employed,52135,21817,6864,996359,361,1,Home,4080959,120,Urban,0.55,19.11,51.63,Rejected
25,Female,No,4,Not Graduate,Business,141268,15253,16151,468784,437,1,Personal,3522916,120,Semiurban,0.22,3.32,55.04,Approved
56,Male,Yes,0,Graduate,Business,198324,36689,25161,311165,680,1,Personal,2894291,120,Rural,0.31,1.57,61.94,Approved
59,Male,Yes,2,Graduate,Self Employed,201636,54792,10832,601664,303,1,Education,3270557,60,Urban,0.33,2.98,47.74,Approved
25,Male,No,0,Not Graduate,Government,227870,103499,6000,1119812,507,0,Education,2819832,120,Semiurban,0.48,4.91,57.06,Rejected
45,Male,No,2,Graduate,Government,165076,14400,36794,1015754,872,1,Personal,2005915,240,Semiurban,0.31,6.15,78.36,Approved
33,Female,Yes,1,Not Graduate,Government,94686,15882,21647,1394091,696,0,Personal,1194145,180,Urban,0.4,14.72,72.83,Approved
41,Male,Yes,1,Graduate,Private,227200,60661,35803,963497,511,0,Personal,3340586,60,Urban,0.42,4.24,57.54,Rejected
31,Female,No,3,Graduate,Self Employed,214672,65505,24084,923655,603,0,Personal,4714514,300,Semiurban,0.42,4.3,61.47,Rejected
44,Male,Yes,3,Graduate,Business,179652,40714,407,414829,807,1,Vehicle,2607438,60,Urban,0.23,2.31,70.8,Approved
36,Male,No,2,Not Graduate,Private,207195,22712,24541,688914,597,1,Home,1518256,300,Semiurban,0.23,3.32,64.63,Approved
25,Female,Yes,1,Not Graduate,Private,58771,16505,14434,671227,840,1,Personal,2072953,120,Rural,0.53,11.42,73.89,Approved
33,Male,Yes,2,Not Graduate,Government,231583,64579,7070,173371,426,0,Education,1271715,120,Rural,0.31,0.75,50.41,Rejected
47,Female,Yes,4,Graduate,Government,75391,29276,5764,328421,378,0,Personal,971091,300,Rural,0.46,4.36,44.58,Rejected
22,Male,Yes,4,Not Graduate,Private,77394,18540,1530,1270558,364,0,Personal,4816577,240,Urban,0.26,16.42,61.49,Rejected
31,Male,Yes,4,Not Graduate,Government,163025,20624,17430,505391,508,1,Education,1603546,300,Urban,0.23,3.1,58.3,Approved
44,Male,No,4,Not Graduate,Self Employed,192750,112503,38861,923597,812,0,Education,3521336,300,Semiurban,0.79,4.79,59.82,Rejected
57,Male,Yes,2,Not Graduate,Self Employed,88489,22916,5193,428662,652,1,Vehicle,4414046,180,Urban,0.32,4.84,62.68,Approved
58,Male,No,0,Graduate,Government,231686,132027,24421,546130,448,0,Vehicle,4750840,300,Rural,0.68,2.36,43.64,Rejected
23,Male,No,3,Not Graduate,Private,236226,110293,12466,1367794,410,1,Education,3095440,300,Semiurban,0.52,5.79,53.66,Approved
47,Male,No,0,Graduate,Business,161236,38049,22307,591360,632,0,Education,3914106,300,Urban,0.37,3.67,60.64,Approved
32,Female,Yes,1,Not Graduate,Business,198880,63319,3814,1072830,372,0,Education,3114558,300,Semiurban,0.34,5.39,55.15,Approved
47,Male,No,2,Not Graduate,Self Employed,117821,40143,19179,133000,837,1,Education,1130889,60,Semiurban,0.5,1.13,59.07,Approved
23,Female,Yes,0,Not Graduate,Government,66110,15928,7014,1353147,647,1,Personal,3262620,180,Rural,0.35,20.47,70.99,Approved
42,Female,Yes,1,Not Graduate,Government,176120,93041,19719,615454,519,1,Personal,2376092,300,Rural,0.64,3.49,47.89,Rejected
39,Female,Yes,4,Graduate,Self Employed,94506,26176,14405,673161,751,1,Home,3726136,120,Semiurban,0.43,7.12,68.52,Approved
59,Male,Yes,4,Not Graduate,Private,189959,108068,3098,472949,734,1,Personal,4002002,240,Semiurban,0.59,2.49,57.64,Approved
48,Female,No,1,Graduate,Business,21700,9641,3739,122587,628,1,Vehicle,349328,60,Rural,0.62,5.65,51.58,Rejected
33,Male,Yes,2,Graduate,Government,221001,66594,47523,291197,798,1,Education,1979631,60,Rural,0.52,1.32,61.45,Approved
53,Female,Yes,2,Graduate,Private,122556,21281,27073,1432949,349,0,Vehicle,4468129,180,Urban,0.39,11.69,58.58,Rejected
45,Male,Yes,1,Graduate,Government,136637,73181,22048,995005,785,1,Education,1283086,60,Semiurban,0.7,7.28,64.01,Approved
39,Male,Yes,0,Graduate,Self Employed,122906,71941,5668,995462,468,1,Home,2645213,60,Urban,0.63,8.1,52.97,Approved
53,Male,No,4,Not Graduate,Self Employed,209516,38571,7082,1162857,376,0,Education,767527,180,Rural,0.22,5.55,59.66,Approved
27,Male,Yes,4,Not Graduate,Private,214008,75561,36723,304024,778,1,Home,2365725,120,Rural,0.52,1.42,60.24,Approved
37,Female,Yes,2,Not Graduate,Government,159459,74294,26338,1345450,850,0,Vehicle,2449479,240,Urban,0.63,8.44,72.1,Approved
50,Female,No,3,Graduate,Business,238629,122218,12127,950154,570,1,Home,1139575,300,Rural,0.56,3.98,55.95,Approved
22,Female,Yes,1,Graduate,Private,131137,63094,6758,1443819,448,0,Vehicle,3074520,180,Urban,0.53,11.01,59.18,Rejected
35,Female,Yes,4,Not Graduate,Self Employed,194033,96938,1327,578534,405,1,Vehicle,4634156,300,Semiurban,0.51,2.98,46.53,Approved
26,Male,No,2,Graduate,Private,83844,29109,18464,78588,708,0,Home,4342459,240,Semiurban,0.57,0.94,49.67,Rejected
41,Female,No,4,Not Graduate,Government,240957,9080,18529,324466,369,0,Education,4460504,300,Semiurban,0.11,1.35,55.29,Rejected
50,Female,Yes,0,Not Graduate,Self Employed,192888,56170,45032,937427,886,0,Home,4239069,300,Rural,0.52,4.86,71.07,Approved
33,Female,Yes,3,Graduate,Self Employed,212933,94138,34965,1266636,487,0,Education,4935584,300,Urban,0.61,5.95,53.87,Rejected
36,Male,Yes,0,Graduate,Self Employed,54158,14190,89,1073466,495,0,Vehicle,1357413,240,Semiurban,0.26,19.82,66.26,Rejected
46,Female,No,2,Not Graduate,Self Employed,201166,30332,47669,383382,448,1,Personal,3165758,180,Rural,0.39,1.91,50.14,Approved
45,Female,No,4,Graduate,Business,171551,48415,17174,1014850,593,0,Personal,338646,120,Rural,0.38,5.92,63.58,Approved
57,Male,Yes,2,Graduate,Self Employed,246909,29661,19410,378200,591,0,Personal,1129682,120,Rural,0.2,1.53,63.24,Rejected
50,Male,No,4,Graduate,Business,236754,13347,51278,1209070,712,1,Vehicle,4224645,120,Rural,0.27,5.11,73.14,Approved
42,Male,No,2,Graduate,Private,59589,5390,7942,297606,387,1,Personal,2867928,240,Urban,0.22,4.99,52.86,Rejected
32,Male,Yes,2,Not Graduate,Government,80533,16059,2755,506624,495,1,Personal,599682,240,Rural,0.23,6.29,60.79,Approved
40,Male,No,2,Graduate,Private,166896,52457,21405,778016,340,1,Home,1570207,60,Urban,0.44,4.66,47.83,Approved
54,Male,Yes,2,Not Graduate,Government,77655,7589,12566,221843,300,1,Vehicle,4175897,60,Semiurban,0.26,2.86,44.37,Rejected
28,Male,No,2,Graduate,Self Employed,91863,11461,12275,238784,426,0,Home,1527318,180,Urban,0.26,2.6,50.06,Rejected
35,Male,No,0,Graduate,Government,53330,13018,2930,418316,461,0,Home,4873859,300,Rural,0.3,7.84,59.34,Rejected
29,Female,Yes,2,Graduate,Self Employed,81198,25771,1186,370845,440,0,Vehicle,811505,240,Urban,0.33,4.57,51.98,Rejected
24,Male,No,1,Graduate,Government,20017,7692,5002,1015419,814,1,Home,4631591,60,Semiurban,0.63,50.73,67.95,Rejected
36,Female,Yes,4,Not Graduate,Government,183797,79844,30692,1281698,850,0,Education,3510534,120,Urban,0.6,6.97,71.03,Approved
27,Male,Yes,2,Not Graduate,Private,211789,19938,28508,1458838,756,0,Personal,2552621,60,Urban,0.23,6.89,78.99,Approved
40,Male,Yes,3,Not Graduate,Business,119729,24089,21222,1321962,330,0,Home,1580033,240,Urban,0.38,11.04,58.1,Approved
48,Female,Yes,4,Graduate,Self Employed,54291,17230,10454,1484204,429,0,Vehicle,3277059,180,Semiurban,0.51,27.34,55.94,Rejected
50,Male,No,3,Graduate,Private,141613,45725,17763,1488716,319,0,Home,282334,180,Rural,0.45,10.51,56.39,Rejected
49,Male,No,1,Graduate,Private,101132,55614,20647,1233283,765,0,Education,1757867,60,Semiurban,0.75,12.19,65.42,Approved
56,Female,No,4,Not Graduate,Government,170565,28977,3980,1419716,439,0,Vehicle,2523584,60,Semiurban,0.19,8.32,67.18,Approved
21,Male,No,0,Not Graduate,Self Employed,225948,133574,34070,1386953,561,1,Personal,941191,180,Semiurban,0.74,6.14,53.99,Approved
29,Male,No,4,Not Graduate,Government,183292,104141,1171,864530,313,1,Vehicle,4658556,120,Rural,0.57,4.72,43.44,Rejected
49,Male,No,3,Graduate,Business,193995,102301,28476,641482,772,0,Education,1321241,300,Urban,0.67,3.31,58.46,Rejected
31,Female,Yes,2,Graduate,Private,90940,28549,7383,412502,857,1,Home,275466,300,Rural,0.4,4.54,68.94,Approved
29,Female,No,4,Graduate,Private,50901,6651,11668,379730,351,1,Home,463118,180,Semiurban,0.36,7.46,51.76,Approved
37,Female,Yes,1,Not Graduate,Business,33578,10581,5868,926696,665,1,Personal,4998353,240,Rural,0.49,27.6,66.2,Rejected
37,Male,No,0,Not Graduate,Business,217223,97762,43809,1344741,608,0,Personal,3220815,180,Semiurban,0.65,6.19,58.54,Rejected
44,Female,Yes,1,Graduate,Government,238814,30663,52834,959435,884,1,Vehicle,2363949,120,Urban,0.35,4.02,76.39,Approved
53,Male,Yes,4,Not Graduate,Self Employed,248901,82570,10176,929192,720,0,Personal,2434091,300,Semiurban,0.37,3.73,68.24,Approved
42,Male,No,3,Not Graduate,Business,37602,19230,3231,1155740,866,0,Personal,212365,180,Rural,0.6,30.74,72.07,Rejected
57,Male,No,0,Graduate,Government,51516,21513,9684,602111,690,0,Home,983253,60,Semiurban,0.61,11.69,64.56,Rejected
45,Female,No,3,Graduate,Self Employed,247495,63349,30,111423,602,0,Home,2782222,300,Urban,0.26,0.45,59.87,Rejected
26,Female,No,2,Graduate,Self Employed,194667,87518,23930,701046,713,1,Personal,2319935,240,Rural,0.57,3.6,59.5,Approved
49,Male,No,4,Graduate,Private,209241,94056,40342,813408,452,1,Education,3935417,180,Rural,0.64,3.89,46.96,Rejected
27,Female,Yes,3,Not Graduate,Self Employed,200215,56548,49234,671541,774,1,Vehicle,214378,240,Urban,0.53,3.35,63.27,Approved
36,Female,No,2,Not Graduate,Government,137339,20177,5520,126765,732,1,Education,4888183,240,Rural,0.19,0.92,64.26,Approved
35,Male,No,4,Not Graduate,Private,79401,25394,9285,431218,733,0,Vehicle,800461,180,Semiurban,0.44,5.43,63.51,Approved
32,Male,No,4,Not Graduate,Self Employed,137266,42971,4535,1058042,520,0,Home,3578836,60,Urban,0.35,7.71,63.64,Rejected
24,Female,No,3,Not Graduate,Government,116388,19071,9265,712097,337,0,Vehicle,4693900,60,Semiurban,0.24,6.12,54.57,Rejected
44,Female,Yes,3,Graduate,Business,120159,44520,18160,1046003,685,0,Vehicle,3890049,240,Semiurban,0.52,8.71,67.01,Rejected
48,Male,Yes,3,Graduate,Private,94214,13537,17608,913954,714,0,Home,4288640,60,Rural,0.33,9.7,74.99,Approved
30,Male,No,1,Not Graduate,Self Employed,216026,129233,22061,922774,728,1,Home,568698,240,Rural,0.7,4.27,58.53,Approved
23,Female,Yes,3,Not Graduate,Private,226464,92329,12797,877202,682,1,Education,730652,180,Semiurban,0.46,3.87,63.19,Approved
48,Female,No,3,Graduate,Self Employed,86885,6836,5125,340920,704,0,Home,1742280,180,Rural,0.14,3.92,68.48,Approved
37,Female,No,1,Not Graduate,Business,175886,16448,29845,912787,577,0,Education,908367,180,Rural,0.26,5.19,65.16,Approved
25,Male,No,3,Graduate,Private,73383,39037,554,1039926,312,0,Home,1071986,180,Semiurban,0.54,14.17,50.62,Rejected
47,Female,Yes,2,Graduate,Private,189704,92752,2639,1127351,636,0,Home,4655754,240,Urban,0.5,5.94,62.65,Approved
46,Female,Yes,2,Not Graduate,Self Employed,214309,79973,5666,143205,343,0,Personal,4651113,300,Semiurban,0.4,0.67,43.17,Rejected
43,Female,Yes,4,Graduate,Business,34415,18220,4858,571888,400,1,Personal,3422010,240,Rural,0.67,16.62,49.04,Rejected
27,Male,Yes,3,Graduate,Business,94474,39483,11450,416470,887,1,Personal,208019,180,Rural,0.54,4.41,65.84,Approved
22,Male,No,3,Not Graduate,Self Employed,114429,39730,23213,540760,354,0,Vehicle,2145362,300,Semiurban,0.55,4.73,43.26,Rejected
25,Male,Yes,3,Graduate,Business,195483,41867,17245,1449219,575,1,Personal,2968263,240,Urban,0.3,7.41,69.13,Approved
24,Male,No,1,Not Graduate,Government,220902,41339,45884,749382,755,0,Vehicle,3185033,240,Semiurban,0.39,3.39,67.33,Approved
35,Female,Yes,0,Not Graduate,Government,56247,21936,1372,872375,500,1,Education,2017464,60,Semiurban,0.41,15.51,62.04,Rejected
36,Male,Yes,4,Not Graduate,Self Employed,164418,87480,16376,837264,884,1,Education,432604,60,Urban,0.63,5.09,67.1,Approved
42,Male,Yes,2,Graduate,Government,242487,117304,10063,1288031,481,0,Vehicle,3498372,120,Urban,0.53,5.31,55.94,Rejected
36,Female,Yes,1,Not Graduate,Self Employed,43182,10669,271,686741,799,1,Home,677646,120,Rural,0.25,15.9,79.64,Approved
55,Female,Yes,3,Graduate,Self Employed,220938,22447,51641,1408657,823,1,Personal,1291365,180,Semiurban,0.34,6.38,78.11,Approved
46,Female,No,1,Graduate,Government,143316,57205,3647,1011654,330,0,Education,441263,300,Rural,0.42,7.06,51.78,Rejected
48,Female,No,2,Graduate,Business,231975,64212,18203,773307,804,0,Education,1047897,180,Rural,0.36,3.33,71.02,Approved
48,Male,Yes,3,Graduate,Self Employed,197968,15630,1132,1470364,380,0,Home,1887211,60,Urban,0.08,7.43,67.12,Approved
33,Male,Yes,3,Not Graduate,Private,132007,71026,18555,935209,534,0,Personal,3548334,300,Urban,0.68,7.08,52.82,Rejected
33,Female,Yes,1,Not Graduate,Private,31502,11559,1194,1074554,651,0,Vehicle,1246182,180,Rural,0.4,34.11,68.05,Rejected
42,Male,Yes,3,Graduate,Private,39125,7136,5119,526687,686,1,Vehicle,4529988,240,Urban,0.31,13.46,72.66,Approved
33,Female,No,3,Not Graduate,Self Employed,212835,57327,34797,279915,512,0,Personal,4195749,120,Semiurban,0.43,1.32,50.91,Rejected
21,Male,No,3,Not Graduate,Self Employed,242559,75452,15217,1074458,649,0,Home,3220707,240,Urban,0.37,4.43,66.19,Approved
39,Female,No,2,Not Graduate,Private,166277,37208,24066,1338921,824,1,Vehicle,1542437,60,Urban,0.37,8.05,78.32,Approved
58,Female,Yes,4,Graduate,Business,223461,41896,44960,964715,570,0,Personal,1106271,300,Semiurban,0.39,4.32,61.25,Rejected
24,Male,No,2,Graduate,Private,192915,97163,47629,1247193,865,1,Education,3886917,240,Urban,0.75,6.46,66.57,Approved
22,Female,Yes,3,Graduate,Private,177884,58896,21989,621710,838,1,Home,1913710,300,Rural,0.45,3.5,67.71,Approved
21,Female,Yes,3,Graduate,Business,136317,15424,25379,1048945,814,0,Vehicle,3825030,300,Urban,0.3,7.69,78.04,Approved
43,Female,No,2,Graduate,Private,117160,38729,6107,559603,894,0,Vehicle,4683330,60,Rural,0.38,4.78,72.49,Approved
49,Female,No,4,Graduate,Government,190609,71413,37557,434552,400,0,Vehicle,4472637,240,Semiurban,0.57,2.28,42.81,Rejected
54,Female,No,3,Graduate,Business,241670,26696,25177,685915,810,0,Vehicle,970044,240,Rural,0.21,2.84,74.9,Approved
49,Female,Yes,0,Not Graduate,Self Employed,127839,30431,28826,282003,721,0,Vehicle,3647231,120,Urban,0.46,2.21,57.66,Rejected
32,Female,No,4,Not Graduate,Business,242147,66004,21968,1017790,864,1,Education,3380694,240,Urban,0.36,4.2,75.59,Approved
48,Male,Yes,1,Graduate,Government,187347,93649,10904,591496,629,1,Personal,3102652,180,Semiurban,0.56,3.16,55.02,Approved
60,Female,No,0,Not Graduate,Government,176773,82900,26940,1085201,508,0,Education,3614594,120,Rural,0.62,6.14,53.29,Rejected
58,Male,Yes,1,Not Graduate,Government,27244,11122,4851,888254,311,0,Home,1994716,300,Rural,0.59,32.6,47.32,Rejected
22,Female,No,1,Graduate,Self Employed,226212,130864,12023,280314,579,0,Education,2747731,300,Rural,0.63,1.24,48.31,Rejected
27,Male,No,1,Not Graduate,Self Employed,215173,85522,48801,945806,366,1,Personal,1098339,180,Rural,0.62,4.4,44.94,Rejected
49,Female,No,0,Not Graduate,Private,50487,27540,5175,1300713,503,0,Education,1293930,240,Rural,0.65,25.76,54.94,Rejected
46,Male,Yes,4,Graduate,Private,166420,35213,18382,1445016,574,0,Home,3738134,60,Rural,0.32,8.68,69.87,Approved
53,Male,No,4,Not Graduate,Business,186243,88885,13914,795809,612,0,Vehicle,4701919,180,Urban,0.55,4.27,56.64,Rejected
21,Female,No,2,Graduate,Self Employed,121878,66293,21945,720993,743,1,Vehicle,2008461,300,Semiurban,0.72,5.92,58.01,Approved
47,Male,No,2,Graduate,Private,196277,45197,5710,429223,507,1,Home,1677889,120,Semiurban,0.26,2.19,56.98,Approved
40,Male,Yes,4,Not Graduate,Business,95117,41833,18696,136130,449,0,Vehicle,1278381,240,Urban,0.64,1.43,37.53,Rejected
43,Male,Yes,0,Not Graduate,Self Employed,195120,71432,28049,549386,582,0,Education,765137,120,Urban,0.51,2.82,54.01,Rejected
41,Male,No,0,Graduate,Government,170699,11247,24685,340995,592,1,Vehicle,1376662,60,Rural,0.21,2.0,60.82,Approved
29,Male,No,3,Graduate,Business,96134,19345,15109,879993,456,0,Personal,3655446,240,Semiurban,0.36,9.15,61.67,Rejected
37,Female,No,3,Not Graduate,Government,69713,33860,1572,932424,348,0,Personal,4847744,180,Rural,0.51,13.38,53.01,Rejected
44,Female,No,1,Graduate,Business,223221,96836,29694,1175244,561,0,Education,880216,60,Semiurban,0.57,5.26,57.39,Rejected
25,Female,No,4,Graduate,Government,208177,99294,30961,1156064,382,1,Vehicle,4335310,60,Semiurban,0.63,5.55,47.64,Approved
56,Male,No,1,Graduate,Private,142289,72940,17519,129601,815,1,Personal,4924027,180,Semiurban,0.64,0.91,54.66,Rejected
26,Female,No,1,Graduate,Government,32806,18573,304,551817,798,0,Vehicle,473788,240,Rural,0.58,16.82,69.52,Rejected
42,Female,No,4,Graduate,Government,70774,34111,135,1146510,726,0,Vehicle,3648557,120,Rural,0.48,16.2,70.58,Rejected
26,Male,Yes,3,Not Graduate,Private,76946,35858,16590,417048,756,1,Home,2088119,60,Rural,0.68,5.42,57.07,Approved
38,Female,Yes,0,Graduate,Self Employed,199675,7359,48993,786369,716,0,Home,3480151,240,Rural,0.28,3.94,69.22,Approved
31,Male,No,1,Graduate,Government,80844,23946,4635,223337,557,1,Education,2022686,60,Urban,0.35,2.76,52.91,Approved
58,Female,Yes,4,Graduate,Government,164436,7337,13246,260981,700,1,Home,3159466,300,Urban,0.13,1.59,67.11,Approved
33,Female,Yes,3,Graduate,Self Employed,212334,41944,29269,1110946,835,0,Vehicle,2878928,300,Urban,0.34,5.23,76.01,Approved
59,Female,Yes,1,Graduate,Government,226598,69432,9737,424580,433,0,Home,1635864,240,Semiurban,0.35,1.87,51.57,Rejected
40,Male,Yes,4,Not Graduate,Government,117636,46798,9358,600265,327,1,Vehicle,4179301,180,Semiurban,0.48,5.1,45.12,Approved
33,Male,No,0,Graduate,Self Employed,238648,15633,53244,1009947,335,0,Vehicle,4997858,300,Urban,0.29,4.23,54.24,Rejected
38,Male,Yes,3,Graduate,Self Employed,234519,125356,33699,1194817,730,1,Vehicle,1808939,240,Urban,0.68,5.09,61.67,Approved
21,Female,No,2,Not Graduate,Self Employed,179019,41957,9154,1050685,678,0,Education,1900311,240,Urban,0.29,5.87,70.47,Approved
31,Female,No,1,Not Graduate,Private,87031,25468,8977,1204142,787,0,Home,1433848,240,Rural,0.4,13.84,76.59,Approved
41,Male,No,1,Not Graduate,Private,249423,17192,3940,1225910,398,0,Vehicle,4386138,180,Urban,0.08,4.91,64.95,Rejected
40,Male,Yes,4,Not Graduate,Government,153170,80479,23241,505095,819,1,Personal,3751409,180,Urban,0.68,3.3,58.81,Approved
25,Male,No,2,Not Graduate,Self Employed,165943,22072,28079,476880,802,1,Home,2305377,240,Urban,0.3,2.87,68.96,Approved
21,Female,Yes,0,Graduate,Business,194906,44336,31744,1287416,591,0,Vehicle,419391,180,Urban,0.39,6.61,65.56,Approved
42,Female,Yes,3,Graduate,Private,106532,32513,20759,348039,772,0,Education,732717,60,Rural,0.5,3.27,60.1,Approved
44,Male,Yes,4,Graduate,Self Employed,231321,32498,40638,1328548,672,0,Education,1352349,300,Urban,0.32,5.74,71.12,Approved
50,Female,No,0,Not Graduate,Self Employed,171373,62857,23823,1387383,517,0,Personal,3141201,180,Semiurban,0.51,8.1,60.85,Rejected
25,Female,No,1,Graduate,Private,156195,75065,15394,818964,772,0,Personal,3917815,180,Urban,0.58,5.24,63.67,Approved
56,Female,Yes,4,Not Graduate,Business,148330,17581,35513,1156794,770,0,Home,536066,240,Semiurban,0.36,7.8,75.01,Approved
43,Female,No,0,Not Graduate,Business,245376,71104,6572,422169,306,0,Home,1450507,120,Urban,0.32,1.72,47.36,Rejected
47,Female,No,1,Graduate,Self Employed,190644,61122,31988,370676,813,0,Education,812191,300,Rural,0.49,1.94,63.0,Rejected
40,Male,Yes,1,Graduate,Self Employed,72755,38484,149,380443,746,1,Home,4790668,60,Urban,0.53,5.23,60.59,Approved
25,Female,Yes,1,Graduate,Self Employed,102684,47096,25662,1113502,387,1,Education,1564695,300,Rural,0.71,10.84,50.05,Approved
32,Female,No,4,Graduate,Self Employed,81368,32223,17406,234553,430,0,Personal,2829543,120,Urban,0.61,2.88,39.83,Rejected
41,Male,No,0,Graduate,Government,186486,16621,35352,1349423,409,0,Home,239027,240,Urban,0.28,7.24,61.75,Approved
54,Male,Yes,1,Graduate,Government,55705,13647,10248,426946,725,1,Home,898073,60,Urban,0.43,7.66,66.91,Approved
23,Female,No,2,Graduate,Government,210163,50615,46129,117434,335,0,Personal,3971383,60,Semiurban,0.46,0.56,40.6,Rejected
53,Male,No,0,Graduate,Government,239440,89629,1523,1402794,610,0,Home,1455604,180,Urban,0.38,5.86,66.99,Approved
25,Male,Yes,4,Not Graduate,Business,35720,10954,6476,990474,342,0,Personal,4168628,120,Rural,0.49,27.73,51.99,Rejected
21,Female,Yes,2,Graduate,Self Employed,48172,24671,1527,76091,582,1,Personal,2641676,60,Semiurban,0.54,1.58,44.64,Rejected
45,Male,No,2,Not Graduate,Government,31044,14273,2861,1175054,532,1,Home,2946346,300,Urban,0.55,37.85,58.33,Rejected
31,Female,No,1,Not Graduate,Private,98951,35998,20123,1305343,357,1,Home,2025640,120,Rural,0.57,13.19,52.81,Approved
40,Female,No,0,Graduate,Self Employed,164350,30329,23334,894397,496,1,Vehicle,394380,180,Rural,0.33,5.44,59.71,Approved
42,Male,Yes,4,Not Graduate,Business,138018,67279,5561,997543,323,1,Education,3126990,240,Semiurban,0.53,7.23,48.5,Approved
48,Male,No,0,Graduate,Self Employed,47109,6105,4670,371852,333,0,Personal,4065881,120,Rural,0.23,7.89,55.61,Rejected
43,Male,No,4,Graduate,Government,104378,45802,15299,1134833,321,0,Education,4808487,240,Urban,0.59,10.87,50.88,Rejected
48,Male,Yes,4,Not Graduate,Private,88318,51801,15281,696328,622,0,Education,2596050,300,Urban,0.76,7.88,54.16,Rejected
37,Female,No,1,Not Graduate,Business,127666,27038,13103,846461,478,1,Home,2984137,60,Rural,0.31,6.63,60.18,Approved
54,Male,Yes,4,Graduate,Private,93216,50913,20175,1362346,611,0,Vehicle,2928445,120,Rural,0.76,14.61,58.01,Rejected
60,Male,No,3,Not Graduate,Self Employed,43334,11232,6054,1128602,721,0,Education,295681,60,Urban,0.4,26.04,71.81,Approved
34,Male,Yes,1,Not Graduate,Self Employed,37694,20451,7556,1406574,837,0,Home,590174,300,Urban,0.74,37.32,66.42,Rejected
49,Female,Yes,2,Not Graduate,Government,233819,18581,39721,1354750,305,1,Home,2878107,60,Rural,0.25,5.79,57.02,Approved
38,Female,No,3,Graduate,Business,246876,5489,27281,1094018,880,0,Home,3148202,180,Rural,0.13,4.43,83.87,Approved
31,Female,Yes,3,Not Graduate,Government,135848,6449,17241,251261,895,0,Home,2350124,60,Semiurban,0.17,1.85,73.68,Approved
27,Female,No,1,Graduate,Self Employed,169444,87982,28863,490425,332,0,Vehicle,1981908,120,Urban,0.69,2.89,36.63,Rejected
28,Male,No,0,Not Graduate,Business,137467,7563,16932,1117786,681,1,Personal,1530863,120,Urban,0.18,8.13,76.68,Approved
36,Female,No,2,Not Graduate,Government,244147,95311,59828,803432,666,0,Home,4071353,60,Semiurban,0.64,3.29,56.88,Rejected
22,Male,No,2,Graduate,Private,134344,75505,9485,125812,383,0,Personal,1311806,60,Semiurban,0.63,0.94,35.29,Rejected
30,Female,Yes,0,Not Graduate,Self Employed,199634,66842,37523,775336,804,1,Education,972240,300,Semiurban,0.52,3.88,65.8,Approved
59,Female,Yes,2,Graduate,Government,134353,66111,16036,898802,650,1,Vehicle,1341596,120,Urban,0.61,6.69,59.3,Approved
43,Male,Yes,0,Graduate,Self Employed,154365,30947,5133,488382,637,1,Personal,593096,300,Rural,0.23,3.16,63.8,Approved
33,Female,No,0,Not Graduate,Self Employed,114502,38233,16621,189877,838,0,Education,3268327,60,Semiurban,0.48,1.66,60.77,Rejected
25,Female,Yes,1,Not Graduate,Business,200594,12251,29540,731840,853,1,Home,1078939,240,Rural,0.21,3.65,76.98,Approved
31,Female,No,0,Graduate,Business,193396,40808,20111,444375,581,0,Home,4440853,300,Semiurban,0.31,2.3,58.7,Rejected
41,Male,Yes,4,Not Graduate,Self Employed,48378,21007,5141,925849,686,0,Vehicle,4209130,300,Urban,0.54,19.14,66.21,Rejected
33,Male,No,4,Graduate,Private,35990,5312,7662,437553,866,1,Vehicle,2531573,120,Semiurban,0.36,12.16,79.11,Approved
21,Male,Yes,1,Not Graduate,Private,157635,84850,30082,1369309,439,0,Vehicle,4899072,240,Semiurban,0.73,8.69,51.32,Rejected
26,Male,No,4,Not Graduate,Self Employed,188716,94254,25006,101497,398,0,Personal,286829,300,Rural,0.63,0.54,37.35,Rejected
48,Male,No,2,Graduate,Government,52320,15290,12360,1042728,408,0,Education,2915254,120,Urban,0.53,19.93,54.37,Rejected
50,Male,Yes,3,Not Graduate,Self Employed,130929,62182,11709,885468,674,1,Personal,2477851,120,Rural,0.56,6.76,61.79,Approved
58,Male,Yes,1,Not Graduate,Business,172856,64144,12685,899834,606,1,Education,4258411,60,Urban,0.44,5.21,60.92,Approved
26,Male,No,4,Not Graduate,Self Employed,187754,44429,4900,684240,660,1,Home,1116761,120,Urban,0.26,3.64,66.25,Approved
60,Male,Yes,4,Not Graduate,Private,230416,17543,11063,1062136,463,1,Education,4174679,120,Urban,0.12,4.61,65.29,Approved
22,Female,Yes,0,Graduate,Business,27264,15514,5830,487121,493,1,Education,4456641,300,Semiurban,0.78,17.87,49.52,Rejected
59,Female,Yes,3,Graduate,Self Employed,144683,68084,18293,631543,802,0,Home,2531710,180,Semiurban,0.6,4.37,62.25,Approved
28,Female,No,2,Not Graduate,Business,144680,25620,29924,1450589,711,0,Vehicle,679091,120,Rural,0.38,10.03,75.87,Approved
26,Female,No,0,Not Graduate,Government,120981,42570,8902,660060,489,0,Education,1888343,120,Semiurban,0.43,5.46,54.72,Rejected
52,Male,Yes,2,Graduate,Business,104465,52410,23264,578600,780,0,Home,516487,60,Semiurban,0.72,5.54,58.19,Approved
35,Male,No,4,Graduate,Government,119782,28759,8846,305734,551,1,Education,3386251,240,Semiurban,0.31,2.55,54.97,Approved
33,Male,Yes,4,Graduate,Self Employed,203830,49636,39795,1213040,352,1,Vehicle,1082441,300,Rural,0.44,5.95,52.54,Approved
40,Male,No,3,Not Graduate,Government,37495,22333,8550,18422,537,1,Education,3890213,60,Rural,0.82,0.49,31.64,Rejected
22,Female,Yes,3,Graduate,Business,148558,36265,33500,162963,330,1,Home,4279750,60,Rural,0.47,1.1,38.71,Rejected
49,Male,Yes,4,Not Graduate,Government,167065,21739,8970,834815,366,1,Home,2672922,60,Semiurban,0.18,5.0,57.43,Approved
39,Female,No,4,Not Graduate,Government,217997,19665,31197,738163,474,1,Personal,165949,60,Semiurban,0.23,3.39,59.56,Approved
44,Female,Yes,2,Graduate,Business,137937,76853,7544,615070,395,0,Education,4172686,60,Urban,0.61,4.46,43.64,Rejected
44,Male,Yes,4,Not Graduate,Private,193508,75625,15644,1239420,472,0,Home,2120017,300,Rural,0.47,6.41,57.38,Rejected
28,Male,No,2,Graduate,Government,225195,69977,16516,478618,446,1,Home,4601280,180,Urban,0.38,2.13,51.56,Approved
31,Male,No,3,Graduate,Private,103744,29708,15528,300640,585,1,Home,2496845,240,Urban,0.44,2.9,52.86,Approved
29,Male,No,2,Not Graduate,Private,151473,37431,16054,469880,612,0,Home,3277369,60,Rural,0.35,3.1,58.87,Approved
34,Male,Yes,1,Not Graduate,Business,118427,18146,16347,1374060,662,0,Vehicle,2382544,60,Semiurban,0.29,11.6,75.42,Approved
35,Male,Yes,4,Graduate,Private,95754,52944,21611,308354,586,0,Home,3768541,120,Semiurban,0.78,3.22,42.96,Rejected
59,Female,No,1,Graduate,Private,59047,6020,12464,1309367,525,1,Vehicle,4690454,60,Urban,0.31,22.17,66.3,Approved
59,Male,Yes,3,Not Graduate,Self Employed,159880,53201,5438,587952,657,1,Vehicle,2714568,180,Semiurban,0.37,3.68,61.95,Approved
40,Male,No,1,Not Graduate,Private,132292,78682,12331,353049,536,0,Vehicle,4571029,120,Urban,0.69,2.67,43.81,Rejected
52,Female,No,3,Graduate,Self Employed,161917,49600,6053,496248,500,0,Personal,3366436,180,Urban,0.34,3.06,54.52,Rejected
28,Male,No,2,Not Graduate,Self Employed,202108,102311,40329,803118,755,1,Education,392947,180,Semiurban,0.71,3.97,58.41,Approved
27,Female,Yes,2,Graduate,Private,80291,19844,7612,777672,704,0,Vehicle,2924999,60,Urban,0.34,9.69,73.61,Approved
34,Female,No,0,Graduate,Private,211025,39128,5450,173663,538,1,Home,1264932,60,Rural,0.21,0.82,57.66,Approved
29,Male,Yes,0,Not Graduate,Private,234706,50861,55706,274432,740,0,Education,4621005,240,Rural,0.45,1.17,60.99,Rejected
56,Female,No,1,Graduate,Self Employed,24323,11769,2325,1150717,852,1,Home,4374991,240,Semiurban,0.58,47.31,71.46,Approved
48,Male,Yes,4,Not Graduate,Government,42652,5589,2108,1306702,838,1,Home,4512584,120,Semiurban,0.18,30.64,83.54,Approved
21,Male,Yes,3,Not Graduate,Private,53685,25240,11780,824872,596,1,Home,1152977,60,Rural,0.69,15.37,57.95,Rejected
26,Male,Yes,3,Not Graduate,Private,72838,16250,7770,1269395,701,0,Personal,4781588,240,Semiurban,0.33,17.43,74.18,Approved
40,Male,Yes,2,Graduate,Self Employed,96920,50984,21914,538725,722,1,Home,1709570,300,Semiurban,0.75,5.56,54.52,Approved
44,Female,Yes,3,Graduate,Government,158161,6936,233,601002,766,0,Home,1671401,120,Semiurban,0.05,3.8,76.61,Approved
23,Male,No,1,Graduate,Private,201974,40047,40608,973675,551,0,Personal,3162952,120,Rural,0.4,4.82,60.23,Rejected
54,Male,Yes,1,Graduate,Business,248953,76405,10570,1064613,448,0,Education,1144790,240,Urban,0.35,4.28,57.94,Rejected
26,Male,No,1,Graduate,Private,37975,9142,1548,92240,399,1,Personal,147696,240,Urban,0.28,2.43,45.67,Rejected
59,Female,No,4,Not Graduate,Government,93795,49177,20973,333851,334,1,Education,3500519,240,Rural,0.75,3.56,33.28,Rejected
36,Male,Yes,0,Not Graduate,Business,72727,10028,9124,302783,437,0,Education,2843334,120,Urban,0.26,4.16,52.76,Rejected
51,Male,No,3,Graduate,Business,23397,12894,3096,329736,500,0,Home,3944847,180,Urban,0.68,14.09,52.66,Rejected
58,Female,No,2,Graduate,Government,149910,42549,14033,880709,309,0,Education,785468,240,Rural,0.38,5.87,50.16,Approved
53,Female,No,1,Graduate,Self Employed,72455,35483,5329,328760,623,1,Vehicle,4673880,180,Rural,0.56,4.54,52.76,Rejected
36,Female,Yes,4,Graduate,Self Employed,236091,13559,6701,454025,825,0,Personal,1304572,300,Semiurban,0.09,1.92,77.38,Approved
49,Male,Yes,1,Graduate,Business,158877,61278,8931,459494,580,0,Home,2010038,180,Urban,0.44,2.89,54.66,Rejected
30,Female,No,0,Graduate,Government,87774,46674,9000,305949,496,0,Vehicle,3296323,240,Semiurban,0.63,3.49,43.5,Rejected
49,Female,No,0,Not Graduate,Government,185750,88605,9916,759025,427,1,Vehicle,2097314,180,Urban,0.53,4.09,48.67,Approved
28,Male,No,1,Graduate,Government,85255,11571,14262,1278094,721,1,Education,3723381,300,Urban,0.3,14.99,76.36,Approved
30,Female,No,2,Not Graduate,Government,185101,87127,6732,944083,734,1,Personal,1336210,180,Semiurban,0.51,5.1,65.01,Approved
45,Female,No,3,Not Graduate,Business,225732,61076,36935,340516,743,1,Personal,1634961,300,Urban,0.43,1.51,62.04,Approved
51,Female,No,3,Not Graduate,Private,107045,51788,9533,667312,779,1,Home,2569944,180,Semiurban,0.57,6.23,64.19,Approved
56,Male,Yes,0,Graduate,Private,148546,55643,33535,528334,670,0,Personal,2067397,240,Urban,0.6,3.56,54.82,Rejected
37,Male,Yes,2,Not Graduate,Business,79584,25517,5189,149464,804,0,Vehicle,4086823,120,Semiurban,0.39,1.88,61.1,Rejected
52,Female,Yes,0,Graduate,Private,209127,102888,3208,413313,339,1,Home,1784198,60,Semiurban,0.51,1.98,42.16,Rejected
50,Male,Yes,0,Graduate,Government,240238,99471,57774,419142,484,0,Vehicle,622855,300,Rural,0.65,1.74,44.97,Rejected
42,Female,No,0,Not Graduate,Private,147279,21088,36514,268857,352,1,Home,694191,300,Rural,0.39,1.83,43.45,Approved
44,Female,No,4,Graduate,Self Employed,121971,63977,29243,809814,577,1,Home,376431,240,Semiurban,0.76,6.64,50.87,Approved
25,Female,No,0,Graduate,Self Employed,103680,62021,8194,1009178,501,1,Personal,2386504,120,Rural,0.68,9.73,55.56,Approved
25,Female,Yes,2,Graduate,Private,165469,63962,28737,1118551,804,0,Personal,152319,300,Rural,0.56,6.76,69.07,Approved
42,Female,No,0,Not Graduate,Private,231201,94263,40992,1005757,708,0,Home,4419778,60,Urban,0.59,4.35,61.86,Approved
33,Female,No,1,Graduate,Self Employed,32237,11435,1266,21970,511,1,Education,570683,120,Rural,0.39,0.68,43.54,Rejected
23,Female,Yes,3,Graduate,Self Employed,82211,30926,13738,1136337,344,0,Personal,3743746,300,Rural,0.54,13.82,52.28,Rejected
49,Female,Yes,3,Graduate,Business,120788,61566,714,102972,644,1,Home,643691,300,Rural,0.52,0.85,49.69,Approved
38,Male,No,2,Graduate,Self Employed,42392,16927,10118,101534,491,1,Home,3593925,120,Urban,0.64,2.4,39.17,Rejected
41,Female,No,3,Not Graduate,Government,182521,39193,22596,1338095,344,0,Education,3319843,60,Urban,0.34,7.33,57.1,Approved
47,Male,No,0,Graduate,Self Employed,249942,25488,59687,882501,879,0,Personal,2158312,120,Urban,0.34,3.53,75.9,Approved
45,Male,No,2,Graduate,Government,90457,48643,7194,406075,482,1,Vehicle,2426673,180,Semiurban,0.62,4.49,45.5,Rejected
53,Male,No,2,Not Graduate,Self Employed,45148,15757,2590,1342775,816,1,Personal,2850241,300,Urban,0.41,29.74,75.88,Approved
44,Female,No,2,Graduate,Self Employed,201146,113402,38510,539101,884,0,Education,344837,240,Urban,0.76,2.68,60.04,Rejected
55,Male,Yes,2,Not Graduate,Government,122999,9017,5089,1469776,843,0,Home,2327532,300,Rural,0.11,11.95,88.95,Approved
49,Male,No,3,Graduate,Self Employed,147977,50794,25726,700670,333,0,Personal,1631458,60,Rural,0.52,4.73,44.68,Rejected
57,Female,No,3,Not Graduate,Self Employed,21835,10336,2541,1456173,870,1,Personal,788396,240,Semiurban,0.59,66.69,71.85,Approved
46,Male,Yes,2,Not Graduate,Self Employed,55260,15886,6753,1230580,655,0,Home,3218045,60,Semiurban,0.41,22.27,69.03,Rejected
29,Male,Yes,3,Graduate,Business,66935,14970,9581,1056760,593,1,Education,4474357,180,Urban,0.37,15.79,68.03,Approved
34,Female,Yes,4,Not Graduate,Government,188129,41041,17470,798874,537,1,Personal,457116,120,Semiurban,0.31,4.25,60.55,Approved
29,Male,No,0,Not Graduate,Government,47685,9389,1789,388654,341,1,Vehicle,666139,300,Urban,0.23,8.15,56.33,Approved
46,Male,No,1,Graduate,Private,200324,44507,38347,545268,734,0,Education,4396097,60,Rural,0.41,2.72,63.67,Approved
53,Male,No,1,Graduate,Private,162634,49899,10729,290871,470,0,Personal,649549,180,Urban,0.37,1.79,49.79,Rejected
35,Male,Yes,2,Not Graduate,Self Employed,234356,123520,41281,27904,563,0,Personal,1559133,60,Semiurban,0.7,0.12,43.54,Rejected
23,Female,Yes,4,Not Graduate,Business,84093,15939,16854,590651,655,0,Home,4828587,120,Rural,0.39,7.02,64.82,Approved
50,Female,Yes,0,Graduate,Self Employed,96705,42480,2627,561049,840,1,Education,2458103,120,Semiurban,0.47,5.8,68.81,Approved
34,Male,Yes,4,Graduate,Government,238403,31573,34940,1187501,797,0,Education,4664405,120,Urban,0.28,4.98,76.55,Approved
57,Male,No,0,Graduate,Government,118934,27650,27615,1079075,320,0,Education,4635565,60,Semiurban,0.46,9.07,53.19,Rejected
36,Male,Yes,4,Not Graduate,Business,184076,89627,42022,77105,765,1,Home,722245,300,Rural,0.72,0.42,50.75,Approved
60,Male,No,3,Not Graduate,Government,194040,48808,27897,768473,679,0,Vehicle,292876,60,Urban,0.4,3.96,64.0,Approved
48,Female,Yes,3,Graduate,Self Employed,55338,31240,7493,943206,625,0,Vehicle,2273299,120,Rural,0.7,17.04,58.99,Rejected
26,Female,Yes,0,Not Graduate,Government,93140,51827,5641,1377365,418,1,Home,4852865,120,Urban,0.62,14.79,53.79,Rejected
22,Female,No,4,Graduate,Private,172513,39934,27046,1166605,779,1,Personal,3519779,240,Urban,0.39,6.76,73.4,Approved
28,Female,No,0,Graduate,Government,237832,10331,55492,1212784,460,0,Education,2037048,240,Rural,0.28,5.1,61.85,Approved
48,Female,No,2,Not Graduate,Government,179494,49035,21715,1021944,469,0,Home,2325799,60,Rural,0.39,5.69,57.59,Approved
35,Female,No,0,Not Graduate,Self Employed,150158,89167,15077,1370365,788,0,Education,1528698,180,Rural,0.69,9.13,68.45,Approved
22,Female,Yes,2,Graduate,Government,61010,30291,1921,1473491,668,0,Personal,354458,300,Rural,0.53,24.15,66.29,Rejected
59,Male,Yes,4,Graduate,Business,157044,61693,6158,467195,385,0,Personal,1694343,180,Rural,0.43,2.97,46.38,Rejected
22,Female,No,0,Graduate,Government,63537,8792,15356,1447699,559,1,Home,4389801,240,Rural,0.38,22.79,65.98,Approved
44,Female,Yes,4,Not Graduate,Business,85500,26346,9030,829894,859,0,Education,3323441,120,Urban,0.41,9.71,78.6,Approved
24,Male,Yes,3,Graduate,Self Employed,71550,35510,11274,1013280,336,0,Vehicle,634693,300,Rural,0.65,14.16,48.18,Rejected
21,Female,No,4,Graduate,Private,222091,60937,34500,398131,720,0,Vehicle,2640533,240,Semiurban,0.43,1.79,61.58,Rejected
43,Female,No,2,Graduate,Government,36149,6439,2226,870277,738,1,Vehicle,1632334,240,Semiurban,0.24,24.07,77.05,Approved
49,Male,No,4,Graduate,Private,117755,50835,4306,1309757,400,1,Vehicle,1800734,300,Semiurban,0.47,11.12,58.44,Approved
57,Female,No,3,Not Graduate,Government,37225,15936,9032,1366075,722,1,Vehicle,4945609,120,Semiurban,0.67,36.7,63.46,Rejected
31,Female,No,2,Graduate,Private,240128,44058,17981,71253,441,0,Personal,4474228,300,Rural,0.26,0.3,52.05,Rejected
25,Male,Yes,4,Not Graduate,Private,181291,62673,6893,666325,337,0,Personal,1346075,120,Rural,0.38,3.68,48.07,Rejected
40,Male,No,1,Graduate,Government,249870,84336,2652,264913,752,1,Vehicle,918733,300,Urban,0.35,1.06,65.09,Approved
53,Male,Yes,2,Not Graduate,Government,49312,5199,9675,904919,762,0,Home,2583968,300,Urban,0.3,18.35,76.79,Rejected
25,Female,Yes,2,Not Graduate,Self Employed,141444,59291,9373,1285179,783,1,Education,3798920,300,Urban,0.49,9.09,74.07,Approved
21,Female,Yes,0,Not Graduate,Private,39212,9466,7925,1276065,328,0,Education,4403172,180,Semiurban,0.44,32.54,52.84,Rejected
39,Male,No,1,Not Graduate,Business,193372,62937,25364,410080,674,1,Home,914824,60,Urban,0.46,2.12,58.23,Approved
34,Female,No,4,Graduate,Business,167231,55151,30787,584850,627,1,Vehicle,2719720,120,Urban,0.51,3.5,56.13,Approved
34,Male,Yes,2,Not Graduate,Government,73193,32521,16386,399326,524,0,Home,387536,180,Semiurban,0.67,5.46,47.08,Rejected
21,Female,No,3,Not Graduate,Government,143257,22470,18859,1118601,346,0,Education,4153637,60,Semiurban,0.29,7.81,58.07,Rejected
59,Male,No,4,Graduate,Business,203200,25935,32127,957206,408,0,Vehicle,1459995,240,Semiurban,0.29,4.71,57.11,Rejected
21,Female,Yes,3,Graduate,Private,69110,7327,9954,128839,707,0,Home,1532496,120,Semiurban,0.25,1.86,60.41,Rejected
32,Male,No,4,Graduate,Government,226913,26511,13902,65246,786,0,Education,3350915,60,Rural,0.18,0.29,69.24,Approved
46,Female,Yes,4,Not Graduate,Self Employed,226299,132337,38927,929237,836,0,Education,1552645,240,Semiurban,0.76,4.11,61.72,Rejected
52,Male,No,0,Not Graduate,Private,126691,52655,19024,1043866,342,0,Education,1905282,120,Urban,0.57,8.24,49.77,Rejected
29,Female,Yes,1,Graduate,Business,52330,30328,10175,941467,319,1,Home,3947843,120,Urban,0.77,17.99,43.05,Rejected
48,Female,Yes,2,Graduate,Business,57886,19133,7998,1099663,724,0,Education,4296128,180,Urban,0.47,19.0,70.43,Rejected
41,Female,No,0,Graduate,Government,126886,18876,4150,801774,824,1,Home,4041868,60,Urban,0.18,6.32,78.89,Approved
38,Female,No,3,Graduate,Business,157982,89947,8227,1043157,868,0,Home,3098452,300,Rural,0.62,6.6,69.46,Approved
35,Male,Yes,4,Not Graduate,Private,130037,70730,13781,567748,462,0,Vehicle,667749,60,Rural,0.65,4.37,44.97,Rejected
29,Female,Yes,0,Graduate,Private,158270,24776,31405,1031665,622,1,Vehicle,1703181,300,Rural,0.35,6.52,66.36,Approved
56,Male,No,3,Not Graduate,Private,230071,46104,27627,654076,465,1,Education,3876366,240,Urban,0.32,2.84,55.94,Approved
22,Male,No,1,Graduate,Business,192643,22929,31837,1425804,574,0,Vehicle,413852,240,Urban,0.28,7.4,69.49,Approved
46,Male,No,3,Not Graduate,Business,146045,74273,20157,1104159,744,0,Vehicle,3320346,180,Urban,0.65,7.56,64.63,Approved
35,Male,Yes,3,Not Graduate,Self Employed,224073,10814,47460,331869,807,0,Vehicle,2898009,60,Urban,0.26,1.48,69.99,Approved
43,Female,Yes,4,Graduate,Government,192285,39143,34100,39718,711,0,Personal,3699635,180,Rural,0.38,0.21,58.28,Approved
44,Male,Yes,3,Graduate,Private,132713,27495,14860,1005787,630,0,Vehicle,2565500,120,Urban,0.32,7.58,68.89,Approved
32,Female,Yes,1,Not Graduate,Business,121994,28897,9281,126631,684,0,Education,2917379,300,Rural,0.31,1.04,57.97,Rejected
37,Female,No,0,Graduate,Private,217102,7385,30871,1348584,366,0,Vehicle,3262077,180,Urban,0.18,6.21,62.09,Approved
22,Female,No,2,Graduate,Business,157560,55456,32451,1290188,625,0,Vehicle,289564,300,Semiurban,0.56,8.19,63.72,Approved
38,Male,No,2,Graduate,Self Employed,107028,37235,13591,552537,613,1,Home,4900654,120,Urban,0.47,5.16,57.6,Approved
40,Male,No,2,Graduate,Business,207657,121783,4046,602829,500,1,Vehicle,2539770,180,Urban,0.61,2.9,48.16,Rejected
58,Male,No,0,Graduate,Private,205711,23087,9947,905518,638,1,Education,1415787,240,Semiurban,0.16,4.4,70.57,Approved
29,Female,Yes,2,Graduate,Self Employed,226492,76192,43075,146418,609,0,Education,3124698,300,Semiurban,0.53,0.65,51.62,Rejected
27,Female,No,4,Graduate,Government,201405,15085,38182,476250,690,1,Vehicle,4117370,180,Urban,0.26,2.36,65.52,Approved
31,Male,No,3,Not Graduate,Government,197810,37853,17499,656570,785,0,Education,4837456,180,Rural,0.28,3.32,71.04,Approved
25,Male,Yes,2,Graduate,Government,153039,58454,9210,1101913,537,1,Vehicle,4140109,60,Semiurban,0.44,7.2,61.12,Approved
32,Female,Yes,4,Graduate,Government,176129,15907,11974,1488652,365,0,Vehicle,4989171,180,Urban,0.16,8.45,65.42,Rejected
42,Male,Yes,2,Graduate,Private,246278,116162,27164,855469,482,0,Education,4811371,180,Semiurban,0.58,3.47,50.76,Rejected
47,Male,Yes,1,Not Graduate,Business,37989,7289,1263,259595,434,0,Personal,3109481,60,Urban,0.23,6.83,57.72,Rejected
45,Male,No,2,Not Graduate,Private,141557,63462,5972,1363956,579,0,Personal,2713847,180,Urban,0.49,9.64,65.95,Rejected
54,Female,No,2,Not Graduate,Government,231340,11636,46388,1441256,558,1,Home,3293220,60,Semiurban,0.25,6.23,68.99,Approved
27,Female,No,3,Not Graduate,Government,247210,57937,31867,314649,872,0,Personal,1170569,120,Urban,0.36,1.27,70.29,Approved
25,Female,No,4,Not Graduate,Private,128874,60476,16521,79542,479,1,Vehicle,2347546,300,Semiurban,0.6,0.62,39.75,Rejected
57,Female,No,1,Not Graduate,Business,249268,133194,2492,129056,654,1,Home,4493835,180,Semiurban,0.54,0.52,53.74,Approved
33,Male,Yes,4,Graduate,Government,131697,10687,26935,383305,552,1,Education,867162,120,Semiurban,0.29,2.91,57.05,Approved
26,Female,Yes,0,Graduate,Private,149938,38803,37472,1448677,451,0,Home,175388,300,Semiurban,0.51,9.66,60.1,Rejected
60,Female,Yes,0,Not Graduate,Self Employed,241258,90959,29310,205539,670,1,Vehicle,3335776,120,Rural,0.5,0.85,56.18,Approved
33,Female,No,3,Not Graduate,Self Employed,242158,21502,48278,601411,645,1,Vehicle,157666,300,Semiurban,0.29,2.48,64.68,Approved
28,Male,No,4,Graduate,Business,118592,7318,27949,461309,431,1,Education,1224178,180,Rural,0.3,3.89,52.76,Approved
27,Male,Yes,0,Not Graduate,Private,26607,13342,3834,80192,544,0,Personal,1460842,180,Semiurban,0.65,3.01,41.9,Rejected
51,Female,No,4,Not Graduate,Self Employed,211839,5694,27846,625951,391,0,Personal,656918,60,Semiurban,0.16,2.95,57.01,Rejected
30,Female,No,1,Graduate,Business,221822,74099,22199,746687,418,1,Education,401089,120,Semiurban,0.43,3.37,51.16,Approved
33,Female,Yes,3,Graduate,Government,33854,8821,5615,1042527,341,1,Home,1939390,180,Rural,0.43,30.79,53.72,Rejected
38,Male,No,2,Not Graduate,Business,35437,12038,3409,853556,871,1,Home,4829974,300,Rural,0.44,24.09,77.05,Approved
32,Female,Yes,3,Graduate,Business,196741,15484,4182,773113,440,1,Education,2356696,60,Rural,0.1,3.93,62.29,Approved
46,Female,Yes,3,Not Graduate,Private,205057,34810,1689,734068,602,0,Education,4881266,240,Semiurban,0.18,3.58,66.78,Approved
27,Female,Yes,3,Graduate,Self Employed,57027,16109,6658,526889,553,0,Personal,4976151,120,Rural,0.4,9.24,63.36,Rejected
30,Female,Yes,0,Not Graduate,Self Employed,50991,17047,5766,1485534,496,1,Education,2131164,60,Rural,0.45,29.13,60.66,Rejected
51,Female,Yes,0,Graduate,Business,54656,8348,12550,1466942,894,0,Education,2091771,240,Urban,0.38,26.84,80.45,Approved
57,Female,Yes,3,Graduate,Business,115408,11564,7622,206522,324,0,Education,4639962,300,Semiurban,0.17,1.79,47.61,Rejected
33,Female,No,0,Graduate,Private,22506,12739,2914,804451,760,1,Vehicle,2190776,240,Rural,0.7,35.74,63.81,Rejected
52,Male,No,2,Graduate,Private,116247,32104,6828,1075909,672,0,Education,339502,120,Urban,0.33,9.26,72.98,Approved
30,Male,Yes,2,Not Graduate,Private,213449,30144,35459,175323,619,1,Vehicle,575697,120,Urban,0.31,0.82,58.47,Approved
51,Female,Yes,2,Not Graduate,Self Employed,85848,16999,5086,773278,678,0,Home,4289025,60,Rural,0.26,9.01,73.86,Approved
32,Male,No,2,Not Graduate,Government,195846,18833,19241,1423671,830,1,Home,4184233,300,Urban,0.19,7.27,83.43,Approved
29,Female,No,1,Graduate,Private,220284,79995,48457,271755,744,1,Personal,2360858,60,Rural,0.58,1.23,56.85,Approved
22,Male,No,4,Not Graduate,Government,37371,20403,2373,169715,676,0,Vehicle,4010114,180,Semiurban,0.61,4.54,52.34,Rejected
23,Male,Yes,2,Not Graduate,Private,188382,16814,43964,349272,430,0,Education,2609391,300,Urban,0.32,1.85,50.68,Rejected
35,Male,No,1,Not Graduate,Business,224045,94905,41498,1418250,667,0,Home,4325021,300,Urban,0.61,6.33,63.0,Rejected
40,Female,No,2,Not Graduate,Private,206148,122792,12292,327199,626,0,Education,4087626,180,Urban,0.66,1.59,49.58,Rejected
31,Female,No,0,Not Graduate,Business,163759,38492,15814,731392,424,1,Vehicle,2503804,240,Urban,0.33,4.47,54.38,Approved
45,Male,No,2,Graduate,Business,113063,27924,17742,1058930,646,0,Personal,1943241,180,Semiurban,0.4,9.37,69.85,Approved
50,Female,No,4,Not Graduate,Business,75463,44824,3437,269362,371,0,Personal,4570389,120,Urban,0.64,3.57,37.46,Rejected
26,Male,Yes,3,Graduate,Self Employed,129990,23270,11680,201857,888,1,Home,938055,60,Urban,0.27,1.55,69.71,Approved
59,Male,Yes,0,Graduate,Self Employed,105420,57881,4629,1379471,812,0,Personal,563373,240,Semiurban,0.59,13.09,72.52,Approved
60,Female,Yes,0,Not Graduate,Business,157070,43235,2431,584562,551,0,Personal,4644726,240,Semiurban,0.29,3.72,59.49,Rejected
47,Female,Yes,2,Graduate,Private,119096,25402,4784,516730,546,0,Education,2415307,240,Rural,0.25,4.34,60.1,Rejected
43,Female,No,3,Not Graduate,Private,23962,10942,2462,1106831,870,1,Personal,4021852,120,Urban,0.56,46.19,72.84,Approved
44,Female,Yes,3,Graduate,Government,247755,131065,58956,1009581,469,1,Home,3157232,120,Urban,0.77,4.07,45.9,Rejected
29,Male,No,3,Graduate,Self Employed,54952,16142,12930,80286,798,0,Personal,1234907,60,Urban,0.53,1.46,54.72,Rejected
56,Female,Yes,3,Not Graduate,Private,54165,9775,7847,276384,619,1,Home,631115,240,Rural,0.33,5.1,60.12,Approved
42,Female,No,1,Not Graduate,Government,112075,20260,17697,840338,790,1,Education,3922026,60,Rural,0.34,7.5,74.43,Approved
33,Female,Yes,3,Not Graduate,Self Employed,235562,42114,36402,92111,507,1,Education,1127731,300,Rural,0.33,0.39,52.74,Approved
57,Female,No,2,Graduate,Government,68837,17659,11027,1023199,838,0,Home,1752344,300,Semiurban,0.42,14.86,77.5,Rejected
60,Female,Yes,4,Graduate,Business,32773,12122,2486,798638,444,1,Home,3425658,180,Semiurban,0.45,24.37,57.67,Rejected
25,Female,No,3,Not Graduate,Business,108803,42360,23998,1197411,582,0,Home,3279899,300,Rural,0.61,11.01,61.92,Rejected
21,Male,Yes,1,Graduate,Self Employed,176870,56118,18686,623162,839,0,Education,3080857,180,Urban,0.42,3.52,68.72,Approved
42,Male,Yes,1,Not Graduate,Business,56330,15517,461,67764,497,0,Education,1781142,240,Semiurban,0.28,1.2,48.24,Rejected
24,Male,No,4,Not Graduate,Government,72146,21377,4366,248324,646,0,Education,1846679,60,Urban,0.36,3.44,57.78,Rejected
60,Male,No,4,Not Graduate,Self Employed,91137,19669,20617,816530,323,1,Home,2124372,240,Urban,0.44,8.96,52.66,Approved
56,Male,No,2,Graduate,Self Employed,244091,15417,45065,1248180,600,1,Personal,4582751,300,Rural,0.25,5.11,69.22,Approved
21,Female,No,0,Graduate,Government,173463,20960,18055,352594,878,1,Education,1781555,60,Semiurban,0.22,2.03,73.28,Approved
37,Female,No,1,Not Graduate,Business,121929,15034,1992,965773,861,0,Home,3887206,240,Rural,0.14,7.92,84.8,Approved
37,Male,No,3,Not Graduate,Business,154314,85029,36218,1077127,433,0,Personal,3533598,120,Semiurban,0.79,6.98,45.81,Rejected
23,Female,Yes,2,Graduate,Business,129090,21758,7784,506785,511,0,Personal,3466976,240,Urban,0.23,3.93,58.86,Rejected
58,Male,Yes,1,Not Graduate,Private,234985,85420,42059,1040395,360,1,Personal,3101189,60,Urban,0.54,4.43,47.98,Approved
24,Female,No,2,Not Graduate,Private,177127,9530,41603,26845,502,1,Home,269000,180,Semiurban,0.29,0.15,51.04,Approved
23,Male,Yes,1,Not Graduate,Private,229056,5572,13485,123288,808,0,Education,655976,240,Semiurban,0.08,0.54,73.65,Approved
30,Female,No,0,Graduate,Business,189398,110577,32011,1289232,848,0,Home,1683903,120,Urban,0.75,6.81,66.29,Approved
47,Male,Yes,0,Graduate,Business,125561,36529,29270,1427255,381,0,Vehicle,280474,120,Rural,0.52,11.37,56.23,Rejected
27,Female,Yes,0,Graduate,Business,34498,7630,7520,875651,373,1,Education,4678821,60,Urban,0.44,25.38,54.78,Rejected
53,Male,Yes,1,Graduate,Business,117798,38629,4506,1397328,449,0,Personal,4105249,240,Rural,0.37,11.86,63.68,Rejected
28,Female,Yes,0,Not Graduate,Private,144550,59414,23794,1376169,742,1,Education,280644,240,Semiurban,0.58,9.52,70.53,Approved
30,Male,No,0,Not Graduate,Private,246759,87065,3605,1432638,442,0,Vehicle,1670825,60,Urban,0.37,5.81,60.1,Approved
45,Male,Yes,2,Graduate,Government,215978,56082,18554,684471,645,0,Personal,308143,300,Semiurban,0.35,3.17,63.28,Approved
25,Male,No,2,Not Graduate,Government,118388,17690,19544,654372,717,1,Home,3998420,60,Rural,0.31,5.53,68.22,Approved
30,Male,No,4,Graduate,Private,183896,34231,11109,521367,689,1,Education,305781,300,Rural,0.25,2.84,66.25,Approved
57,Female,Yes,2,Graduate,Business,201727,106473,4348,1050712,361,0,Home,2757485,300,Rural,0.55,5.21,48.05,Rejected
26,Male,Yes,2,Not Graduate,Business,55315,13653,9161,1218430,555,0,Education,1133569,120,Urban,0.41,22.03,64.51,Rejected
27,Female,Yes,4,Graduate,Business,221880,128591,49426,154238,406,0,Personal,1194778,240,Urban,0.8,0.7,34.24,Rejected
24,Male,No,0,Graduate,Private,210185,79910,50954,827638,782,1,Education,4039719,240,Rural,0.62,3.94,62.36,Approved
22,Male,No,4,Graduate,Government,134232,35520,14099,1468568,611,0,Vehicle,3147367,240,Semiurban,0.37,10.94,71.44,Approved
57,Male,No,3,Not Graduate,Self Employed,41856,21090,7250,234837,627,1,Education,2547744,300,Rural,0.68,5.61,50.45,Rejected
45,Female,Yes,1,Graduate,Business,224276,56397,38485,820323,538,0,Personal,2828725,300,Rural,0.42,3.66,57.51,Rejected
60,Female,Yes,4,Graduate,Private,121697,31503,8241,421640,353,0,Education,1420989,60,Semiurban,0.33,3.46,47.69,Rejected
53,Male,No,0,Graduate,Business,58089,7303,7380,444860,852,0,Personal,665801,300,Rural,0.25,7.66,77.92,Approved
49,Male,Yes,1,Not Graduate,Self Employed,45822,16215,10813,350607,649,1,Education,2062676,300,Urban,0.59,7.65,58.28,Rejected
33,Male,No,4,Not Graduate,Private,239913,141358,6698,1141331,822,1,Vehicle,412487,240,Urban,0.62,4.76,67.13,Approved
39,Male,Yes,4,Graduate,Business,184554,63719,45902,454978,582,1,Education,3969488,180,Rural,0.59,2.47,50.36,Approved
56,Female,Yes,0,Not Graduate,Business,59813,34146,10905,289367,804,0,Vehicle,3239564,240,Semiurban,0.75,4.84,55.21,Rejected
31,Male,Yes,2,Graduate,Self Employed,223975,76940,53093,1110546,353,1,Vehicle,1951333,180,Rural,0.58,4.96,47.15,Approved
36,Male,Yes,0,Not Graduate,Self Employed,128285,64221,22808,175954,467,1,Vehicle,746258,60,Semiurban,0.68,1.37,38.28,Rejected
35,Male,Yes,1,Not Graduate,Government,231007,121550,12672,818888,709,0,Personal,3534505,120,Semiurban,0.58,3.54,60.41,Approved
29,Female,No,3,Graduate,Self Employed,143359,39075,23898,38351,764,0,Education,1317543,120,Rural,0.44,0.27,57.05,Rejected
30,Female,Yes,3,Not Graduate,Business,107169,50328,20722,941374,646,1,Education,4410908,60,Urban,0.66,8.78,60.68,Approved
31,Male,Yes,2,Not Graduate,Business,199933,46488,22671,521339,349,1,Personal,4144749,180,Urban,0.35,2.61,48.35,Approved
59,Male,No,1,Not Graduate,Government,144625,52376,14064,486535,660,0,Vehicle,1502769,120,Rural,0.46,3.36,58.06,Rejected
40,Female,Yes,1,Graduate,Government,45422,20449,1024,86936,706,0,Education,4504821,60,Rural,0.47,1.91,52.84,Rejected
28,Female,Yes,4,Graduate,Business,221642,39139,12513,591063,641,1,Personal,1221062,300,Semiurban,0.23,2.67,65.7,Approved
24,Male,No,0,Not Graduate,Self Employed,225277,5854,16492,1296224,394,0,Personal,4688541,240,Urban,0.1,5.75,65.05,Approved
29,Male,Yes,2,Graduate,Business,33595,15082,6787,304477,493,0,Vehicle,2393059,60,Rural,0.65,9.06,51.85,Rejected
44,Male,Yes,1,Graduate,Private,136852,73321,31893,438825,535,1,Personal,2837187,300,Urban,0.77,3.21,42.6,Rejected
60,Female,Yes,2,Graduate,Business,181230,48815,4383,743986,650,1,Education,2399998,240,Semiurban,0.29,4.11,65.54,Approved
29,Male,No,1,Graduate,Government,128810,36413,12827,624541,774,0,Vehicle,4495153,240,Urban,0.38,4.85,67.78,Approved
39,Male,Yes,2,Graduate,Private,182669,43210,41250,576458,753,1,Home,1740865,240,Semiurban,0.46,3.16,63.21,Approved
59,Male,Yes,2,Not Graduate,Government,49745,12986,144,427784,764,1,Personal,2367904,300,Urban,0.26,8.6,75.23,Approved
58,Male,No,4,Not Graduate,Government,226022,48481,29832,1225444,758,0,Personal,271596,300,Urban,0.35,5.42,73.18,Approved
32,Female,Yes,1,Not Graduate,Private,235085,52727,20813,780673,797,1,Personal,4829959,60,Urban,0.31,3.32,72.08,Approved
30,Male,Yes,0,Graduate,Private,236185,137867,33302,904573,369,1,Education,353541,240,Urban,0.72,3.83,41.77,Rejected
60,Female,Yes,4,Not Graduate,Self Employed,61804,30178,4141,196063,720,1,Vehicle,3038869,120,Rural,0.56,3.17,54.16,Approved
45,Male,Yes,2,Graduate,Business,22449,10958,1818,626357,808,1,Home,1879681,60,Rural,0.57,27.9,69.74,Approved
55,Male,Yes,3,Graduate,Business,112821,31616,11719,159997,529,0,Education,1513433,240,Semiurban,0.38,1.42,49.34,Rejected
40,Female,Yes,1,Not Graduate,Private,103084,52671,18803,1254253,878,0,Education,4715618,60,Rural,0.69,12.17,72.34,Rejected
32,Female,Yes,2,Graduate,Private,138638,35767,31571,1480654,465,0,Education,1774234,300,Semiurban,0.49,10.68,61.64,Rejected
28,Female,Yes,3,Graduate,Private,218380,76888,12417,721393,838,0,Education,4352197,60,Urban,0.41,3.3,70.32,Approved
43,Male,No,2,Graduate,Private,102321,34730,21080,1132373,516,1,Vehicle,1592694,60,Urban,0.55,11.07,60.66,Approved
33,Female,No,4,Not Graduate,Government,101249,22159,9724,58481,361,1,Education,4873059,240,Rural,0.31,0.58,41.8,Rejected
56,Female,Yes,0,Not Graduate,Private,62649,20901,11646,1314218,386,0,Personal,4011491,180,Semiurban,0.52,20.98,54.08,Rejected
43,Female,Yes,3,Not Graduate,Private,22543,7940,5359,24196,326,1,Education,3010724,120,Urban,0.59,1.07,29.84,Rejected
31,Male,No,1,Graduate,Business,61870,9853,14510,594109,776,0,Vehicle,1412977,300,Semiurban,0.39,9.6,74.36,Approved
53,Female,Yes,0,Graduate,Self Employed,146502,23062,19379,715075,320,0,Home,548081,60,Rural,0.29,4.88,51.15,Rejected
41,Female,No,1,Graduate,Private,61951,17556,9928,634137,583,1,Vehicle,1943061,60,Urban,0.44,10.24,65.08,Rejected
29,Male,Yes,0,Not Graduate,Self Employed,191159,49766,34054,458899,667,1,Personal,4044207,300,Semiurban,0.44,2.4,58.94,Approved
29,Male,Yes,3,Not Graduate,Private,85733,41458,6982,375517,883,1,Personal,4230421,180,Urban,0.57,4.38,64.48,Approved
46,Male,Yes,3,Not Graduate,Government,44986,20272,7828,740132,584,1,Vehicle,371624,120,Rural,0.62,16.45,59.02,Rejected
25,Female,Yes,2,Not Graduate,Private,132042,61151,20384,39393,727,0,Personal,1572966,60,Urban,0.62,0.3,49.66,Rejected
34,Male,Yes,4,Not Graduate,Government,195898,45257,29036,861269,646,1,Vehicle,2522861,60,Rural,0.38,4.4,63.96,Approved
55,Female,Yes,1,Not Graduate,Private,37693,11716,443,653926,394,0,Vehicle,4776909,120,Rural,0.32,17.35,59.34,Rejected
47,Male,No,3,Graduate,Government,232879,135896,15200,1164453,612,0,Home,1508872,60,Semiurban,0.65,5.0,57.05,Rejected
46,Male,No,1,Not Graduate,Self Employed,242807,137069,9347,1327906,658,0,Home,4353088,60,Semiurban,0.6,5.47,61.8,Rejected
39,Female,No,1,Graduate,Business,105299,57926,14670,752006,620,0,Home,3139437,60,Semiurban,0.69,7.14,55.37,Rejected
43,Female,Yes,1,Graduate,Self Employed,187769,40932,16468,530854,430,1,Home,122099,120,Urban,0.31,2.83,53.11,Approved
32,Male,Yes,1,Not Graduate,Government,192309,35111,10230,1340979,441,1,Personal,1618162,240,Urban,0.24,6.97,64.17,Approved
24,Female,Yes,0,Not Graduate,Government,27994,13589,2353,239101,324,1,Education,4075657,240,Semiurban,0.57,8.54,45.52,Rejected
33,Male,Yes,4,Not Graduate,Private,194218,88866,31742,996773,510,1,Vehicle,1319621,60,Semiurban,0.62,5.13,52.07,Approved
55,Female,No,1,Graduate,Government,233224,74969,46149,1469675,528,1,Personal,3782645,180,Urban,0.52,6.3,59.82,Approved
34,Male,No,4,Graduate,Government,156970,12020,37576,1140170,406,1,Vehicle,2776932,180,Rural,0.32,7.26,59.37,Approved
29,Female,No,1,Not Graduate,Government,26327,9118,908,81024,477,0,Home,3343153,120,Rural,0.38,3.08,46.98,Rejected
45,Female,Yes,0,Not Graduate,Private,148647,66799,3240,521631,865,0,Personal,1978788,240,Rural,0.47,3.51,67.27,Approved
37,Male,Yes,3,Not Graduate,Self Employed,39761,18875,8645,1099192,801,0,Home,704599,300,Urban,0.69,27.64,66.43,Rejected
25,Male,Yes,4,Not Graduate,Business,91184,5739,12283,1026884,565,1,Education,291652,120,Rural,0.2,11.26,72.83,Approved
26,Female,Yes,3,Not Graduate,Self Employed,96251,44388,730,1004469,486,0,Home,4511651,180,Urban,0.47,10.44,61.39,Rejected
36,Female,Yes,3,Graduate,Private,26476,10419,6223,942601,710,0,Personal,3976158,120,Semiurban,0.63,35.6,63.76,Rejected
47,Male,Yes,4,Not Graduate,Business,65403,11638,15403,1102758,745,0,Vehicle,1959803,300,Semiurban,0.41,16.86,73.32,Rejected
45,Male,No,4,Not Graduate,Business,68727,13766,8332,437502,599,0,Home,2230378,120,Semiurban,0.32,6.37,62.46,Rejected
58,Male,No,1,Not Graduate,Business,98515,41766,6890,23424,557,0,Personal,3208416,180,Semiurban,0.49,0.24,44.35,Rejected
54,Female,Yes,0,Graduate,Self Employed,148538,27161,36127,826783,811,1,Education,3490388,300,Urban,0.43,5.57,70.34,Approved
52,Male,No,2,Not Graduate,Government,26111,12604,856,970534,825,0,Education,3049643,180,Urban,0.52,37.17,72.25,Rejected
32,Female,No,3,Graduate,Private,72869,10032,8566,874298,600,0,Personal,1372421,60,Semiurban,0.26,12.0,71.92,Approved
46,Female,No,4,Not Graduate,Self Employed,218158,64656,22875,1105123,382,0,Vehicle,2013115,180,Rural,0.4,5.07,53.8,Rejected
38,Female,No,3,Graduate,Private,124001,55436,13365,1421723,553,1,Education,1104035,120,Urban,0.55,11.47,62.89,Approved
37,Female,No,3,Not Graduate,Self Employed,242359,71213,3736,539660,656,0,Education,1497831,180,Urban,0.31,2.23,64.03,Approved
59,Male,Yes,2,Not Graduate,Self Employed,110013,57118,26278,382195,444,1,Personal,1690212,240,Urban,0.76,3.47,38.34,Rejected
37,Male,No,3,Not Graduate,Self Employed,179539,33674,13045,1176333,542,1,Personal,1366399,240,Rural,0.26,6.55,66.57,Approved
45,Male,No,1,Graduate,Business,43535,12487,5192,81400,497,1,Vehicle,782674,180,Urban,0.41,1.87,45.39,Rejected
32,Male,Yes,0,Graduate,Self Employed,149416,68760,15081,886140,857,1,Home,2075495,240,Rural,0.56,5.93,69.09,Approved
40,Female,No,0,Graduate,Business,109722,39828,24059,603545,898,1,Home,4355150,180,Urban,0.58,5.5,67.83,Approved
21,Male,Yes,0,Not Graduate,Private,43874,10503,4333,53717,790,1,Education,4142036,300,Semiurban,0.34,1.22,59.17,Rejected
27,Female,No,2,Not Graduate,Private,83824,38875,6534,965844,532,0,Personal,483399,240,Rural,0.54,11.52,60.75,Rejected
40,Female,No,0,Graduate,Government,30485,12694,3633,970142,495,1,Home,2078229,300,Semiurban,0.54,31.82,57.15,Rejected
37,Male,No,2,Graduate,Private,146049,53412,31448,1202871,848,0,Home,3938415,120,Urban,0.58,8.24,72.57,Approved
60,Male,No,1,Not Graduate,Government,60496,5030,10127,1122560,764,1,Vehicle,2719008,240,Semiurban,0.25,18.56,78.86,Approved
24,Male,No,3,Not Graduate,Self Employed,31358,18434,812,288447,831,0,Education,372805,120,Semiurban,0.61,9.2,68.17,Rejected
27,Male,No,1,Not Graduate,Government,29224,6491,72,1121274,504,0,Personal,3216197,120,Semiurban,0.22,38.37,66.83,Rejected
29,Female,Yes,0,Not Graduate,Self Employed,29816,13336,4364,865311,497,1,Personal,3326099,120,Rural,0.59,29.02,55.47,Rejected
40,Male,No,2,Not Graduate,Business,121989,8798,23681,764365,807,0,Home,1509376,60,Rural,0.27,6.27,75.29,Approved
33,Female,No,3,Not Graduate,Private,158639,84439,15201,407685,635,1,Home,2342586,60,Rural,0.63,2.57,50.86,Approved
43,Male,No,4,Not Graduate,Private,45996,22822,10655,1231450,483,1,Education,4791833,180,Semiurban,0.73,26.77,51.47,Rejected
53,Female,No,3,Graduate,Self Employed,200398,83193,47735,1295600,671,1,Personal,4443654,180,Rural,0.65,6.47,61.17,Approved
59,Female,No,2,Graduate,Government,119846,33615,22549,1352122,611,1,Education,2356091,300,Urban,0.47,11.28,67.89,Approved
28,Male,No,0,Graduate,Business,229739,41364,43348,796743,611,0,Personal,1416708,120,Urban,0.37,3.47,62.22,Approved
44,Male,No,4,Not Graduate,Self Employed,222323,77460,34290,54968,845,0,Vehicle,1224645,240,Urban,0.5,0.25,61.86,Rejected
49,Male,Yes,3,Not Graduate,Government,134377,64752,2360,844559,448,1,Personal,775416,240,Rural,0.5,6.28,52.87,Approved
60,Male,No,0,Graduate,Government,179656,47717,28654,1484322,361,1,Home,1615792,120,Urban,0.43,8.26,57.0,Approved
33,Female,No,1,Not Graduate,Business,200030,38499,47277,110062,383,1,Home,1100941,60,Urban,0.43,0.55,43.26,Rejected
31,Male,Yes,3,Graduate,Private,49766,17922,3966,151021,800,1,Personal,1968006,300,Rural,0.44,3.03,60.42,Rejected
29,Female,Yes,1,Not Graduate,Government,178886,98308,21986,1140461,704,0,Vehicle,2538038,240,Rural,0.67,6.38,61.02,Approved
32,Male,Yes,3,Not Graduate,Private,87574,14977,19053,1253575,734,1,Home,244099,240,Semiurban,0.39,14.31,74.47,Approved
29,Female,No,1,Graduate,Government,65717,14707,884,29494,489,0,Education,562445,240,Urban,0.24,0.45,48.14,Rejected
60,Male,Yes,2,Graduate,Self Employed,195452,37148,45243,532007,698,0,Home,2064848,300,Urban,0.42,2.72,61.64,Rejected
33,Male,No,2,Not Graduate,Self Employed,112084,58730,2660,1453445,644,0,Home,4546201,180,Rural,0.55,12.97,66.67,Rejected
57,Female,Yes,2,Graduate,Self Employed,139802,14931,14722,307196,436,0,Education,235087,300,Urban,0.21,2.2,53.0,Rejected
36,Male,Yes,2,Not Graduate,Business,96441,19905,19779,30942,385,1,Home,1958621,300,Semiurban,0.41,0.32,39.27,Rejected
56,Male,Yes,1,Not Graduate,Business,30259,15048,106,257706,478,0,Vehicle,4573443,300,Urban,0.5,8.52,54.46,Rejected
45,Female,No,4,Graduate,Private,249017,18682,50119,130035,696,1,Personal,1802134,180,Semiurban,0.28,0.52,63.65,Approved
56,Male,No,0,Not Graduate,Business,123682,13464,4742,245327,804,1,Education,1263546,240,Semiurban,0.15,1.98,70.23,Approved
32,Male,No,0,Not Graduate,Self Employed,150063,24547,31549,719772,503,1,Education,4708611,300,Rural,0.37,4.8,56.74,Approved
52,Male,No,1,Not Graduate,Private,46794,22609,265,1080359,509,0,Education,4336956,120,Urban,0.49,23.09,59.83,Rejected
52,Female,Yes,2,Graduate,Government,106367,31920,13309,1063873,323,1,Home,3106710,120,Semiurban,0.43,10.0,55.85,Approved
49,Female,No,2,Graduate,Government,118103,36829,21301,90409,499,1,Personal,175475,60,Semiurban,0.49,0.77,43.67,Rejected
48,Male,No,0,Graduate,Government,45481,23478,10193,726300,303,0,Education,1522664,240,Semiurban,0.74,15.97,43.08,Rejected
47,Male,No,0,Not Graduate,Self Employed,112014,57450,4256,29844,669,0,Vehicle,2304535,60,Semiurban,0.55,0.27,48.22,Rejected
52,Male,Yes,4,Not Graduate,Business,68512,21500,15183,603656,452,1,Personal,4974922,180,Rural,0.54,8.81,54.39,Rejected
52,Female,No,2,Graduate,Business,130984,54064,12408,453026,412,1,Personal,1808852,120,Rural,0.51,3.46,45.24,Approved
56,Female,No,4,Not Graduate,Government,201922,119449,32364,275064,740,0,Vehicle,1220400,300,Rural,0.75,1.36,51.14,Rejected
29,Male,Yes,1,Graduate,Business,70484,7496,4983,742662,452,0,Personal,1163224,300,Rural,0.18,10.54,67.6,Rejected
54,Male,No,1,Not Graduate,Government,162151,67696,35609,373295,623,0,Vehicle,3263739,240,Rural,0.64,2.3,49.67,Rejected
21,Female,No,0,Not Graduate,Government,120434,13830,8166,257031,454,0,Education,4526398,300,Rural,0.18,2.13,53.78,Rejected
55,Male,No,1,Not Graduate,Self Employed,125535,71585,15612,573168,443,0,Home,2009484,300,Semiurban,0.69,4.57,43.0,Rejected
40,Female,No,0,Graduate,Self Employed,168875,100652,20770,643110,676,1,Personal,798479,240,Urban,0.72,3.81,52.85,Approved
39,Female,No,0,Not Graduate,Private,121227,20943,8443,712356,373,0,Personal,2023015,120,Urban,0.24,5.88,55.91,Approved
54,Male,No,3,Graduate,Business,236483,32246,23562,834547,411,0,Personal,4181753,120,Semiurban,0.24,3.53,57.7,Rejected
24,Female,No,4,Not Graduate,Government,130342,43157,24372,128870,735,1,Personal,531885,180,Rural,0.52,0.99,54.32,Approved
39,Female,No,0,Graduate,Private,146429,23366,17142,345234,848,0,Personal,3646140,240,Semiurban,0.28,2.36,69.96,Approved
59,Female,Yes,2,Graduate,Private,102733,57186,19695,684538,807,1,Vehicle,1010537,120,Urban,0.75,6.66,60.85,Approved
52,Female,Yes,1,Not Graduate,Business,226435,77357,12257,444460,861,0,Education,1037737,240,Rural,0.4,1.96,69.38,Approved
37,Female,No,2,Not Graduate,Private,216708,84147,41175,390934,617,1,Education,4454968,60,Semiurban,0.58,1.8,52.35,Approved
29,Female,No,4,Not Graduate,Business,240739,24081,12435,204978,631,1,Education,1673948,240,Semiurban,0.15,0.85,64.83,Approved
48,Male,Yes,1,Not Graduate,Government,133591,24339,18687,1493428,582,1,Education,1636863,240,Urban,0.32,11.18,71.55,Approved
40,Female,No,3,Not Graduate,Self Employed,101931,9412,3430,1319344,592,0,Home,1966521,240,Urban,0.13,12.94,76.61,Approved
60,Female,Yes,0,Not Graduate,Business,149139,19849,23885,1446794,891,1,Education,730978,300,Semiurban,0.29,9.7,86.17,Approved
38,Female,No,4,Not Graduate,Government,89054,7532,20098,962780,764,1,Personal,4363590,180,Urban,0.31,10.81,78.21,Approved
30,Female,No,0,Not Graduate,Private,114900,13861,19593,473538,478,0,Education,3503193,300,Rural,0.29,4.12,55.35,Rejected
52,Male,Yes,2,Not Graduate,Private,51248,21714,7057,595146,645,0,Home,3753323,60,Semiurban,0.56,11.61,63.87,Rejected
60,Male,No,2,Graduate,Business,110495,47115,5338,358352,757,0,Personal,3071667,180,Semiurban,0.47,3.24,60.31,Rejected
52,Male,Yes,3,Not Graduate,Private,230401,6186,40974,304705,876,1,Home,308853,180,Rural,0.2,1.32,74.65,Approved
47,Male,Yes,3,Not Graduate,Government,222259,80847,29652,865935,450,0,Education,814377,120,Rural,0.5,3.9,51.77,Rejected
56,Male,No,1,Graduate,Government,211895,79486,26603,1155115,766,0,Vehicle,2614888,60,Semiurban,0.5,5.45,68.4,Approved
52,Female,Yes,3,Graduate,Government,93109,19150,5351,1098173,393,0,Education,4171336,120,Urban,0.26,11.79,63.3,Rejected
50,Female,No,1,Not Graduate,Business,69629,36338,15414,345635,576,0,Education,3030437,300,Urban,0.74,4.96,46.02,Rejected
38,Male,No,2,Graduate,Business,163136,6054,37464,1348554,678,0,Personal,3687140,180,Semiurban,0.27,8.27,75.19,Approved
24,Female,No,4,Not Graduate,Business,70053,22721,1176,1022808,521,0,Vehicle,2993211,240,Rural,0.34,14.6,65.72,Rejected
53,Male,Yes,1,Graduate,Self Employed,42838,6159,8988,401719,446,0,Vehicle,570722,120,Urban,0.35,9.38,59.68,Rejected
37,Female,No,2,Graduate,Private,120661,63026,25516,1147954,537,1,Vehicle,2961953,180,Rural,0.73,9.51,55.71,Approved
23,Female,No,4,Graduate,Private,151985,23449,15228,1457677,407,0,Education,4291659,240,Rural,0.25,9.59,65.72,Rejected
38,Female,No,4,Graduate,Private,113351,29760,12428,526376,830,0,Home,1618052,240,Urban,0.37,4.64,69.54,Approved
46,Female,No,3,Not Graduate,Private,28697,13724,6667,664855,484,1,Personal,3878857,240,Urban,0.71,23.17,51.34,Rejected
29,Male,No,4,Graduate,Government,208777,92050,16989,896578,536,1,Home,1286671,60,Urban,0.52,4.29,55.09,Approved
43,Female,No,0,Graduate,Government,87098,43430,2980,378518,486,1,Education,1687788,60,Rural,0.53,4.35,47.79,Approved
58,Female,Yes,4,Not Graduate,Private,188969,59435,44135,678972,406,0,Vehicle,4327293,60,Urban,0.55,3.59,46.35,Rejected
21,Male,Yes,0,Not Graduate,Private,46609,26862,11500,1361037,859,0,Education,685862,120,Semiurban,0.82,29.2,65.35,Rejected
60,Male,Yes,0,Not Graduate,Private,105078,53124,23588,1257209,785,0,Personal,4468203,60,Semiurban,0.73,11.96,67.19,Rejected
41,Female,Yes,3,Graduate,Government,47107,18638,11430,719457,865,1,Vehicle,3610492,120,Urban,0.64,15.27,71.18,Rejected
37,Female,No,0,Not Graduate,Private,133278,5099,26198,696189,732,0,Vehicle,2287982,60,Rural,0.23,5.22,71.27,Approved
54,Female,Yes,0,Not Graduate,Self Employed,67688,33616,4263,322501,892,0,Home,2475292,240,Semiurban,0.56,4.76,65.09,Rejected
27,Female,No,3,Graduate,Self Employed,69708,14196,14829,634177,549,0,Education,3408164,240,Semiurban,0.42,9.1,62.89,Rejected
37,Male,Yes,0,Not Graduate,Self Employed,229518,116811,25274,1238585,674,0,Vehicle,4896949,240,Urban,0.62,5.4,61.36,Rejected
49,Male,Yes,2,Graduate,Business,195926,67221,25075,762179,458,0,Vehicle,3300472,120,Urban,0.47,3.89,51.84,Rejected
40,Female,Yes,4,Graduate,Private,187057,107819,33799,1116978,372,1,Home,3927543,60,Urban,0.76,5.97,43.25,Approved
39,Female,Yes,3,Graduate,Self Employed,215138,9692,1714,963875,622,0,Education,4948116,240,Semiurban,0.05,4.48,73.62,Approved
30,Male,Yes,3,Graduate,Self Employed,127336,69726,14545,648149,812,0,Home,194935,60,Semiurban,0.66,5.09,61.51,Approved
33,Female,No,1,Not Graduate,Private,75534,33642,2687,1157385,900,0,Home,2756676,180,Rural,0.48,15.32,78.59,Rejected
48,Female,No,1,Not Graduate,Private,164177,69545,36186,245722,816,1,Personal,2652416,240,Semiurban,0.64,1.5,56.51,Approved
32,Male,Yes,1,Not Graduate,Self Employed,35191,17832,4741,863934,371,1,Education,4159116,60,Rural,0.64,24.55,48.65,Rejected
47,Female,Yes,4,Graduate,Business,130093,11809,8374,1398254,889,0,Home,1963953,240,Urban,0.16,10.75,90.06,Approved
30,Male,Yes,1,Not Graduate,Government,225698,128474,54537,163273,517,1,Education,1365664,60,Rural,0.81,0.72,39.13,Rejected
48,Female,Yes,4,Not Graduate,Self Employed,146567,50200,4424,1317986,741,1,Home,3821293,240,Semiurban,0.37,8.99,75.6,Approved
22,Male,Yes,3,Not Graduate,Government,97833,20185,17842,506693,753,1,Personal,2975479,120,Urban,0.39,5.18,66.08,Approved
56,Male,Yes,3,Graduate,Government,96811,33142,16049,244564,658,0,Personal,4628600,300,Rural,0.51,2.53,52.93,Rejected
56,Male,No,0,Graduate,Private,214331,114155,11123,632146,817,0,Home,3259165,60,Semiurban,0.58,2.95,63.25,Approved
33,Female,No,2,Not Graduate,Self Employed,189046,56782,28593,528594,883,1,Personal,4597358,60,Rural,0.45,2.8,68.85,Approved
29,Female,No,4,Not Graduate,Private,148111,62764,24175,1253313,610,1,Home,1533264,240,Rural,0.59,8.46,62.35,Approved
24,Male,Yes,2,Not Graduate,Self Employed,113064,45125,10310,1025230,692,0,Home,4080631,60,Rural,0.49,9.07,68.7,Rejected
25,Male,No,0,Not Graduate,Government,164773,64739,7263,883067,620,0,Personal,4023815,60,Urban,0.44,5.36,61.76,Approved
49,Female,Yes,1,Not Graduate,Private,95460,15005,18057,225766,738,1,Vehicle,2115954,300,Semiurban,0.35,2.37,60.96,Approved
41,Female,No,1,Not Graduate,Private,92961,22834,20957,928384,654,0,Education,4987522,120,Rural,0.47,9.99,68.63,Rejected
23,Male,No,4,Graduate,Private,72133,36667,5898,780005,886,1,Education,2798591,60,Semiurban,0.59,10.81,74.56,Approved
47,Male,Yes,0,Not Graduate,Business,108276,39477,13067,752076,396,0,Vehicle,344291,120,Semiurban,0.49,6.95,51.26,Rejected
44,Female,Yes,4,Graduate,Government,129052,57413,21442,72364,664,1,Education,4126975,120,Rural,0.61,0.56,47.46,Rejected
27,Male,No,0,Graduate,Business,212255,99425,14013,1142336,335,0,Education,2160663,300,Rural,0.53,5.38,48.11,Rejected
35,Female,Yes,1,Not Graduate,Government,23518,13183,5427,1115863,763,0,Personal,4935729,60,Semiurban,0.79,47.45,61.11,Rejected
33,Male,Yes,3,Not Graduate,Government,129836,76246,1375,75438,576,1,Home,953554,180,Urban,0.6,0.58,44.02,Rejected
42,Female,Yes,0,Graduate,Business,153325,63976,5270,1026716,360,0,Personal,541338,180,Semiurban,0.45,6.7,51.98,Rejected
44,Male,Yes,4,Not Graduate,Government,34932,15689,5322,402674,569,0,Home,1199583,180,Semiurban,0.6,11.53,58.64,Rejected
37,Male,Yes,2,Graduate,Private,65646,10489,5670,1430059,609,0,Personal,1283228,180,Rural,0.25,21.78,72.31,Approved
33,Male,Yes,1,Not Graduate,Government,82622,13852,4576,1040384,732,0,Vehicle,4156166,180,Semiurban,0.22,12.59,79.15,Approved
52,Male,Yes,4,Graduate,Government,239855,13038,55032,942998,869,0,Education,3616561,240,Semiurban,0.28,3.93,77.57,Approved
54,Female,No,1,Graduate,Business,187230,90280,12529,518365,659,1,Vehicle,1937979,240,Urban,0.55,2.77,55.84,Approved
25,Male,Yes,1,Graduate,Self Employed,247424,26891,13409,831445,517,1,Vehicle,301715,240,Urban,0.16,3.36,64.71,Approved
41,Male,Yes,1,Not Graduate,Government,226247,109419,7382,838565,541,1,Vehicle,3068571,240,Rural,0.52,3.71,55.02,Approved
36,Female,Yes,2,Graduate,Government,84228,22523,4117,918019,303,0,Education,2082054,120,Urban,0.32,10.9,57.35,Approved
46,Male,No,1,Not Graduate,Government,54093,11043,9900,644234,314,0,Education,2870712,60,Urban,0.39,11.91,54.5,Rejected
21,Male,Yes,4,Not Graduate,Government,170671,80409,27057,748139,728,1,Vehicle,3286258,180,Rural,0.63,4.38,59.06,Approved
43,Male,No,0,Graduate,Government,78250,15547,19437,314229,874,1,Vehicle,1557157,120,Urban,0.45,4.02,66.59,Approved
34,Female,Yes,1,Graduate,Government,222010,36833,54288,493024,338,0,Personal,2526989,120,Rural,0.41,2.22,46.03,Rejected
42,Female,Yes,1,Graduate,Private,176298,31051,114,1229155,646,1,Home,321374,120,Urban,0.18,6.97,74.4,Approved
49,Female,Yes,0,Graduate,Private,105350,28409,12872,1255708,516,0,Education,159192,240,Rural,0.39,11.92,65.39,Approved
31,Male,Yes,2,Graduate,Self Employed,93791,24770,7569,1044828,551,0,Vehicle,2012369,180,Rural,0.34,11.14,67.9,Approved
47,Male,No,3,Graduate,Government,29170,17053,4806,1037923,691,0,Home,2828868,120,Semiurban,0.75,35.58,59.4,Rejected
36,Female,No,3,Not Graduate,Government,80690,42888,3100,585175,449,0,Home,4285352,180,Semiurban,0.57,7.25,50.59,Rejected
60,Female,Yes,2,Graduate,Government,239154,82933,1901,223175,540,1,Vehicle,1456913,300,Semiurban,0.35,0.93,54.79,Approved
36,Male,No,0,Not Graduate,Private,160427,41957,779,1135885,845,1,Education,1960114,300,Urban,0.27,7.08,80.14,Approved
32,Female,Yes,0,Graduate,Government,32805,18509,4699,1355641,392,1,Vehicle,4749099,180,Rural,0.71,41.32,47.51,Rejected
26,Female,No,4,Not Graduate,Business,161658,67524,2068,404880,438,0,Education,225189,120,Rural,0.43,2.5,48.03,Rejected
44,Male,No,1,Graduate,Business,181923,39742,575,293533,370,1,Personal,3669939,300,Urban,0.22,1.61,50.3,Approved
35,Female,No,1,Not Graduate,Private,57440,13857,11223,612187,743,0,Education,2898098,180,Semiurban,0.44,10.66,72.22,Rejected
28,Female,No,3,Graduate,Private,108607,48205,11282,186184,791,0,Education,2453436,300,Semiurban,0.55,1.71,56.5,Rejected
50,Male,No,0,Not Graduate,Business,249746,77932,24764,216835,760,0,Vehicle,2000355,240,Urban,0.41,0.87,63.17,Rejected
47,Female,No,3,Graduate,Self Employed,209646,96240,32066,654508,304,0,Home,3334806,60,Urban,0.61,3.12,39.78,Rejected
53,Female,Yes,0,Not Graduate,Government,48211,5847,7027,631337,820,0,Home,1730307,120,Semiurban,0.27,13.1,80.36,Rejected
53,Female,Yes,0,Graduate,Business,157650,44417,35458,1343165,618,1,Vehicle,2299034,60,Rural,0.51,8.52,65.61,Approved
25,Male,No,1,Graduate,Self Employed,35499,11954,1349,533576,869,0,Personal,4076219,120,Rural,0.37,15.03,78.8,Rejected
60,Female,Yes,0,Not Graduate,Self Employed,136229,72781,9406,454356,894,1,Education,2810467,240,Rural,0.6,3.34,63.75,Approved
50,Female,No,4,Not Graduate,Self Employed,78759,34484,18252,1000554,842,1,Vehicle,3830026,60,Urban,0.67,12.7,70.48,Approved
54,Female,Yes,2,Graduate,Self Employed,24740,12101,1630,466451,789,1,Vehicle,3831320,120,Rural,0.56,18.85,69.41,Approved
47,Female,Yes,1,Not Graduate,Government,81431,32323,2150,716193,527,1,Vehicle,497521,240,Rural,0.42,8.8,61.57,Approved
